index,url,valid,domain,title,description,image,published,archive,content,quote,language,keyword
https://www.zeit.de/wissenschaft/2026-08/zivilschutz-massnahme-initiative-krisenpodcast,https://www.zeit.de/wissenschaft/2026-08/zivilschutz-massnahme-initiative-krisenpodcast,0,www.zeit.de,Zivilschutz: »Im Zweifelsfall rettet mich der Staat – das ist halt nicht so«,"Zivilschutz, was bedeutet das? Die Friedensforscherin Ursula Schröder sagt: Wir dürfen uns bei Flut, Stromausfall oder gar Krieg nicht nur auf den Staat verlassen.",https://img.zeit.de/politik/deutschland/2026-08/auch-das-noch-krisenpodcast-staat-rettet-bild/wide__1300x731,2026-09-01T04:00:09Z,,"Wer hilft, wenn es ernst wird? Beim Zivilschutz geht es auch darum, selbst Verantwortung zu übernehmen.© Joshua Earle/unsplash.com
Von Schutz in Krisenzeiten handelt das neue Buch der Friedens- und … [+2293 chars]",,de,'Krieg'
https://www.zeit.de/news/2026-09/01/details-zu-oel-deal-zwischen-usa-und-venezuela-veroeffentlicht,https://www.zeit.de/news/2026-09/01/details-zu-oel-deal-zwischen-usa-und-venezuela-veroeffentlicht,0,www.zeit.de,Rohstoff-Deal: Details zu Öl-Deal zwischen USA und Venezuela veröffentlicht,Hier finden Sie Informationen zu dem Thema „Rohstoff-Deal“. Lesen Sie jetzt „Details zu Öl-Deal zwischen USA und Venezuela veröffentlicht“.,https://img.zeit.de/news/2026-09/01/details-zu-oel-deal-zwischen-usa-und-venezuela-veroeffentlicht-image-group/wide__1300x731,2026-09-01T08:58:23Z,,"Die US-Regierung hat Details zu ihrem geplanten Öl-Abkommen mit Venezuela veröffentlicht. Eine zentrale Rolle soll dabei das Unternehmen North American Blue Energy Partners (NABEP) übernehmen, wie au… [+2485 chars]",,de,'Öl'
https://www.n-tv.de/wirtschaft/Ifo-rechnet-mit-hoeherer-Inflation-im-naechsten-Jahr-id31254605.html,https://www.n-tv.de/wirtschaft/Ifo-rechnet-mit-hoeherer-Inflation-im-naechsten-Jahr-id31254605.html,0,www.n-tv.de,Keine Entspannung in Sicht: Ifo rechnet mit höherer Inflation im nächsten Jahr,"Wer hofft, dass im nächsten Jahr zumindest wirtschaftlich alles besser wird, wird nun enttäuscht: Denn das Ifo-Institut legt eine Prognose für die Teuerungsrate 2027 vor - wonach die Inflation höher ausfallen könnte als in diesem Jahr.",https://www.n-tv.de/img/31254614/1788254073/Img_16_9/1200/615305272.jpg,2026-09-01T09:12:12Z,,"Die Inflation in Deutschland ist im August wegen teurer Energie wieder stärker gestiegen. (Foto: picture alliance / SvenSimon)
Wer hofft, dass im nächsten Jahr zumindest wirtschaftlich alles besser … [+2384 chars]",,de,'Inflation'
https://www.zeit.de/wirtschaft/2026-09/inflation-eurozone-verbraucherpreise-ezb-zinserhoehung-gxe,https://www.zeit.de/wirtschaft/2026-09/inflation-eurozone-verbraucherpreise-ezb-zinserhoehung-gxe,0,www.zeit.de,"Eurozone: Inflation im Euroraum steigt laut Schätzung auf 3,3 Prozent",Die Preise in der Eurozone sind im August deutlich gestiegen. Treiber der Inflation sind die Energiekosten. In anderen Bereichen fällt die Teuerung moderater aus.,https://img.zeit.de/wirtschaft/2026-09/inflation-eurozone-verbraucherpreise-ezb-zinserhoehung-foto-1/wide__1300x731,2026-09-01T09:26:27Z,,"Die Inflation im Euroraum ist im August auf 3,3 Prozent gestiegen. Das teilte das EU-Statistikamt Eurostat mit. Bei den Zahlen handelt es sich um eine Schätzung, die auf vorläufigen Zahlen beruht. Im… [+1725 chars]",,de,'Heizen'
https://www.sueddeutsche.de/wirtschaft/inflation-europa-deutschland-zinsen-ezb-leitzins-li.3540516,https://www.sueddeutsche.de/wirtschaft/inflation-europa-deutschland-zinsen-ezb-leitzins-li.3540516,0,www.sueddeutsche.de,"Energiekrise: Inflation im Euroraum bei 3,3 Prozent","Der Krieg in Iran macht das Leben in Europa teurer. Die Inflationsrate liegt deutlich höher, als die EZB es anstrebt. Eine baldige Zinserhöhung deutet sich an.",https://www.sueddeutsche.de/2026/09/01/e5893b56-2e01-4367-84f9-0ef109e70f83.jpg?q=60&fm=webp&width=1200&rect=0%2C209%2C4000%2C2250,2026-09-01T09:56:41Z,,"Volkswirte rechnen fest damit, dass die EZB bei ihrem Zinsentscheid am 10. September die Leitzinsen erhöht. Eine Zinserhöhung auf der EZB-Sitzung nächste Woche ist überfällig, schrieb Commerzbank-Che… [+1094 chars]",,de,'Krieg'
https://www.zeit.de/news/2026-09/01/schwerer-luftangriff-auf-kiew-mit-toten-und-verletzten,https://www.zeit.de/news/2026-09/01/schwerer-luftangriff-auf-kiew-mit-toten-und-verletzten,0,www.zeit.de,Krieg gegen die Ukraine: Schwerer Luftangriff auf Kiew mit Toten und Verletzten,Hier finden Sie Informationen zu dem Thema „Krieg gegen die Ukraine“. Lesen Sie jetzt „Schwerer Luftangriff auf Kiew mit Toten und Verletzten“.,https://img.zeit.de/news/2026-09/01/schwerer-luftangriff-auf-kiew-mit-toten-und-verletzten-image-group/wide__1300x731,2026-09-01T12:56:50Z,,Durch einen massiven russischen Luftangriff mit ballistischen Raketen und Drohnen sind in der Ukraine mindestens zwölf Menschen getötet und Dutzende verletzt worden. Das teilte der ukrainische Präsid… [+5162 chars],,de,'Krieg'
https://www.sueddeutsche.de/sport/dfb-pokal-nachholspiel-osnabrueck-bayern-li.3537635,https://www.sueddeutsche.de/sport/dfb-pokal-nachholspiel-osnabrueck-bayern-li.3537635,0,www.sueddeutsche.de,"Pokalgegner VfL Osnabrück: Großartig, die Bayern kommen!",Für einen Abend im DFB-Pokal wird am Mittwoch etwas Glamour in den Nischenstandort Osnabrück einkehren. Denn ansonsten ist der Klub gefangen zwischen zwei Welten.,https://www.sueddeutsche.de/2026/09/01/9674f1d3-7ed2-4c19-8cc1-53978ced5da0.jpg?q=60&fm=webp&width=1200&rect=0%2C141%2C4000%2C2250,2026-09-01T14:11:29Z,,"An diesem Mittwoch (20.45 Uhr, Liveticker SZ.de) steht für den Zweitligaaufsteiger ein früher Saisonhöhepunkt auf dem Programm, in der ersten DFB-Pokalrunde geht es gegen niemand Geringeren als den F… [+5496 chars]",,de,'Bayern'
https://www.bild.de/sport/fussball/lena-oberdorf-feiert-emotionales-comeback-fuer-den-fc-bayern-nach-316-tagen-6a9672e37a8c285934e6e32b,https://www.bild.de/sport/fussball/lena-oberdorf-feiert-emotionales-comeback-fuer-den-fc-bayern-nach-316-tagen-6a9672e37a8c285934e6e32b,0,www.bild.de,Nach 316 Tagen - Emotionales Comeback von Bayern-Star,Nach 316 Tagen Leidenszeit feiert Lena Oberdorf ihr Comeback für Bayern. Was sie nach dem 2:0 gegen Mainz über ihre Rückkehr und die Emotionen sagt.,"https://images.bild.de/6a9672e37a8c285934e6e32b/09d21ab41023699cdf43067296da3d4d,498ff1af?w=1280",2026-09-01T14:11:55Z,,"TTS-Player überspringenArtikel weiterlesenIhre lange Leidenszeit ist vorbei. 316 Tage, nachdem sie zum zweiten Mal innerhalb von 15 Monaten einen Kreuzbandriss erlitten hatte, kehrte Bayern-Star 
Le… [+1728 chars]",,de,'Bayern'
https://www.dw.com/de/johann-wadephul-deutschland-algerien-erdgas-energie/a-78620746,https://www.dw.com/de/johann-wadephul-deutschland-algerien-erdgas-energie/a-78620746,0,www.dw.com,Wadephul sieht Algerien als Energie-Retter für Deutschland,"Die deutschen Gasspeicher sind halbleer - was wenige Monate vor dem Winter vielerorts Sorgen auslöst. Der Bundesaußenminister hofft auf Hilfe aus dem Maghreb. Erdgas aus Algerien könnte nach Ansicht von Außenminister Johann Wadephul langfristig dabei helfen, …",https://static.dw.com/image/78584547_6.jpg,2026-09-01T14:23:00Z,,"Erdgas aus Algerien könnte nach Ansicht von Außenminister Johann Wadephul langfristig dabei helfen, die Gasspeicher in Deutschland zu füllen. ""Diversifizierung ist absolut das Gebot der Stunde"", sagt… [+2045 chars]",,de,'Gas'
https://www.zeit.de/news/2026-09/01/fc-bayern-verleiht-talent-ibrahimovic-nach-augsburg,https://www.zeit.de/news/2026-09/01/fc-bayern-verleiht-talent-ibrahimovic-nach-augsburg,0,www.zeit.de,Fußball-Bundesliga: FC Bayern verleiht Talent Ibrahimovic nach Augsburg,Hier finden Sie Informationen zu dem Thema „Fußball-Bundesliga“. Lesen Sie jetzt „FC Bayern verleiht Talent Ibrahimovic nach Augsburg“.,https://img.zeit.de/news/2026-09/01/fc-bayern-verleiht-talent-ibrahimovic-nach-augsburg-image-group/wide__1300x731,2026-09-01T14:54:21Z,,Der FC Bayern München verleiht Offensiv-Talent Arijon Ibrahimovic für diese Saison an den FC Augsburg. Der 20-Jährige soll beim nicht weit entfernten Nachbarn in der Fußball-Bundesliga die Spielpraxi… [+1595 chars],,de,'Bayern'
https://www.focus.de/kultur/kino-tv/1-runde-dfb-pokal-live-hamburg-eimsbuetteler-bc-vs-dortmund-laeuft-heute-im-free-tv_961008f8-a4fa-46e5-9d68-ab629e897c5d.html,https://www.focus.de/kultur/kino-tv/1-runde-dfb-pokal-live-hamburg-eimsbuetteler-bc-vs-dortmund-laeuft-heute-im-free-tv_961008f8-a4fa-46e5-9d68-ab629e897c5d.html,0,www.focus.de,1. Runde DFB-Pokal live: Hamburg Eimsbütteler BC vs. Dortmund läuft heute im Free-TV,Am Dienstagabend (1. September) empfängt der Fünftligist Hamburg Eimsbütteler BC im DFB-Pokal Borussia Dortmund. Nach dem Supercup starten BVB und Bayern verspätet in den Pokal – das Spiel läuft live im Free-TV.,"https://quadro.burda-forward.de/ctf/639d01ab-9cf3-40a4-9410-c9374a7c50e8.0484ee3a-a7b7-45c0-b137-186715e82a65.jpg?im=RegionOfInterestCrop=(1200,630),regionOfInterest=(2331,1189)&hash=823eeaa8ad82753eaade5d3606fd238294683c2820436022a472542c81f64ef3",2026-09-01T16:15:00Z,,Für den Hamburg Eimsbütteler BC steht ein historischer Fußballabend bevor: Der Oberligist empfängt in der ersten Runde des DFB-Pokals Borussia Dortmund. Im Hamburger Volksparkstadion werden 39.400 Zu… [+1630 chars],,de,'Bayern'
https://www.n-tv.de/sport/fussball/Was-vom-Woltemade-Hype-uebrig-blieb-id31255392.html,https://www.n-tv.de/sport/fussball/Was-vom-Woltemade-Hype-uebrig-blieb-id31255392.html,0,www.n-tv.de,Überhaupt noch einer für Klopp?: Was vom Woltemade-Hype übrig blieb,"Um Nick Woltemade feilschte vor einem Jahr noch der FC Bayern. Mittlerweile muss der Nationalspieler schauen, dass er für den künftigen Bundestrainer Jürgen Klopp überhaupt noch interessant bleibt. Findet er nun die neue Liebe bei Juventus?",https://www.n-tv.de/img/31255466/1788261343/Img_16_9/1200/604056857.jpg,2026-09-01T17:04:06Z,,"Um Nick Woltemade feilschte vor einem Jahr noch der FC Bayern. Mittlerweile muss der Nationalspieler schauen, dass er für den künftigen Bundestrainer Jürgen Klopp überhaupt noch interessant bleibt. F… [+3437 chars]",,de,'Bayern'
https://www.faz.net/aktuell/sport/fussball/fussball-transferticker-nick-woltemade-wechselt-auf-leihbasis-zu-juventus-turin-18134600.html,https://www.faz.net/aktuell/sport/fussball/fussball-transferticker-nick-woltemade-wechselt-auf-leihbasis-zu-juventus-turin-18134600.html,0,www.faz.net,Fußball-Transferticker: Nick Woltemade wechselt auf Leihbasis zu Juventus Turin,Deutscher Nationalspieler kommt von Newcastle United +++ Vieira kehrt nach Hamburg zurück +++ Freiburg kauft Toptalent und gibt es gleich wieder ab +++ Ibrahimovic verlässt FC Bayern +++ alle Infos im Transferticker.,https://media0.faz.net/image/w1200h627/fb6d9a4b4dd4/w1595h833x0y32o/202609/43601.0.2493935239/nick-woltemade-traegt-in-der.webp,2026-09-01T18:12:00Z,,Der brasilianische Außenverteidiger Arthur wechselt innerhalb der Fußball-Bundesliga von Bayer Leverkusen zu Werder Bremen. Beide Clubs einigten sich am letzten Tag der Transferfrist auf ein Leihgesc… [+854 chars],,de,'Bayern'
https://www.bild.de/sport/fussball/fc-bayern-vorbereitung-auf-osnabrueck-ploetzlich-schlaegt-trainer-kompany-selbst-die-flanken-6a96ddabd32756d4be19b9ba,https://www.bild.de/sport/fussball/fc-bayern-vorbereitung-auf-osnabrueck-ploetzlich-schlaegt-trainer-kompany-selbst-die-flanken-6a96ddabd32756d4be19b9ba,0,www.bild.de,Bayern-Vorbereitung auf Osnabrück - Plötzlich schlägt Kompany selbst die Flanken!,In der Vorbereitung auf das DFB-Pokalspiel in Osnabrück: Solche Einlagen von Trainer Vincent Kompany gibt's an der Säbener Straße nicht alle Tage zu sehen!,"https://images.bild.de/6a96ddabd32756d4be19b9ba/189a2a947ad2d44b79f322d7e22e7ffb,16a47c79?w=1280",2026-09-01T20:32:02Z,,TTS-Player überspringenArtikel weiterlesenMünchen Das gibt's an der Säbener Straße nicht alle Tage zu sehen! Am Dienstagmittag absolvierten die Bayern ihr Abschlusstraining vor dem Erstrunden-Spiel i… [+2454 chars],,de,'Bayern'
https://www.faz.net/aktuell/politik/inland/liveblog-bundespolitik-putin-nennt-deutsche-strafmassnahmen-einen-schweren-fehler-faz-110093143.html,https://www.faz.net/aktuell/politik/inland/liveblog-bundespolitik-putin-nennt-deutsche-strafmassnahmen-einen-schweren-fehler-faz-110093143.html,0,www.faz.net,Deutschland-Liveblog: Putin bezeichnet deutsche Strafmaßnahmen als „schweren Fehler“,Russischer Präsident hält Beweise zu Leipziger Drohnenvorfall für „gefälscht“ +++ Moskau will auf Berlins „antirussische Entscheidung“ reagieren +++ Bundesregierung geht nach Drohnenangriff gegen Russland vor +++ alle Entwicklungen im Liveblog,https://media0.faz.net/image/w1200h627/2778bb1ff6bd/w5335h2787x0y342o/202609/43601.0.2494335629/wladimir-putin-bei-der.webp,2026-09-01T21:30:17Z,,"Die F.A.Z. hat gesicherte Informationen, dass die Bundesregierung Russland für die Drohnenattacke in Leipzig verantwortlich macht. Fachleute hatten schon unmittelbar danach einen Angriff Russlands ve… [+1704 chars]",,de,'Putin'
https://www.zeit.de/news/2026-09/01/selenskyj-warnt-vor-fluegen-ueber-russland-putin-droht,https://www.zeit.de/news/2026-09/01/selenskyj-warnt-vor-fluegen-ueber-russland-putin-droht,0,www.zeit.de,Ukraine-Krieg: Selenskyj warnt vor Flügen über Russland - Putin droht,Hier finden Sie Informationen zu dem Thema „Ukraine-Krieg“. Lesen Sie jetzt „Selenskyj warnt vor Flügen über Russland - Putin droht“.,https://img.zeit.de/news/2026-09/01/selenskyj-warnt-vor-fluegen-ueber-russland-putin-droht-image-group/wide__1300x731,2026-09-01T21:39:19Z,,"Der ukrainische Präsident Wolodymyr Selenskyj hat wegen Kiews Drohnenattacken alle Fluggesellschaften vor Gefahren über Russland gewarnt. «Der russische Luftraum wird vollkommen unsicher», sagte Sele… [+2247 chars]",,de,'Putin'
https://www.zeit.de/news/2026-09/02/putin-spricht-bei-vormarsch-in-der-ukraine-von-fortschritten,https://www.zeit.de/news/2026-09/02/putin-spricht-bei-vormarsch-in-der-ukraine-von-fortschritten,0,www.zeit.de,Russischer Angriffskrieg: Putin spricht bei Vormarsch in der Ukraine von Fortschritten,Hier finden Sie Informationen zu dem Thema „Russischer Angriffskrieg“. Lesen Sie jetzt „Putin spricht bei Vormarsch in der Ukraine von Fortschritten“.,https://img.zeit.de/news/2026-09/02/putin-spricht-bei-vormarsch-in-der-ukraine-von-fortschritten-image-group/wide__1300x731,2026-09-01T22:24:27Z,,Im Krieg in der Ukraine kommen die russischen Truppen laut Darstellung von Kremlchef Wladimir Putin immer schneller voran. Russische Einheiten seien im Donezker Gebiet bis auf wenige Kilometer an die… [+1817 chars],,de,'Putin'
https://www.zeit.de/politik/ausland/2026-09/venezuela-usa-oel-abkommen-oelreserven-delcy-rodriguez,https://www.zeit.de/politik/ausland/2026-09/venezuela-usa-oel-abkommen-oelreserven-delcy-rodriguez,0,www.zeit.de,US-Ölabkommen : Venezuelas Parlament billigt Ölabkommen mit den USA,Ein Fünftel der größten bekannten Ölreserven soll künftig an die USA geliefert werden. Oppositionelle in Venezuela fordern mehr Transparenz zu der Vereinbarung.,https://img.zeit.de/politik/ausland/2026-09/venezuela-usa-oel-abkommen-oelreserven-delcy-rodriguez-foto-1/wide__1300x731,2026-09-01T22:34:16Z,,"Das Parlament von Venezuela hat das geplante Ölabkommen mit den USA gebilligt. »Die Unterstützung des binationalen Energieträger-Abkommens« sei »angenommen« worden, sagte der Präsident der venezolani… [+1682 chars]",,de,'Öl'
https://www.tagesschau.de/ausland/asien/putin-ukraine-deutschland-100.html,https://www.tagesschau.de/ausland/asien/putin-ukraine-deutschland-100.html,0,www.tagesschau.de,Putin bezeichnet deutsche Strafmaßnahmen als schweren Fehler,"Siegesgewiss - so präsentierte sich der russische Präsident bei einer Pressekonferenz. In der Ukraine rückten russische Soldaten vielerorts vor, so Putin. Und die deutschen Strafmaßnahmen seien ein ""schweren Fehler"".",https://images.tagesschau.de/image/0d4cbb15-c8b7-4aaf-b048-aa4f3969fd4a/AAABoF-HLGI/AAABnSSvrFg/16x9-big/putin-bischkek-100.jpg?width=1280,2026-09-02T00:43:28Z,,"Stand: 02.09.2026 02:43 Uhr
Siegesgewiss - so präsentierte sich der russische Präsident bei einer Pressekonferenz. In der Ukraine rückten russische Soldaten vielerorts vor, so Putin. Und die deutsch… [+1881 chars]",,de,'Putin'
https://www.tagesspiegel.de/internationales/dpa-die-lage-im-uberblick-16007322.html,https://www.tagesspiegel.de/internationales/dpa-die-lage-im-uberblick-16007322.html,0,www.tagesspiegel.de,Die Lage im Überblick: USA und Iran kämpfen um Kontrolle über Straße von Hormus,Der Krieg zwischen den USA und dem Iran eskaliert wieder. Erneut überziehen sich beide Seiten mit Angriffen. Trump droht Teheran einmal mehr martialisch - und hat eine Botschaft für Irans Bevölkerung.,https://www.tagesspiegel.de/images/16007321/alternates/BASE_16_9_W1400/1788319892000/us-prasident-trump.jpeg,2026-09-02T03:31:31Z,,Die USA und der Iran haben sich im Kampf um die Kontrolle über die Straße von Hormus erneut gegenseitig angegriffen und damit die Ölpreise weiter nach oben getrieben. Das US-Militär attackierte nach … [+6604 chars],,de,'Krieg'
https://www.zeit.de/news/2026-09/02/sonne-wolken-mix-in-bayern,https://www.zeit.de/news/2026-09/02/sonne-wolken-mix-in-bayern,0,www.zeit.de,Wetter in Bayern: Sonne-Wolken-Mix in Bayern,Hier finden Sie Informationen zu dem Thema „Wetter in Bayern“. Lesen Sie jetzt „Sonne-Wolken-Mix in Bayern“.,https://img.zeit.de/news/2026-09/02/sonne-wolken-mix-in-bayern-image-group/wide__1300x731,2026-09-02T03:59:59Z,,Es bleibt bei einer Mischung aus Sonne und Wolken: Auch am Mittwoch soll es im größten Teil Bayerns trocken und freundlich bleiben. Lediglich in Alpennähe erwartet der Deutsche Wetterdienst (DWD) am … [+727 chars],,de,'Bayern'
https://www.faz.net/aktuell/politik/inland/liveblog-bundespolitik-polizei-ermittelt-nach-stoerung-im-umspannwerk-bergheim-faz-110093143.html,https://www.faz.net/aktuell/politik/inland/liveblog-bundespolitik-polizei-ermittelt-nach-stoerung-im-umspannwerk-bergheim-faz-110093143.html,0,www.faz.net,Deutschland-Liveblog: Polizei ermittelt nach Störung im Umspannwerk Bergheim,Ermittler gehen von einer Straftat aus +++ Putin bezeichnet deutsche Strafmaßnahmen als „schweren Fehler“ +++ Berlin geht nach Drohnenangriff gegen Russland vor +++ alle Entwicklungen im Liveblog,https://media0.faz.net/image/w1200h627/81f5572dc57f/w1331h695x0y227o/202609/43601.0.2494794041/kriminaltechniker-und.webp,2026-09-02T04:25:00Z,,"Die Bundesregierung macht Russland für den versuchten Drohnenanschlag am 4. August am Leipziger Flughafen verantwortlich. Polizeiliche Ermittlungen, Tatmuster und nachrichtendienstliche Erkenntnisse … [+1271 chars]",,de,'Putin'
https://www.n-tv.de/politik/Venezuela-macht-Weg-fuer-milliardenschweren-Oel-Deal-mit-den-USA-frei-id31259296.html,https://www.n-tv.de/politik/Venezuela-macht-Weg-fuer-milliardenschweren-Oel-Deal-mit-den-USA-frei-id31259296.html,0,www.n-tv.de,Armee und Parlament stimmen zu: Venezuela macht Weg für milliardenschweren Öl-Deal mit den USA frei,Nach der Entführung von Nicolás Maduro bauen die USA mit der umgestalteten venezolanischen Staatsführung die wirtschaftliche Zusammenarbeit aus. Mit einem Abkommen sichert sich Washington 17 Ölfelder in dem südamerikanischen Land. In Caracas regt sich dagegen…,https://www.n-tv.de/img/31259312/1788329970/Img_16_9/1200/2026-08-29T002705Z_401380634_RC2YHCATHAIK_RTRMADP_3_USA-TRUMP-VENEZUELA.jpg,2026-09-02T04:36:03Z,,"Armee und Parlament stimmen zuVenezuela macht Weg für milliardenschweren Öl-Deal mit den USA frei
Ölplattformen und Förderanlagen am Maracaibo-See. (Foto: REUTERS)
Nach der Entführung von Nicolás M… [+4493 chars]",,de,'Öl'
https://www.dw.com/de/nach-drohnen-vorfall-berlin-schlie%C3%9Ft-russlands-konsulat/a-78639889,https://www.dw.com/de/nach-drohnen-vorfall-berlin-schlie%C3%9Ft-russlands-konsulat/a-78639889,0,www.dw.com,Nach Drohnen-Vorfall: Berlin schließt Russlands Konsulat,"Die deutsche Regierung ist sich sicher: Russland hat versucht, den Flughafen Leipzig mit Drohnen anzugreifen. Als Antwort wird unter anderen das russische Generalkonsulat geschlossen. Für Putin ein ""schwerer Fehler"".",https://static.dw.com/image/68764985_6.jpg,2026-09-02T06:39:00Z,,Nun ist es amtlich und es ist hochbrisant: Die deutsche Regierung macht die russische Regierung ganz offiziell für den versuchten Drohnen-Anschlag auf dem Flughafen in Leipzig am 4. August verantwort… [+4963 chars],,de,'Öl'
https://www.telepolis.de/article/KI-Rechenzentren-Deutschland-steht-vor-der-Kernfrage-11437719.html,https://www.telepolis.de/article/KI-Rechenzentren-Deutschland-steht-vor-der-Kernfrage-11437719.html,0,www.telepolis.de,KI-Rechenzentren: Deutschland steht vor der Kernfrage,Deutschland treibt den Ausbau von KI-Rechenzentren voran. Doch Verbrauchsdaten fehlen – der Strombedarf bringt Gas und Kernkraft zurück in die Debatte. Analyse.,https://heise.cloudimg.io/v7/_www-heise-de_/imgs/18/5/1/5/7/2/2/7/Master_Fess_2-f015484e0f3caafc.jpg?func=bound&height=1200&org_if_sml=1&q=85&width=1200,2026-09-02T07:00:00Z,,"Bald auch bei uns? Protest gegen Rechenzentren in den USA. Bild: Shutterstock.com
Deutschland treibt den Ausbau von KI-Rechenzentren voran. Doch Verbrauchsdaten fehlen der Strombedarf bringt Gas und… [+13237 chars]",,de,'Fossile Energie'
https://www.tagesschau.de/wirtschaft/konjunktur/inflation-ezb-renditen-anleihen-preise-100.html,https://www.tagesschau.de/wirtschaft/konjunktur/inflation-ezb-renditen-anleihen-preise-100.html,0,www.tagesschau.de,Was hilft gegen die gestiegene Inflation?,"Die Euro-Inflation liegt inzwischen bei 3,3 Prozent. Grund ist vor allem das teure Rohöl als Folge des Iran-Kriegs - ein Dilemma für Europas Notenbanker. Steigen die Preise bald womöglich noch schneller? Von Angela Göpfert.",https://images.tagesschau.de/image/19238128-5c1b-4352-85f7-01cee85ce630/AAABoBnNk84/AAABnSSvrFg/16x9-big/spritpreise-240.jpg?width=1280,2026-09-02T07:03:04Z,,"Stand: 02.09.2026 09:03 Uhr
Die Euro-Inflation liegt inzwischen bei 3,3 Prozent. Grund ist vor allem das teure Rohöl als Folge des Iran-Kriegs - ein Dilemma für Europas Notenbanker. Steigen die Prei… [+5700 chars]",,de,'Krieg'
https://www.faz.net/aktuell/wirtschaft/klima-nachhaltigkeit/fernkaeltenetz-muenchen-stadtwerke-als-vorreiter-der-kuehlung-accg-201159941.html,https://www.faz.net/aktuell/wirtschaft/klima-nachhaltigkeit/fernkaeltenetz-muenchen-stadtwerke-als-vorreiter-der-kuehlung-accg-201159941.html,0,www.faz.net,Nachhaltige Abkühlung: Münchens Fernkältenetz ist ein Vorreiter,"Klimaanlagen sorgen für Abwärme und Emissionen. Dass es anders geht, zeigt München. Ein 25 Kilometer langes Netz versorgt die nach Abkühlung lechzende Innenstadt mit natürlicher Kälte.",https://media0.faz.net/image/w1200h627/d7a37176703f/w2304h1203x0y166o/202607/43601.0.2389595070/angenehme-temperaturen-die.webp,2026-09-02T07:19:22Z,,Es ist heiß am Viktualienmarkt in München. Die schattigen Plätze sind belegt. Eine kurze Abkühlung in Nähe der Feinkoststände ist kaum noch möglich. Da hilft ein Besuch im Traditionskaufhaus Kusterma… [+8981 chars],,de,'Kälte'
https://www.focus.de/finanzen/trump-gehen-vor-den-midterms-die-letzten-hebel-aus_a3344d08-8b4d-40f5-bd8d-cfca47bd9174.html,https://www.focus.de/finanzen/trump-gehen-vor-den-midterms-die-letzten-hebel-aus_a3344d08-8b4d-40f5-bd8d-cfca47bd9174.html,0,www.focus.de,Trump gehen vor den Midterms die letzten Hebel aus,"Trump braucht vor den Midterms sinkende Preise. Doch die Fed hilft ihm nicht, Venezuelas Öl kommt zu spät und bei den Zöllen will er nicht zurückrudern.","https://quadro.burda-forward.de/ctf/d0745987-04fe-4cef-b2de-80e9fc07504b.7536f150-4e56-45d0-a731-6123aeada4f5.jpg?im=RegionOfInterestCrop=(1200,630),regionOfInterest=(2105,578)&hash=f85082210b8046ff7e40225ee54cedb34f9e75a4ed7e177c315a2d6fc5b1a64a",2026-09-02T07:58:00Z,,"Er war der Präsident, der in seiner ersten Amtszeit mit einer kühnen Steuersenkung die Wirtschaft ankurbelte. Und für seine zweite Amtszeit ein goldenes Zeitalter versprach. Doch gut zwei Monate vor … [+6277 chars]",,de,'Öl'
https://www.faz.net/aktuell/politik/ausland/liveblog-irankrieg-trump-koennte-abkommen-mit-iran-nicht-egaler-sein-faz-200583539.html,https://www.faz.net/aktuell/politik/ausland/liveblog-irankrieg-trump-koennte-abkommen-mit-iran-nicht-egaler-sein-faz-200583539.html,0,www.faz.net,Liveblog Irankrieg: Trump: Abkommen mit Iran „könnte mir nicht egaler sein“,US-Präsident spielt Aussichten auf Einigung herunter +++ Amerika greift wieder Ziele in Iran an +++ Teheran dankt Putin für Haltung während des Krieges +++ alle Entwicklungen im Liveblog,https://media0.faz.net/image/w1200h627/485518ad167b/w4759h2486x0y175o/202609/43601.0.2495444769/er-wolle-iran-nicht-an-den.webp,2026-09-02T08:04:11Z,,"Die amerikanischen Streitkräfte haben abermals Ziele in Iran angegriffen. Wie das für die Region zuständige Militärkommando Centcom am Dienstagabend mitteilte, sei dies auf versuchte Angriffe der ira… [+1673 chars]",,de,'Putin'
https://www.faz.net/aktuell/politik/inland/drohnenangriff-leipzig-wie-deutschland-putin-stoppen-kann-201181817.html,https://www.faz.net/aktuell/politik/inland/drohnenangriff-leipzig-wie-deutschland-putin-stoppen-kann-201181817.html,0,www.faz.net,Reaktion auf Leipzig: Was Putin wirklich schmerzen würde,Deutschland konnte nach dem Drohnenangriff von Leipzig nicht zur Tagesordnung übergehen. Wirksam von weiteren Aggressionen abschrecken kann Berlin Putin aber nur im engen Schulterschluss mit den Verbündeten. Dafür muss Merz mehr tun.,https://media0.faz.net/image/w1200h627/78c65f397ade/w4876h2547x0y206o/202609/43601.0.2495365389/der-russische-praesident.webp,2026-09-02T08:21:11Z,,Die Wortmeldungen aus Moskau nach den Wortmeldungen Berlins zum Drohnenangriff von Leipzig haben nicht überraschen können. Auch was der Kreml noch an Propaganda und politischen Vergeltungsaktionen fo… [+4738 chars],,de,'Putin'
https://www.zeit.de/2026/38/wladimir-putin-ziele-ukraine-krieg-nato-europa,https://www.zeit.de/2026/38/wladimir-putin-ziele-ukraine-krieg-nato-europa,0,www.zeit.de,Wladimir Putin: Er denkt nur an das eine,"Wladimir Putin wird so weit gehen, wie es der Westen ihm erlaubt. Für ihn ist völlig klar, wer länger durchhält. Drei Szenarien sind denkbar.",https://img.zeit.de/2026/38/er-denkt-nur-an-das-eine-bild-1/wide__1300x731,2026-09-02T08:34:22Z,,"Schließen
Artikelzusammenfassung
Putin setzt auf Eskalation. Der Artikel beschreibt zunächst zwei verbreitete Irrtümer in Deutschland: Weder weniger Waffen für die Ukraine noch maximale militärisch… [+1114 chars]",,de,'Putin'
https://www.focus.de/politik/ausland/trump-wurde-eine-grenze-gesetzt-die-er-rechtlich-nicht-ueberschreiten-darf-die-oelreserven-naehern-sich-aufgrund-des-iran-kriegs-ihrer-untergrenze_0316a98a-62a1-431f-9eb8-4ecb7fd8734e.html,https://www.focus.de/politik/ausland/trump-wurde-eine-grenze-gesetzt-die-er-rechtlich-nicht-ueberschreiten-darf-die-oelreserven-naehern-sich-aufgrund-des-iran-kriegs-ihrer-untergrenze_0316a98a-62a1-431f-9eb8-4ecb7fd8734e.html,0,www.focus.de,"Trump wurde eine Grenze gesetzt, die er rechtlich nicht überschreiten darf: Die Ölreserven nähern sich aufgrund des Iran-Kriegs ihrer Untergrenze","Die US-Ölreserve schrumpft weiter. Trump stößt bei zusätzlichen Freigaben auf gesetzliche und technische Grenzen, während Venezuelas Öl kurzfristig kaum helfen kann.","https://quadro.burda-forward.de/ctf/de35c3a0-8250-4d8e-a7f2-f42e9cce4083.74f1170c-55b4-4214-9f50-c690f2218f86.jpeg?im=RegionOfInterestCrop=(1200,630),regionOfInterest=(1159,548)&hash=8dd4ee7a1dec83958d6bedddc42323aa3c7820f91a9ad14df11ff509763443a5",2026-09-02T08:58:00Z,,"Die strategische Ölreserve der USA schrumpft weiter und nähert sich einer Grenze, unterhalb derer Washington nur noch eingeschränkt auf neue Versorgungskrisen reagieren kann. Nach Angaben des US-Ener… [+3006 chars]",,de,'Öl'
https://www.dw.com/de/iran-mindestens-15-tote-nach-us-attacken-donald-trump-stra%C3%9Fe-von-hormus/a-78701341,https://www.dw.com/de/iran-mindestens-15-tote-nach-us-attacken-donald-trump-stra%C3%9Fe-von-hormus/a-78701341,0,www.dw.com,Iran: Mindestens 15 Tote nach US-Attacken,Der Ölpreis reagiert heftig auf die jüngste Eskalationsspirale zwischen den Konfliktparteien. US-Präsident Trump gibt sich demonstrativ gelassen und fordert die iranische Bevölkerung erneut zum Umsturz auf. Die USA und der Iran haben sich erneut gegenseitig a…,https://static.dw.com/image/78696562_6.jpg,2026-09-02T09:37:00Z,,Die USA und der Iran haben sich erneut gegenseitig attackiert und damit die Ölpreise weiter nach oben getrieben. Ein Barrel Rohöl der Referenzsorte Brent mit Lieferung im November kostete zwischenzei… [+4900 chars],,de,'Öl'
https://www.morgenpost.de/politik/article412317251/ukraine-krieg-russland-news-aktuell-drohnen-sanktionen.html,https://www.morgenpost.de/politik/article412317251/ukraine-krieg-russland-news-aktuell-drohnen-sanktionen.html,0,www.morgenpost.de,Putin-Berater droht Deutschland wegen Sanktionen: „Verdienen einen direkten Schlag“,Der Kreml reagiert erbost auf die geplanten Sanktionen gegen Russland. Ein Putin-Vertrauter droht Deutschland direkt. Aktuelle News im Blog.,https://img.sparknews.funkemedien.de/413035863/413035863_1788343400_v16_9_1600.jpeg,2026-09-02T10:03:20Z,,Der wichtige russische Ostseehafen Ust-Luga ist nach Angaben des Regionalgouverneurs Ziel eines Drohnenangriffs geworden. Im Hafengebiet von Ust-Luga sind infolge des Drohnenangriffs Schäden entstand… [+694 chars],,de,'Putin'
https://www.focus.de/finanzen/news/oel-zinsen-inflation-die-maerkte-stehen-am-kipp-punkt_2998d6fa-9bb3-4798-aef3-62da429b28c4.html,https://www.focus.de/finanzen/news/oel-zinsen-inflation-die-maerkte-stehen-am-kipp-punkt_2998d6fa-9bb3-4798-aef3-62da429b28c4.html,0,www.focus.de,"Öl, Zinsen, Inflation: Die Märkte stehen am Kipp-Punkt","Nach Rekordhochs geht es an den Börsen abwärts. Ein Mix aus hohen Ölpreisen, Inflation und Zinsangst bedroht die Kurse. Wie Anleger richtig reagieren.","https://quadro.burda-forward.de/ctf/4345f601-d2e4-43a1-8745-dd27344c5207.52c548b6-f8f0-43a7-b2cd-9203a10d0467.jpg?im=RegionOfInterestCrop=(1200,630),regionOfInterest=(998,549)&hash=8df83d6fa5b7a3fb2b376cd244076ddb8c2e6a9dd7c041b6d573b9eda361ea83",2026-09-02T12:48:00Z,,Noch Ende vergangener Woche hatte der Dax ein neues Rekordhoch bei 26.618 Punkten erreicht. Doch das scheint schon länger her als nur wenige Tage. Inzwischen steht der Dax fast 1000 Punkte tiefer. Äh… [+4356 chars],,de,'Öl'
https://www.morgenpost.de/politik/article413035135/deutschland-ueberhaeuft-russland-mit-sanktionen-putin-laechelt-das-weg.html,https://www.morgenpost.de/politik/article413035135/deutschland-ueberhaeuft-russland-mit-sanktionen-putin-laechelt-das-weg.html,0,www.morgenpost.de,Deutschland überhäuft Russland mit Sanktionen – Putin lächelt das weg,Die Bundesregierung sieht Russland hinter dem Anschlagsversuch von Leipzig und reagiert. Kremlherrscher Putin kontert gelassen – und droht.,https://img.sparknews.funkemedien.de/413035250/413035250_1788353681_v16_9_1600.jpeg,2026-09-02T12:51:19Z,,"Die schärfste Option zog die Bundesregierung am Ende nicht: Artikel 4 des Nato-Vertrags. Dieser sieht Beratungen der Verbündeten vor, wenn sich ein Nato-Staat für von außen gefährdet erklärt. Eine Vo… [+5382 chars]",,de,'Putin'
https://www.faz.net/aktuell/politik/ausland/wie-russlands-schattenflotte-begegnet-werden-koennte-201182387.html,https://www.faz.net/aktuell/politik/ausland/wie-russlands-schattenflotte-begegnet-werden-koennte-201182387.html,0,www.faz.net,Nord- und Ostsee: Wie Russlands Schattenflotte begegnet werden könnte,"Mit einer riesigen Schattenflotte füllt Russland seine Kriegskasse. Der Deutschen Marine fehlt es an wendigen Booten, um die Tanker zu stoppen. Wie gehen andere Länder vor?",https://media0.faz.net/image/w1200h627/d6529d5da17f/w3500h1828x0y325o/202603/43601.0.1901173492/ein-franzoesischer.webp,2026-09-02T12:58:45Z,,"Das russische Regime hat seit Beginn seines Angriffskriegs gegen die Ukraine durch etwa zwei Dutzend Sanktionspakete erhebliche Nachteile erlitten. Deren Ziel war es unter anderem, Russlands Energiee… [+8987 chars]",,de,'Krieg'
https://www.focus.de/politik/deutschland/drohnen-eklat-in-leipzig-putins-psychospiel-mit-deutschland_f4c65ea8-6d80-4bce-a72c-7181f02b99c4.html,https://www.focus.de/politik/deutschland/drohnen-eklat-in-leipzig-putins-psychospiel-mit-deutschland_f4c65ea8-6d80-4bce-a72c-7181f02b99c4.html,0,www.focus.de,Drohnen-Eklat in Leipzig: Putins Psychospiel mit Deutschland,Bei allem Theaterdonner von Putin über Medwedew bis Netschajew: Unterm Strich lief alles glimpflich ab. Routinierte Aufregung muss nichts Schlechtes sein.,"https://quadro.burda-forward.de/ctf/cd351cf6-b35e-4852-86ca-65b118b3f424.96141f22-cd62-42e6-b666-35525b9a41c9.jpeg?im=RegionOfInterestCrop=(1200,630),regionOfInterest=(1104,645)&hash=0344d47cbdaf3d5e71d8eb342574a7bf6124b2b32fa33d00d4f83b0b253bfc6d",2026-09-02T16:54:00Z,,"Von aller auch künstlichen Aufregung um Leipzig, ein kühler Blick zurück: Der russische, von einem deutschen Gericht als Staatsterrorist verurteilte Tiergartenmörder, kam im August 2024 nach mehreren… [+6747 chars]",,de,'Krieg'
https://www.faz.net/aktuell/politik/inland/wie-berlin-auf-den-drohnenangriff-reagiert-201182530.html,https://www.faz.net/aktuell/politik/inland/wie-berlin-auf-den-drohnenangriff-reagiert-201182530.html,0,www.faz.net,Nach Drohnenattacke: Bis zur nächsten Eskalationsstufe,"Die Bundesregierung erwartet nicht, dass Russland seinen hybriden Krieg nach der Reaktion auf den Vorfall in Leipzig einstellen wird. Ganz im Gegenteil.",https://media0.faz.net/image/w1200h627/33ce9eeae1fc/w7964h4161x0y219o/202609/43601.0.2493574851/aussenminister-johann-wadephul.webp,2026-09-02T17:10:09Z,,"Der Bundesregierung war schon kurz nach der Drohnenattacke auf dem Flughafen Leipzig am 4. August klar, dass sie auf den Angriff würde reagieren müssen. Und dass diese Reaktion, würde man den Angriff… [+11160 chars]",,de,'Krieg'
https://www.tagesspiegel.de/internationales/patt-im-iran-krieg-trump-erwagt-umbenennung-der-strasse-von-hormus-in-trump-strasse-16010797.html,https://www.tagesspiegel.de/internationales/patt-im-iran-krieg-trump-erwagt-umbenennung-der-strasse-von-hormus-in-trump-strasse-16010797.html,0,www.tagesspiegel.de,Patt im Iran-Krieg: Trump erwägt Umbenennung der Straße von Hormus in „Trump-Straße“,"Wiederholt drohte der US-Präsident, die vom Iran kontrollierte Meerenge unter Aufsicht der USA zu stellen. Nun denkt er laut über eine Umbennung nach – natürlich nach sich selbst.",https://www.tagesspiegel.de/images/16010810/alternates/BASE_16_9_W1400/1788369099000/trump-hosts-an-announcement-on-healthcare-affordability.jpeg,2026-09-02T17:28:37Z,,"US-Präsident Donald Trump erwägt, der Straße von Hormus seinen Namen zu geben. Da die Meerenge nun unter US-Kontrolle steht, sollten wir die Straße von Hormus in Trump-Straße umbenennen???, fragte de… [+2266 chars]",,de,'Krieg'
https://www.tagesspiegel.de/politik/dpa-pistorius-warnt-vor-militarischem-erfolg-russlands-16010849.html,https://www.tagesspiegel.de/politik/dpa-pistorius-warnt-vor-militarischem-erfolg-russlands-16010849.html,0,www.tagesspiegel.de,„Blaupause für alle Autokraten dieser Welt“: Pistorius warnt vor militärischem Erfolg Russlands,"Putin werde nicht haltmachen, wenn er die Ukraine eingenommen habe, fürchtet der Verteidigungsminister. Auch Deutschland sieht Pistorius wegen seiner Unterstützung Kyjiws im Fokus.",https://www.tagesspiegel.de/images/16010850/alternates/BASE_16_9_W1400/1788371295000/bundesverteidigungsminister-pistorius-in-braunschweig.jpeg,2026-09-02T18:01:27Z,,"Bundesverteidigungsminister Boris Pistorius hat erneut vor einem militärischen Erfolg Russlands in der Ukraine gewarnt. Wenn Russland, wenn Wladimir Putin diesen Krieg gewinnt, dann ist das eine Blau… [+1481 chars]",,de,'Putin'
https://www.jungewelt.de/artikel/529078.hauptsache-testosteron.html,https://www.jungewelt.de/artikel/529078.hauptsache-testosteron.html,0,www.jungewelt.de,Kommentar: Hauptsache Testosteron,Erneute Entlassungen in den höheren Rängen des US-Militärs führen zu viel Spekulation. Dabei stellt sich eine wichtige Frage: Stimmt der Testosteronspiegel? Laut US-Kriegsminister Pete Hegseth offensichtlich nicht.,https://www.jungewelt.de/img/1100/226816.jpg,2026-09-02T18:21:51Z,,"Was alles andere anbelangt: US-Kriegsminister Pete Hegseth räumt im Pentagon auf. Sein jüngstes Opfer: Heeresminister Dan Driscoll. Der tritt, wie zu Wochenbeginn bekannt wurde, zurück frustriert, ja… [+2227 chars]",,de,'Krieg'
https://www.jungewelt.de/artikel/529084.landgang-des-tages-uss-abraham-lincoln.html,https://www.jungewelt.de/artikel/529084.landgang-des-tages-uss-abraham-lincoln.html,0,www.jungewelt.de,Porträt: Landgang des Tages: »USS Abraham Lincoln«,"Ohne etwas über ihre Gastgeber zu wissen, müssen die 5.000 US-Matrosen und Soldaten (entsprechend der allgemeinen Ratio dürfte die Zahl der Uniformträgerinnen überschaubar sein) in Pattaya nicht an Land gehen.",https://www.jungewelt.de/img/1100/226814.jpg,2026-09-02T18:21:51Z,,"Es hätte so schön bleiben können im beschaulichen Pattaya, einst ein ruhiges Fischerdorf im Königreich Thailand in einer halbmondförmigen Bucht gelegen, sanfte Berge im Rücken. Nur wurde der Ort 1959… [+1620 chars]",,de,'Gas'
https://www.focus.de/kultur/kino-tv/sachsen-anhalt-talk-afd-bsw-linke-ein-segen-fuer-putin_3f974a3b-ac97-4c67-beff-2fe1a4f18e0d.html,https://www.focus.de/kultur/kino-tv/sachsen-anhalt-talk-afd-bsw-linke-ein-segen-fuer-putin_3f974a3b-ac97-4c67-beff-2fe1a4f18e0d.html,0,www.focus.de,"Sachsen-Anhalt-Talk: AfD, BSW, Linke – ein Segen für Putin",Beim Nachrichtensender n-tv diskutieren die Spitzenkandidaten Sachsen-Anhalts. Die Stimmung ist hitzig – CDU-Politiker Schulze bleibt blass und AfD-Mann Siegmund verliert sein Strahlen.,"https://quadro.burda-forward.de/ctf/4a385d58-7be1-49a9-84b9-6038deb2e187.00289cf9-09b2-47da-a82c-c13a8158a234.jpeg?im=RegionOfInterestCrop=(1200,630),regionOfInterest=(851,666)&hash=ff90b6423da05c92a6392d9929d72252e9a8e9c413de32f992b13d8a6871789f",2026-09-02T18:39:00Z,,"Es sind nur noch wenige Tage bis zur Wahl in Sachsen-Anhalt, und die Nervosität steigt merklich. So auch zu sehen in der Sendung Spitzenrunde Wahlen beim Sender n-tv. Die Top-Kandidaten werden stelle… [+3322 chars]",,de,'Putin'
https://www.zeit.de/feuilleton/2026-09/konflikt-russland-moderne-latenz,https://www.zeit.de/feuilleton/2026-09/konflikt-russland-moderne-latenz,0,www.zeit.de,Konflikt mit Russland: Soll das denn ewig so weitergehen?,"Leider ja. Im hybriden Krieg mit Russland wünschen sich Menschen klare Verhältnisse. Dabei käme es vielmehr darauf an, dass die Deutschen eine paradoxe Haltung einüben.",https://img.zeit.de/feuilleton/2026-09/konflikt-russland-moderne-latenz-bild/wide__1300x731,2026-09-02T18:47:53Z,,"Schließen
Artikelzusammenfassung
Der Anschlagsversuch in Leipzig zeigt, wie schwer sich ein hybrider Angriff politisch fassen lässt. Nachdem die Bundesregierung Russland verantwortlich machte und d… [+919 chars]",,de,'Krieg'
https://www.bild.de/sport/fussball/vfl-osnabrueck-peace-zeichen-beim-duell-mit-bayern-6a98743810ed2fce141fe43d,https://www.bild.de/sport/fussball/vfl-osnabrueck-peace-zeichen-beim-duell-mit-bayern-6a98743810ed2fce141fe43d,0,www.bild.de,Idee entstand vor 4 Jahren - Starke Mittelkreis-Geste vom Bayern-Gegner,Ein Peace-Zeichen im Mittelkreis: Der VfL Osnabrück zeigt beim DFB-Pokalspiel gegen Bayern Solidarität mit der Ukraine und setzt ein Zeichen gegen Russlands Angriffskrieg.,"https://images.bild.de/6a98743810ed2fce141fe43d/6a4260ec3f2bb182232f20dd76b6eb69,a11474d8?w=1280",2026-09-02T19:13:38Z,,TTS-Player überspringenArtikel weiterlesenOsnabrück Seit viereinhalb Jahren herrscht Krieg in der Ukraine. Beim DFB-Pokalspiel gegen den FC Bayern setzt der VfL Osnabrück ein starkes Zeichen gegen de… [+1061 chars],,de,'Bayern'
https://www.zeit.de/news/2026-09/02/us-energieminister-oel-deals-mit-venezuela-sind-historisch,https://www.zeit.de/news/2026-09/02/us-energieminister-oel-deals-mit-venezuela-sind-historisch,0,www.zeit.de,Ölvorkommen: US-Energieminister: Öl-Deals mit Venezuela sind «historisch»,Hier finden Sie Informationen zu dem Thema „Ölvorkommen“. Lesen Sie jetzt „US-Energieminister: Öl-Deals mit Venezuela sind «historisch»“.,https://img.zeit.de/news/2026-09/02/us-energieminister-oel-deals-mit-venezuela-sind-historisch-image-group/wide__1300x731,2026-09-02T19:21:41Z,,"US-Energieminister Chris Wright hat bei einem Besuch in Caracas die jüngsten Öl-Abkommen mit Venezuela als «historisch» bezeichnet. Die USA seien daran interessiert, die Energieproduktion weltweit au… [+2399 chars]",,de,'Öl'
https://www.freitag.de/autoren/gerd-meissner/deutschlands-massnahmen-russlands-reaktionen-fuehren-zu-brisanter-frage,https://www.freitag.de/autoren/gerd-meissner/deutschlands-massnahmen-russlands-reaktionen-fuehren-zu-brisanter-frage,0,www.freitag.de,Deutschlands „Maßnahmen“ und Russlands Reaktion führen zu einer brisanten Frage,Wladimir Putin reagierte beim SCO‑Gipfel in Kirgistan auf die Ankündigungen der Bundesregierung gegenüber Russland. Was er über die Leipziger Drohnen und Friedrich Merz sagte und welchen Part einer Antwort er dem Außenministerium überließ Wer hat die Sprengst…,https://www.freitag.de/autoren/gerd-meissner/deutschlands-massnahmen-russlands-reaktionen-fuehren-zu-brisanter-frage/@@images/image/great,2026-09-02T20:35:00Z,,Wer hat die Sprengstoff-Drohne auf den Leipziger Flughafen gebracht und wer hat diese am 4. August entdeckte Aktion lanciert? Die jüngste Pressekonferenz von Bundesinnenminister Alexander Dobrindt (C… [+4411 chars],,de,'Putin'
https://www.bild.de/politik/inland/ruestungschef-stefan-thumann-deutscher-manager-versteckt-sich-vor-putin-6a9669d99452c5223822ee2f,https://www.bild.de/politik/inland/ruestungschef-stefan-thumann-deutscher-manager-versteckt-sich-vor-putin-6a9669d99452c5223822ee2f,0,www.bild.de,Rüstungschef Stefan Thumann - Deutscher Manager versteckt sich vor Putin,"Manager unter Morddrohung lebt isoliert, spricht von Krieg zwischen Deutschland und Russland.","https://images.bild.de/6a9669d99452c5223822ee2f/4d867f0c1a05d02cbef4c7efb3ed5df9,a9f1f4a4?w=1280",2026-09-02T20:45:35Z,,TTS-Player überspringenArtikel weiterlesenBerlin Der deutsche Rüstungsunternehmer Stefan Thumann liefert Drohnen an die Ukraine und geriet so ins Visier der Russen. Wegen eines mutmaßlichen Mordkompl… [+4452 chars],,de,'Putin'
https://www.zeit.de/sport/2026-09/dfb-pokal-fc-bayern-muenchen-vfl-osnabrueck-fussball,https://www.zeit.de/sport/2026-09/dfb-pokal-fc-bayern-muenchen-vfl-osnabrueck-fussball,0,www.zeit.de,"DFB-Pokal, 1. Runde: FC Bayern schlägt Osnabrück im letzten Spiel der ersten Runde",Der FC Bayern München hat den VfL Osnabrück weitgehend problemlos besiegt. Die Zweitligisten überraschten den Spitzenverein aber mit einer frühen Führung.,https://img.zeit.de/sport/2026-09/dfb-pokal-fc-bayern-muenchen-vfl-osnabrueck-fussball-2/wide__1300x731,2026-09-02T20:45:48Z,,Zum Abschluss der ersten Runde des DFB-Pokals hat der FC Bayern den VfL Osnabrück mit 4:1 (2:1) klar besiegt. An der Bremer Brücke überraschte der Zweitligist die Bayern aber mit einem frühen Treffer… [+773 chars],,de,'Bayern'
https://www.n-tv.de/wirtschaft/US-Anleger-sind-auf-Schnaeppchenjagd-id31263510.html,https://www.n-tv.de/wirtschaft/US-Anleger-sind-auf-Schnaeppchenjagd-id31263510.html,0,www.n-tv.de,Halbleiterwerte wieder gefragt: US-Anleger sind auf Schnäppchenjagd,"Seit Freitag schließt die Wall Street im Minus, jetzt nutzen die Anleger die Gelegenheit für einen Wiedereinstieg. Sorgen über die Lage im Nahen Osten und den steigenden Ölpreis können die Kauflaune nicht trüben.",https://www.n-tv.de/img/31263546/1788391815/Img_16_9/1200/image.jpg,2026-09-02T21:32:07Z,,"Es läuft wieder besser an der Wall Street. (Foto: AP Photo/Yuki Iwamura)
Seit Freitag schließt die Wall Street im Minus, jetzt nutzen die Anleger die Gelegenheit für einen Wiedereinstieg. Sorgen übe… [+2839 chars]",,de,'Öl'
https://www.faz.net/aktuell/politik/ukraine/ukraine-liveticker-daenischer-nachrichtendienst-warnt-vor-sabotageplaenen-russlands-faz-110683325.html,https://www.faz.net/aktuell/politik/ukraine/ukraine-liveticker-daenischer-nachrichtendienst-warnt-vor-sabotageplaenen-russlands-faz-110683325.html,0,www.faz.net,Liveblog Ukrainekrieg: Dänischer Nachrichtendienst warnt vor Sabotageplänen Russlands,Ziele seien Rüstungsunternehmen mit Verbindung zur Ukraine +++ Putin wirft Selenskyj einen „Aufruf zum Staatsterrorismus“ vor +++ Selenskyj kritisiert Partner für Urlaube und „Diplomatie nach Plan“ +++ alle Neuigkeiten im Liveblog,https://media0.faz.net/image/w1200h627/c292a58d57b6/w4762h2488x0y343o/202609/43601.0.2498222666/daenemarks-behoerden-haben.webp,2026-09-03T00:39:00Z,,Was sind nächsten Ziele Russlands in der Ukraine? Kommt eine neue Mobilisierungswelle? Solchen Fragen zum russischen Angriffskrieg in der Ukraine stellte sich Russlands Präsident Wladimir Putin in de… [+1374 chars],,de,'Putin'
https://www.bild.de/politik/inland/liste-an-strafmassnahmen-gegen-putin-diese-haemmer-liegen-noch-auf-eis-6a97ff55a33eb07b67945ab3,https://www.bild.de/politik/inland/liste-an-strafmassnahmen-gegen-putin-diese-haemmer-liegen-noch-auf-eis-6a97ff55a33eb07b67945ab3,0,www.bild.de,Liste an Strafmaßnahmen gegen Putin - Diese Russland-Hämmer liegen noch auf Eis,"Die Bundesregierung reagiert auf russische Attacken. Lesen Sie, warum Union und Opposition mehr Druck, Taurus-Lieferungen und schärfere Sanktionen fordern.","https://images.bild.de/6a97ff55a33eb07b67945ab3/8f70ffc27e348b17dd326b190e6786d9,89668933?w=1280",2026-09-03T02:33:44Z,,Kanzler Merz versprach nach den Sprengstoff-Drohnen am Flughafen Leipzig/Halle harte Konsequenzen für Russland doch Union und Opposition halten die jetzt vorgestellten Schritte für viel zu zaghaft. H… [+377 chars],,de,'Putin'
https://www.nzz.ch/schweiz/sicherheitspolitik/auch-die-schweiz-ist-fuer-russland-ein-strategisches-ziel-ld.10020535,https://www.nzz.ch/schweiz/sicherheitspolitik/auch-die-schweiz-ist-fuer-russland-ein-strategisches-ziel-ld.10020535,0,www.nzz.ch,«Auch die Schweiz ist für Russland ein strategisches Ziel»,"Kleinstaaten könnten sich im 21. Jahrhundert nicht allein verteidigen, sagt Franz-Stefan Gady, einer der führenden Militärexperten Europas. Er erklärt, warum die Neutralität im Kriegsfall keinen Schutz bietet und was Putin für Europa so gefährlich macht.","https://img-msp-prod.nzz.ch/2026/09/02/1e828ab3-c33d-47a3-87af-992514986a7a.jpg?width=1200&height=675&fit=bounds&quality=75&auto=webp&crop=4405,2478,x0,y459&wmark=nzz",2026-09-03T03:30:00Z,,"Kleinstaaten könnten sich im 21.Jahrhundert nicht allein verteidigen, sagt Franz-Stefan Gady, einer der führenden Militärexperten Europas. Er erklärt, warum die Neutralität im Kriegsfall keinen Schut… [+13962 chars]",,de,'Putin'
https://www.derstandard.at/jetzt/livebericht/3000000338184/meinl-reisinger-zu-russlands-hybrider-kriegsfuehrung-muessen-uns-zukuenftig-staerker-wappnen,https://www.derstandard.at/jetzt/livebericht/3000000338184/meinl-reisinger-zu-russlands-hybrider-kriegsfuehrung-muessen-uns-zukuenftig-staerker-wappnen,0,www.derstandard.at,"Meinl-Reisinger zu Russlands hybrider Kriegsführung: ""Müssen uns zukünftig stärker wappnen""","Dänemark deckte russische Pläne für Sabotage auf, Deutschland sieht ""hohe Gefährdung"". Putin spricht am Donnerstag zur wirtschaftlichen Lage seines Landes",https://i.ds.at/-ol7Sw/rs:fill:1200:600/plain/lido-images/2026/09/03/1f84f458-140c-446d-a7cc-f7abb51b8dad.jpg,2026-09-03T03:48:38Z,,"Sie entscheiden darüber, wie Sie unsere Inhalte nutzen wollen. Ihr Gerät erlaubt uns derzeit leider nicht, die entsprechenden Optionen anzuzeigen.
Bitte deaktivieren Sie sämtliche Hard- und Software… [+180 chars]",,de,'Krieg'
https://www.derstandard.at/jetzt/livebericht/3000000338184/daenemark-deckte-russische-plaene-fuer-sabotage-auf-deutschland-sieht-hohe-gefaehrdung,https://www.derstandard.at/jetzt/livebericht/3000000338184/daenemark-deckte-russische-plaene-fuer-sabotage-auf-deutschland-sieht-hohe-gefaehrdung,0,www.derstandard.at,"Dänemark deckte russische Pläne für Sabotage auf, Deutschland sieht ""hohe Gefährdung""",Russlands Präsident Wladimir Putin spricht am Donnerstag in Ostrussland zur wirtschaftlichen Lage seines Landes,https://i.ds.at/4lwsOg/rs:fill:1200:600/plain/lido-images/2026/09/02/4944f7e6-44f3-4c29-b2eb-9bc712dbc0db.jpg,2026-09-03T03:48:38Z,,"Sie entscheiden darüber, wie Sie unsere Inhalte nutzen wollen. Ihr Gerät erlaubt uns derzeit leider nicht, die entsprechenden Optionen anzuzeigen.
Bitte deaktivieren Sie sämtliche Hard- und Software… [+180 chars]",,de,'Putin'
https://www.zeit.de/news/2026-09/03/wolken-etwas-regen-und-erneut-hitze-in-bayern,https://www.zeit.de/news/2026-09/03/wolken-etwas-regen-und-erneut-hitze-in-bayern,0,www.zeit.de,"Wetter in Bayern: Wolken, etwas Regen und erneut Hitze in Bayern","Hier finden Sie Informationen zu dem Thema „Wetter in Bayern“. Lesen Sie jetzt „Wolken, etwas Regen und erneut Hitze in Bayern“.",https://img.zeit.de/news/2026-09/03/wolken-etwas-regen-und-erneut-hitze-in-bayern-image-group/wide__1300x731,2026-09-03T03:53:01Z,,Nach weitgehend freundlichen Tagen wird es etwas grauer im Freistaat. Vor allem in Nordbayern erwartet der Deutsche Wetterdienst (DWD) dichte Wolkenfelder und hier und da auch Regen. Dazu gibt es Tem… [+778 chars],,de,'Bayern'
https://www.zeit.de/politik/ausland/2026-09/kriegsfuehrung-usa-iran-ok-america,https://www.zeit.de/politik/ausland/2026-09/kriegsfuehrung-usa-iran-ok-america,0,www.zeit.de,Kriegsführung der USA: Amerikas und Donald Trumps endlose Kriege,"Der Iran sei besiegt, behaupten die USA – und greifen weiter an. Der nächste »forever war«? Das Thema im US‑Podcast. Und: der CIA-Chef in Moskau, Trumps Ukrainepolitik",https://img.zeit.de/politik/ausland/2026-09/kriegsfuehrung-usa-iran-ok-america-bild/wide__1300x731,2026-09-03T04:05:06Z,,"Donald Trump, US-Präsident und Oberbefehlshaber der Streitkräfte© [M] DIe ZEIT, Foto: Kevin Dietsch/Getty Images
»Was für eine dumme Frage.« So herrschte Donald Trump eine Journalistin an, die den U… [+1405 chars]",,de,'Krieg'
https://www.n-tv.de/politik/Heeresinspekteur-haelt-wegen-Russland-anderen-Modus-fuer-noetig-id31263892.html,https://www.n-tv.de/politik/Heeresinspekteur-haelt-wegen-Russland-anderen-Modus-fuer-noetig-id31263892.html,0,www.n-tv.de,"""Feind wartet nicht"": Heeresinspekteur hält wegen Russland ""anderen Modus"" für nötig","Ein Ende des Krieges in der Ukraine wünscht man sich überall in Europa. Doch ausgerechnet in diesem Szenario steckt eine große Gefahr. Der deutsche Heeresinspekteur glaubt nicht, dass Russlands Kriegsambitionen gestillt wären. Und die derzeitigen Maßnahmen in…",https://www.n-tv.de/img/31263903/1788416273/Img_16_9/1200/600463805.jpg,2026-09-03T04:56:45Z,,"Christian Freuding warnt vor einem möglichen Angriff innerhalb der nächsten Jahre. (Foto: picture alliance/dpa)
Ein Ende des Krieges in der Ukraine wünscht man sich überall in Europa. Doch ausgerech… [+1448 chars]",,de,'Krieg'
https://www.focus.de/politik/ausland/amerikanische-hotline-fuer-militaerangehoerige-ist-derzeit-stark-ausgelastet-soldaten-wollen-wissen-wie-sie-aus-ihrem-vertrag-herauskommen-koennen_754c9b75-26a4-4ebc-b08e-f58e5b5ee3d5.html,https://www.focus.de/politik/ausland/amerikanische-hotline-fuer-militaerangehoerige-ist-derzeit-stark-ausgelastet-soldaten-wollen-wissen-wie-sie-aus-ihrem-vertrag-herauskommen-koennen_754c9b75-26a4-4ebc-b08e-f58e5b5ee3d5.html,0,www.focus.de,"Amerikanische Hotline für Militärangehörige ist derzeit stark ausgelastet: „Soldaten wollen wissen, wie sie aus ihrem Vertrag herauskommen können“",Seit Beginn des Iran-Kriegs suchen immer mehr US-Soldaten Hilfe bei einer Hotline. Viele fragen nach einem Ausstieg aus dem Vertrag. Andere berichten von Überlastung und Gewissenskonflikten.,"https://quadro.burda-forward.de/ctf/4fb863d4-cd1e-4ead-ba61-20c6c829293f.24b8cb31-9283-41cb-bfe1-ec81f321e6c7.jpg?im=RegionOfInterestCrop=(1200,630),regionOfInterest=(1778,1778)&hash=773a1290aa4003f268ad66b90e8cee476a11605e9c992779b57962d16b607140",2026-09-03T05:22:00Z,,"US-Soldaten und ihre Familien suchen seit Beginn des Kriegs gegen den Iran deutlich häufiger psychologische Hilfe. Viele möchten wissen, wie sie aus ihrem Vertrag herauskommen. Andere schildern Gewis… [+3086 chars]",,de,'Krieg'
https://www.focus.de/politik/experte-schindler-mit-hybriden-operationen-testet-putin-deutsche-schwaechen_d036d417-bc84-4d7d-819a-0b81d0544469.html,https://www.focus.de/politik/experte-schindler-mit-hybriden-operationen-testet-putin-deutsche-schwaechen_d036d417-bc84-4d7d-819a-0b81d0544469.html,0,www.focus.de,Experte Schindler: Mit hybriden Operationen testet Putin deutsche Schwächen,Nach dem Drohnen-Vorfall in Leipzig warnt Experte Hans-Jakob Schindler: Russland testet gezielt deutsche Schwächen. Wladimir Putins Ziel ist eine langfristige Zermürbung.,"https://quadro.burda-forward.de/ctf/24159e31-299b-4103-856f-bdac16be2672.1d80185c-993e-4ea0-884d-5f5d3d43bac5.jpg?im=RegionOfInterestCrop=(1200,630),regionOfInterest=(2766,1671)&hash=340ff87b6aff06fcc6ea66eb168c50586ccc3aef05f3da7f5c35c5fb96fd13bc",2026-09-03T05:31:00Z,,"Putin wolle mit jeder hybriden Operation in Deutschland auch die Reaktionen und die allgemeine Reaktionsfähigkeit testen, sagt Sicherheitsexperte Hans-Jakob Schindler im Gespräch mit FOCUS online. Es… [+2421 chars]",,de,'Putin'
https://www.derstandard.at/story/3000000337810/als-washington-und-moskau-noch-zusammenarbeiteten,https://www.derstandard.at/story/3000000337810/als-washington-und-moskau-noch-zusammenarbeiteten,0,www.derstandard.at,Als Washington und Moskau noch zusammenarbeiteten,"Rose Gottemoeller zeigt in ihrem Buch, wie die US-russische Kooperation nach dem Kalten Krieg entstand, zerbrach und was davon zu retten ist",https://i.ds.at/qtw4Vg/rs:fill:1200:600/plain/lido-images/2026/09/01/07944314-1c87-4b4d-9aad-4ba6fad3b98b.png,2026-09-03T06:00:00Z,,"Rose Gottemoeller: Security Through Cooperation: Space, Nuclear Weapons, and US-Russia Relations After The Cold War, erschienen bei Stanford University Press.
Stanford University Press
Es gibt Büch… [+683 chars]",,de,'Krieg'
https://www.tagesspiegel.de/politik/dpa-top-general-fordert-schnelleren-ausbau-der-bundeswehr-16011454.html,https://www.tagesspiegel.de/politik/dpa-top-general-fordert-schnelleren-ausbau-der-bundeswehr-16011454.html,0,www.tagesspiegel.de,„Der Feind wartet nicht auf unsere Fertigmeldung“: Top-General fordert schnelleren Ausbau der Bundeswehr,"Deutschland müsse mehr militärische Stärke zeigen, um abzuschrecken, sagt Generalleutnant Christian Freuding. Er warnt vor einem russischen Angriff nach einem möglichen Ende des Ukraine-Kriegs.",https://www.tagesspiegel.de/images/16011466/alternates/BASE_16_9_W1400/1788415311000/christian-freuding.jpeg,2026-09-03T06:08:46Z,,"Der Inspekteur des Heeres, Generalleutnant Christian Freuding, fordert angesichts der russischen Bedrohungen mehr Tempo beim Ausbau der Bundeswehr. Wir müssen in einen anderen Modus schalten. Wir bra… [+1437 chars]",,de,'Krieg'
https://www.focus.de/politik/ausland/groesste-bedrohung-geht-von-russland-aus-moskau-koennte-nato-ohne-vorwarnung-angreifen_f85a8892-1f0f-4040-af29-7df6f7a6f312.html,https://www.focus.de/politik/ausland/groesste-bedrohung-geht-von-russland-aus-moskau-koennte-nato-ohne-vorwarnung-angreifen_f85a8892-1f0f-4040-af29-7df6f7a6f312.html,0,www.focus.de,„Größte Bedrohung geht von Russland aus”: Moskau könnte Nato ohne Vorwarnung angreifen,Prag rechnet bis 2045 mit einem möglichen Krieg in Europa. Ein internes Strategiepapier warnt vor einem überraschenden Angriff auf Nato-Staaten – Moskau und Peking werden als größte Gefahren genannt.,"https://quadro.burda-forward.de/ctf/33c95269-2740-4df1-a12b-5342536fb4f7.02f44724-db9e-4778-8dd5-63f6565c2d53.jpg?im=RegionOfInterestCrop=(1200,630),regionOfInterest=(2663,1220)&hash=1b078ac258bea7b2335f84b15cae10f2fcd91122d4a9816e1569331465415c3b",2026-09-03T06:15:00Z,,Das tschechische Verteidigungsministerium rechnet in den kommenden zwei Jahrzehnten mit einem Krieg in Europa. Ein internes Strategiepapier für die Armee zur langfristigen Verteidigungsplanung bis zu… [+2754 chars],,de,'Krieg'
https://www.zeit.de/news/2026-09/03/lka-bayern-vermutet-anschlagversuch-auf-ruestungsunternehmen,https://www.zeit.de/news/2026-09/03/lka-bayern-vermutet-anschlagversuch-auf-ruestungsunternehmen,0,www.zeit.de,Kriminalität: LKA Bayern vermutet Anschlagversuch auf Rüstungsunternehmen,Hier finden Sie Informationen zu dem Thema „Kriminalität“. Lesen Sie jetzt „LKA Bayern vermutet Anschlagversuch auf Rüstungsunternehmen“.,https://img.zeit.de/administratives/sharing/fallback-image-die-zeit/wide__1300x731,2026-09-03T06:53:00Z,,Nach einer Brandattacke auf eine Baustelle in München vermutet das Bayerische Landeskriminalamt (LKA) einen Anschlagsversuch gegen ein Unternehmen aus dem Rüstungsbereich. Es werde wegen eines politi… [+225 chars],,de,'Bayern'
https://www.zeit.de/wirtschaft/2026-09/gasspeicher-deutschland-betreiber-ines-kosten-winter-gxe,https://www.zeit.de/wirtschaft/2026-09/gasspeicher-deutschland-betreiber-ines-kosten-winter-gxe,0,www.zeit.de,Gasspeicher in Deutschland: Betreiber von Gasspeichern fordern Vergünstigungen,Deutschlands Gasspeicher sind im Schnitt zu gut 53 Prozent gefüllt. Die Betreiber von Gasspeichern warnen vor einem Mangel und schlagen Maßnahmen zur Vergünstigung vor.,https://img.zeit.de/wirtschaft/2026-09/gasspeicher-deutschland-betreiber-ines-kosten-winter-foto-1/wide__1300x731,2026-09-03T06:54:28Z,,"Um die Gasspeicherstände in Deutschland zu erhöhen, wollen die Betreiber von Gasspeichern Vergünstigungen für ihr Geschäft. »Die aktuellen Marktbedingungen setzen keine ausreichenden wirtschaftlichen… [+1914 chars]",,de,'Gas'
https://www.golem.de/sonstiges/zustimmung/auswahl.html?from=https://www.golem.de/news/formgedaechtnislegierung-waerme-wird-ohne-strom-in-kaelte-ueberfuehrt-2609-212583.html&referer=https://t.co/0590f58f0e,https://www.golem.de/sonstiges/zustimmung/auswahl.html?from=https://www.golem.de/news/formgedaechtnislegierung-waerme-wird-ohne-strom-in-kaelte-ueberfuehrt-2609-212583.html&referer=https://t.co/0590f58f0e,0,www.golem.de,Formgedächtnislegierung: Wärme wird ohne Strom in Kälte überführt,"Die Kombination zweier außergewöhnlicher Materialien macht aus Abwärme eine Kühlung. Das soll Elektronik viel effizienter kühlen können. (Kühlung, Energiewende)",,2026-09-03T07:45:02Z,,"Besuchen Sie Golem.de wie gewohnt mit Werbung und Tracking,
 indem Sie der Nutzung aller Cookies zustimmen.
 Details zum Tracking finden Sie im Privacy Center.
Skript wurde nicht geladen. Informat… [+607 chars]",,de,'Kälte'
https://www.kino.de/news/dieser-kriegsfilm-zerstoert-euch-komplett-streamt-jetzt-diesen-geheimtipp-bei-amazon-der-an-actionszenen-ganz-anders-herangeht-als-hollywoodfilme--01M1HAC9M3EC8MA2KKTC2VKZHP,https://www.kino.de/news/dieser-kriegsfilm-zerstoert-euch-komplett-streamt-jetzt-diesen-geheimtipp-bei-amazon-der-an-actionszenen-ganz-anders-herangeht-als-hollywoodfilme--01M1HAC9M3EC8MA2KKTC2VKZHP,0,www.kino.de,"Dieser Kriegsfilm zerstört euch komplett: Streamt jetzt diesen Geheimtipp bei Amazon, der an Actionszenen ganz anders herangeht als Hollywoodfilme","„Winterkrieg“ zeigt den Krieg nicht als Heldenspektakel, sondern als kalten, erschöpfenden Überlebenskampf. Genau deshalb gilt der Film bis heute als außergewöhnlich intensiv.",https://static.kino.de/83/01/0e/8387d1c0292b22d41b71516a1a_cmUgMTkyMCAxMDgwAzgxODdjOTI0NzEx.jpg,2026-09-03T08:00:00Z,,"Winterkrieg zeigt den Krieg nicht als Heldenspektakel, sondern als kalten, erschöpfenden Überlebenskampf. Genau deshalb gilt der Film bis heute als außergewöhnlich intensiv.
Wenn über große Kriegsfi… [+2626 chars]",,de,'Winter'
https://fm4.orf.at/story/buecherliste-kalte-buecher-100/vier-kalte-buecher,https://fm4.orf.at/story/buecherliste-kalte-buecher-100/vier-kalte-buecher,0,fm4.orf.at,Vier „kalte“ Bücher,Österreich erlebt gerade den wärmsten Sommer seit Aufzeichnungsbeginn. Es ist Zeit sich mit allen Mitteln abzukühlen und das geht auch erstaunlich gut mit Literatur: Wir stellen euch vier Bücher über die Kälte vor.,https://soph-assets.orf.at/sis/image/79d9cf99-6372-4253-92ac-2256198d0068/AAABoEO-PPI/AAABoFzPm4M/image_variant_16_9/buecherliste-kalte-buecher-bilder-100.webp?width=1280,2026-09-03T08:35:27Z,,"Christoph Ransmayr Die Schrecken des Eises und der Finsternis 
Dieser Roman ist perfekt, wenn ihr Abenteuer mögt, die auf historischen Ereignissen basieren. Im Juni 1872 legt die Admiral Tegetthoff … [+5491 chars]",,de,'Kälte'
https://www.brigitte.de/leben/wohnung-zu-heiss--dieser-wasserflaschen-trick-sorgt-blitzschnell-fuer-abkuehlung-13550392.html,https://www.brigitte.de/leben/wohnung-zu-heiss--dieser-wasserflaschen-trick-sorgt-blitzschnell-fuer-abkuehlung-13550392.html,0,www.brigitte.de,Kälte-Tipp: So kühlt der Wasserflaschen-Trick eure Wohnung blitzschnell ab,Es ist mal wieder unerträglich heiß in deinem Zimmer? Mit diesem Trick kühlst du Innenräumen in nur drei Stunden um einige Grad herunter.,https://image.brigitte.de/14088162/t/32/v1/w1440/r1.7778/-/flaschentrickneu.jpg,2026-09-03T09:30:00Z,,"Es ist mal wieder unerträglich heiß in deinem Zimmer? Mit diesem Trick kühlst du Innenräume ohne Aufwand ganz einfach ein paar Grad ab.
Der Sommer ist endlich da und verschafft uns viele unvergessli… [+813 chars]",,de,'Kälte'
https://www.zeit.de/news/2026-09/03/speicherbetreiber-fordern-entlastung-fuer-gas-einspeicherung,https://www.zeit.de/news/2026-09/03/speicherbetreiber-fordern-entlastung-fuer-gas-einspeicherung,0,www.zeit.de,Speicher halb leer: Speicherbetreiber fordern Entlastung für Gas-Einspeicherung,Hier finden Sie Informationen zu dem Thema „Speicher halb leer“. Lesen Sie jetzt „Speicherbetreiber fordern Entlastung für Gas-Einspeicherung“.,https://img.zeit.de/news/2026-09/03/speicherbetreiber-fordern-entlastung-fuer-gas-einspeicherung-image-group/wide__1300x731,2026-09-03T10:10:00Z,,"Angesichts niedriger Füllstände in Gasspeichern fordern die Betreiber der Anlagen Regeländerungen, damit ihre Speicher voller werden. Der Branchenverband Initiative Energien Speichern (Ines) legte ei… [+2194 chars]",,de,'Gas'
https://www.zeit.de/news/2026-09/03/preisspruenge-bei-oel-und-gas-machen-tanken-und-heizen-teurer,https://www.zeit.de/news/2026-09/03/preisspruenge-bei-oel-und-gas-machen-tanken-und-heizen-teurer,0,www.zeit.de,Energiepreise: Preissprünge bei Öl und Gas machen Tanken und Heizen teurer,Hier finden Sie Informationen zu dem Thema „Energiepreise“. Lesen Sie jetzt „Preissprünge bei Öl und Gas machen Tanken und Heizen teurer“.,https://img.zeit.de/news/2026-09/03/preisspruenge-bei-oel-und-gas-machen-tanken-und-heizen-teurer-image-group/wide__1300x731,2026-09-03T10:45:33Z,,Schlechte Nachrichten für Autofahrer und Heizölkunden - und möglicherweise noch mehr Verbraucher: Auf dem Weltmarkt ist der Preis für Rohöl wieder deutlich gestiegen. Die Notierung für Rohöl der Nord… [+5580 chars],,de,'Öl'
https://www.faz.net/aktuell/politik/ukraine/ukraine-liveticker-putin-keine-weitere-mobilisierung-notwendig-faz-110683325.html,https://www.faz.net/aktuell/politik/ukraine/ukraine-liveticker-putin-keine-weitere-mobilisierung-notwendig-faz-110683325.html,0,www.faz.net,Liveblog Ukrainekrieg: Putin: Keine weitere Mobilisierung notwendig,Rede beim Östlichen Wirtschaftsforum +++ Norwegen beschlagnahmt russisches Schiff +++ Dänischer Geheimdienst warnt vor Sabotageplänen +++ alle Neuigkeiten im Liveblog,https://media0.faz.net/image/w1200h627/2b7752959b8b/w3000h1567x0y216o/202609/43601.0.2501326290/russlands-praesident-wladimir.webp,2026-09-03T11:23:54Z,,Was sind nächsten Ziele Russlands in der Ukraine? Kommt eine neue Mobilisierungswelle? Solchen Fragen zum russischen Angriffskrieg in der Ukraine stellte sich Russlands Präsident Wladimir Putin in de… [+1374 chars],,de,'Putin'
https://www.focus.de/politik/ausland/teure-schlaege-aus-kiew-putin-gibt-echten-schaden-durch-ukrainische-drohnenangriffe-zu_a5d9ab72-8704-4035-8f85-f5cf947a7224.html,https://www.focus.de/politik/ausland/teure-schlaege-aus-kiew-putin-gibt-echten-schaden-durch-ukrainische-drohnenangriffe-zu_a5d9ab72-8704-4035-8f85-f5cf947a7224.html,0,www.focus.de,Teure Schläge aus Kiew: Putin gibt „echten Schaden“ durch ukrainische Drohnenangriffe zu,"Ukrainische Drohnen treffen Raffinerien, Häfen und Lager tief in Russland. Putin räumt Schäden ein. Der Kreml zieht die Zügel an und will kritische Infrastruktur nun selbst schützen.","https://quadro.burda-forward.de/ctf/262963d1-3f9a-4c65-bc88-ba4b8d14155d.8c8e3815-ccc9-43f9-ae6e-21f8352f44b9.jpg?im=RegionOfInterestCrop=(1200,630),regionOfInterest=(790,497)&hash=f28865c324541f8340c7209330ed503627f24950fc91649c10c5589af87ee9c1",2026-09-03T11:31:00Z,,Die ukrainischen Drohnenangriffe auf russische Infrastruktur haben nach Einschätzung von Präsident Wladimir Putin spürbare wirtschaftliche Folgen. Laut Bloomberg sprach Putin am 1. September auf eine… [+2614 chars],,de,'Putin'
https://www.sueddeutsche.de/wirtschaft/deutschland-gaskraftwerke-energiewende-li.3541262,https://www.sueddeutsche.de/wirtschaft/deutschland-gaskraftwerke-energiewende-li.3541262,0,www.sueddeutsche.de,"Energiesystem: Neue Gaskraftwerke sind bitter, aber nötig","Die EU-Kommission hat Deutschland die Förderung neuer Gaskraftwerke genehmigt. Was absurd klingt in Zeiten von hohen Gaspreisen, könnte die Energiewende voranbringen. Wenn man es richtig macht.",https://www.sueddeutsche.de/2026/09/03/65a06e45-5575-4dd1-b827-071e268677e6.jpg?q=60&fm=webp&width=1200&rect=0%2C209%2C4000%2C2250,2026-09-03T12:04:17Z,,"Wie war das, Deutschland will ein komplett erneuerbares Stromsystem? Ganz ohne fossile Energie? Und dann soll es richtig sein, neue Gaskraftwerke zu bauen, noch dazu finanziert von den deutschen Stro… [+48 chars]",,de,'Fossile Energie'
https://www.derstandard.at/story/3000000338287/wie-putin-krieg-gegen-deutschland-fuehrt,https://www.derstandard.at/story/3000000338287/wie-putin-krieg-gegen-deutschland-fuehrt,0,www.derstandard.at,Wie Putin Krieg gegen Deutschland führt,Russland steckt laut Deutschland hinter dem gescheiterten Anschlag auf den Flughafen Leipzig. Ist das noch hybrid oder befinden wir uns in einem echten Krieg?,https://i.ds.at/MxBxew/rs:fill:1200:600/plain/lido-images/2025/05/28/73931144-df07-46fa-981b-899603f65fb6.jpeg,2026-09-03T12:14:45Z,,"Sie entscheiden darüber, wie Sie unsere Inhalte nutzen wollen. Ihr Gerät erlaubt uns derzeit leider nicht, die entsprechenden Optionen anzuzeigen.
Bitte deaktivieren Sie sämtliche Hard- und Software… [+180 chars]",,de,'Putin'
https://www.sueddeutsche.de/projekte/artikel/politik/leipzig-drohne-putin-antonow-e016377/,https://www.sueddeutsche.de/projekte/artikel/politik/leipzig-drohne-putin-antonow-e016377/,0,www.sueddeutsche.de,Leipzig: Jedes Wort ein Sprengsatz,"Nach dem Anschlagsversuch auf die Antonow An-124 in Leipzig haben die Ermittler alles aufgefahren, bis sie sagen konnten, dass Russland der Drahtzieher ist. Es geht um eine klare Botschaft an Putin, aber auch darum, die Deutschen nicht noch mehr zu verängstig…","https://www.sueddeutsche.de/projekte/artikel/politik/leipzig-drohne-putin-antonow-e016377/2903e73173784e215e585a2c2b9c72104fecd04d5831a6d9d0fce12f2ed2f391_w2400_h1256_r430,0,6000,3140_q70.jpg",2026-09-03T13:00:00Z,,"Nach dem Anschlagsversuch in Leipzig haben die Ermittler alles aufgefahren, bis sie sagen konnten, dass Russland der Drahtzieher ist. Es geht um eine klare Botschaft an Putin, aber auch darum, die De… [+39 chars]",,de,'Putin'
https://www.n-tv.de/politik/BSW-will-fruehere-Russland-Korrespondentin-Gabriele-Krone-Schmalz-als-Bundespraesidentin-id31265523.html,https://www.n-tv.de/politik/BSW-will-fruehere-Russland-Korrespondentin-Gabriele-Krone-Schmalz-als-Bundespraesidentin-id31265523.html,0,www.n-tv.de,Warb um Verständnis für Putin: BSW will Ex-Moskau-Korrespondentin Krone-Schmalz als Bundespräsidentin,Eine mögliche Kandidatin des BSW hat in der Bundesversammlung zur Wahl der Nachfolge von Frank-Walter Steinmeier keine Aussicht auf Erfolg. Die Wagenknecht-Partei könnte passend zu ihrem kremlfreundlichen Kurs Gabriel Krone-Schmalz aufstellen.,https://www.n-tv.de/img/31265512/1788437609/Img_16_9/1200/616517086.jpg,2026-09-03T13:11:04Z,,"Die frühere Journalistin Gabriele Krone-Schmalz tritt auch auf Wahlkampfveranstaltungen des BSW auf. (Foto: picture alliance/dpa)
Eine mögliche Kandidatin des BSW hat in der Bundesversammlung zur Wa… [+2238 chars]",,de,'Putin'
https://www.focus.de/politik/ausland/putin-weist-spekulationen-ueber-neue-mobilmachung-zurueck_12f1f2d5-935c-45ba-878e-9c9d10a32d8d.html,https://www.focus.de/politik/ausland/putin-weist-spekulationen-ueber-neue-mobilmachung-zurueck_12f1f2d5-935c-45ba-878e-9c9d10a32d8d.html,0,www.focus.de,Putin weist Spekulationen über neue Mobilmachung zurück,Wladimir Putin weist Spekulationen über eine neue Mobilmachung in Russland zurück. Für die Ukraine handelt es sich dabei um eine Desinformationskampagne.,"https://quadro.burda-forward.de/ctf/85761eb8-564f-451e-af51-9da2645f4d58.73f4cee8-0ffd-42e8-887a-4e58075787f9.jpeg?im=RegionOfInterestCrop=(1200,630),regionOfInterest=(1024,683)&hash=7f0482ec4fc7327408558c026319255598b11844238390429d7e7a27ec0f104c",2026-09-03T13:19:00Z,,Russland plant nach den Worten seines Präsidenten Wladimir Putin derzeit keine neue Mobilmachung im Zuge der Ukraine-Offensive. Bei entsprechenden Spekulationen handele es sich um eine ukrainische De… [+1608 chars],,de,'Putin'
https://www.n-tv.de/politik/Putin-nimmt-Russlands-steigendes-Staatsdefizit-gelassen-id31265545.html,https://www.n-tv.de/politik/Putin-nimmt-Russlands-steigendes-Staatsdefizit-gelassen-id31265545.html,0,www.n-tv.de,Kremlchef: Keine Mobilmachung: Putin nimmt Russlands steigendes Staatsdefizit gelassen,"Russland gibt mehr Geld aus, als es einnimmt. Präsident Putin sieht in dem wachsenden Defizit aber kein ernsthaftes Problem. Eine neue Mobilmachung im Angriffskrieg gegen die Ukraine schließt der Kremlchef aus.",https://www.n-tv.de/img/31265618/1788438522/Img_16_9/1200/616524136.jpg,2026-09-03T13:19:03Z,,"Laut Putin ist das wachsende Haushaltsdefizit kein ernsthaftes Problem. (Foto: picture alliance / TASS)
Russland gibt mehr Geld aus, als es einnimmt. Präsident Putin sieht in dem wachsenden Defizit … [+2750 chars]",,de,'Putin'
https://www.focus.de/politik/ausland/trotz-milliardenverlusten-durch-ukrainische-angriffe-sieht-putin-russlands-wirtschaft-weiter-stabil-und-haelt-eine-fortsetzung-des-krieges-fuer-moeglich_c2f869b5-4be0-4c59-8b97-f1eec514ceb5.html,https://www.focus.de/politik/ausland/trotz-milliardenverlusten-durch-ukrainische-angriffe-sieht-putin-russlands-wirtschaft-weiter-stabil-und-haelt-eine-fortsetzung-des-krieges-fuer-moeglich_c2f869b5-4be0-4c59-8b97-f1eec514ceb5.html,0,www.focus.de,Trotz Milliardenverlusten durch ukrainische Angriffe sieht Putin Russlands Wirtschaft weiter stabil und hält eine Fortsetzung des Krieges für möglich,Trotz Milliardenverlusten durch ukrainische Angriffe auf Raffinerien und Infrastruktur sieht Kremlchef Wladimir Putin die russische Wirtschaft weiter auf stabilem Kurs.,"https://quadro.burda-forward.de/ctf/37a9087c-d126-49d9-8777-1fe603a0396c.46971c74-a396-4a42-b86f-6ae16436e86e.jpeg?im=RegionOfInterestCrop=(1200,630),regionOfInterest=(1024,683)&hash=27f6da4daa9ea9c5d2ff37552dd4ee8583d64864b139f2e387d07862127257b9",2026-09-03T13:45:00Z,,Kremlchef Wladimir Putin sieht trotz Milliardenschäden durch die ukrainischen Angriffe auf Ölraffinerien und andere kritische Infrastruktur weiter Ressourcen für eine Fortsetzung seines Krieges. Die … [+4968 chars],,de,'Putin'
https://www.zeit.de/2026/38/vaterland-pawel-pawlikowski-thomas-mann-film,https://www.zeit.de/2026/38/vaterland-pawel-pawlikowski-thomas-mann-film,0,www.zeit.de,»Vaterland« von Paweł Pawlikowski: Stilles Erkennen eines Desasters,"In »Vaterland« kehrt der Großschriftsteller zum ersten Mal nach dem Krieg in seine alte Heimat zurück. Kaum 70 Minuten dauert der Film, epochal fühlt er sich trotzdem an.",https://img.zeit.de/2026/38/stilles-erkennen-eines-desasters-bild-2/wide__1300x731,2026-09-03T13:49:59Z,,"Schließen
Artikelzusammenfassung
Thomas Mann kehrt 1949 in ein zerrissenes Deutschland zurück. Er reist zum 200. Geburtstag Goethes nach Frankfurt und Weimar, nimmt trotz Kritik Einladungen aus Wes… [+943 chars]",,de,'Krieg'
https://www.diepresse.com/41228783/oekonom-astrov-mit-klarem-fazit-die-russen-schaden-sich-selbst-mehr-als,https://www.diepresse.com/41228783/oekonom-astrov-mit-klarem-fazit-die-russen-schaden-sich-selbst-mehr-als,0,www.diepresse.com,Ökonom Astrov mit klarem Fazit: „Die Russen schaden sich selbst mehr als die westlichen Sanktionen“,"Im Ukraine-Krieg stehen die Zeichen auf Eskalation. Und auch zwischen Europa und Russland spitzt sich die Konfrontation zu. Zu Hause aber läuft für Wladimir Putin vieles nicht mehr rund – vor allem wirtschaftlich. Wer an dieser Misere schuld, erklärt Vasily A…",https://img.diepresse.com/public/incoming/axdxxp-russland35imagojpg/alternates/WEBP_WIDE_1200/Russland35_Imago.jpg,2026-09-03T13:54:10Z,,"Die Presse auf Google als bevorzugte Nachrichtenquelle hinzufügen.
 In Russlands Wirtschaft besteht offenbar Handlungsbedarf. Nicht zufällig tauchte gerade in den vergangenen Tagen eine ganze Reihe … [+1224 chars]",,de,'Putin'
https://www.nzz.ch/international/norwegen-setzt-russisches-schiff-in-spitzbergen-fest-kreml-empoert-ld.10022208,https://www.nzz.ch/international/norwegen-setzt-russisches-schiff-in-spitzbergen-fest-kreml-empoert-ld.10022208,0,www.nzz.ch,Norwegen setzt ein russisches Passagierschiff in Spitzbergen fest – Putin spricht von «Staatsterrorismus»,"Für Russlands Präsenz in der Arktis ist «Professor Molchanow» wichtig. Dass das Schiff nun auf Antrag eines ukrainischen Staatsunternehmens beschlagnahmt wurde, passt dem Kreml gar nicht. Der Fall erhöht die Spannungen in der Arktis.","https://img-msp-prod.nzz.ch/2026/09/03/8c8ac997-dfbe-428b-9480-3514b240452c.jpg?width=1200&height=675&fit=bounds&quality=75&auto=webp&crop=3840,2160,x0,y0&wmark=nzz",2026-09-03T14:00:00Z,,"Für Russlands Präsenz in der Arktis ist «Professor Molchanow» wichtig. Dass das Schiff nun auf Antrag eines ukrainischen Staatsunternehmens beschlagnahmt wurde, passt dem Kreml gar nicht. Der Fall er… [+5259 chars]",,de,'Putin'
https://www.tagesspiegel.de/kultur/schliessung-des-goethe-instituts-in-moskau-putin-schottet-seine-landsleute-kulturell-ab--auch-das-ist-krieg-16012692.html,https://www.tagesspiegel.de/kultur/schliessung-des-goethe-instituts-in-moskau-putin-schottet-seine-landsleute-kulturell-ab--auch-das-ist-krieg-16012692.html,0,www.tagesspiegel.de,Schließung des Goethe-Instituts in Moskau: Putin schottet seine Landsleute kulturell ab – auch das ist Krieg,"Nach der Ankündigung der Bundesregierung, den Vertrag mit dem Russischen Haus in Berlin zu kündigen, reagiert Moskau mit der Schließung der Goethe-Institute. Was bedeutet das für die russische Zivilgesellschaft?",https://www.tagesspiegel.de/images/16014583/alternates/BASE_16_9_W1400/1788441360000/a-man-stands-in-red-square-in-moscow.jpeg,2026-09-03T14:54:29Z,,"Als vor gerade einmal drei Wochen die zur Universität Bremen gehörende Forschungsstelle Osteuropa von Russlands Justizministerium zur unerwünschten Organisation erklärt wurde, nahm hierzulande kaum j… [+4746 chars]",,de,'Putin'
https://www.morgenpost.de/politik/article413049918/hohe-huerden-fuers-visum-so-schwer-ist-es-fuer-russen-nach-europa-einzureisen.html,https://www.morgenpost.de/politik/article413049918/hohe-huerden-fuers-visum-so-schwer-ist-es-fuer-russen-nach-europa-einzureisen.html,0,www.morgenpost.de,"Hohe Hürden fürs Visum: So schwer ist es für Russen, nach Europa einzureisen",Die EU hat die Regeln seit Beginn des Ukraine-Kriegs bereits deutlich verschärft. Jetzt sind weitere Restriktionen geplant.,https://img.sparknews.funkemedien.de/413050237/413050237_1788447436_v16_9_1600.jpeg,2026-09-03T14:57:17Z,,"Nach der gescheiterten Drohnen-Attacke am Leipziger Flughafen soll es für russische Staatsbürger in Zukunft noch schwerer als bisher werden, nach Deutschland und in andere europäische Länder einzurei… [+4584 chars]",,de,'Krieg'
https://www.zeit.de/politik/2026-09/deutsch-russische-beziehung-goethe-institute-schliessung-nachrichtenpodcast,https://www.zeit.de/politik/2026-09/deutsch-russische-beziehung-goethe-institute-schliessung-nachrichtenpodcast,0,www.zeit.de,Deutsch-russische Beziehungen: Deutschland setzt ein Zeichen – versteht Putin es auch?,Russland schließt die letzten drei Goethe-Institute im Land. Wie reagiert Moskau auf Deutschlands neue Maßnahmen? Und: Neue Hoffnung für die deutsche Wirtschaft,https://img.zeit.de/politik/ausland/2026-09/deutsch-russische-beziehung-goethe-institute-schliessung-nachrichtenpodcast-bild/wide__1300x731,2026-09-03T15:00:16Z,,Die deutsch-russischen Beziehungen sind diese Woche auf einem neuen Tiefpunkt angelangt. Die Bundesregierung machte Russland für den gescheiterten Anschlagsversuch am Leipziger Flughafen verantwortli… [+2324 chars],,de,'Putin'
https://www.focus.de/politik/ausland/usa-blossgestellt-trump-gehen-im-iran-krieg-optionen-aus_977b4025-e1fd-4021-b62c-50ec7809c492.html,https://www.focus.de/politik/ausland/usa-blossgestellt-trump-gehen-im-iran-krieg-optionen-aus_977b4025-e1fd-4021-b62c-50ec7809c492.html,0,www.focus.de,„USA bloßgestellt”: Trump gehen im Iran-Krieg Optionen aus,Trump steckt im Iran-Konflikt fest: Trotz Siegesrhetorik fehlen ihm offenbar Auswege. Teheran hält die Straße von Hormus als Druckmittel – und die Eskalation geht weiter.,"https://quadro.burda-forward.de/ctf/de35c3a0-8250-4d8e-a7f2-f42e9cce4083.74f1170c-55b4-4214-9f50-c690f2218f86.jpeg?im=RegionOfInterestCrop=(1200,630),regionOfInterest=(1159,548)&hash=8dd4ee7a1dec83958d6bedddc42323aa3c7820f91a9ad14df11ff509763443a5",2026-09-03T16:04:00Z,,"Während der On-Off-Konflikt mit dem Iran erneut aufflammt, scheint US-Präsident Donald Trump sich zunehmend in einen Krieg zu verstricken, den er weder kontrollieren noch hinter sich lassen kann trot… [+7789 chars]",,de,'Krieg'
https://www.derstandard.at/story/3000000338297/kann-europa-putin-staerke-zeigen-ohne-in-einen-krieg-zu-schlittern,https://www.derstandard.at/story/3000000338297/kann-europa-putin-staerke-zeigen-ohne-in-einen-krieg-zu-schlittern,0,www.derstandard.at,"Kann Europa Putin Stärke zeigen, ohne in einen Krieg zu schlittern?",Die gewalttätigen russischen Provokationen zwingen die westlichen Demokratien zu einem schwierigen Balanceakt. Die beste Antwort ist mehr Hilfe für die Ukraine,https://i.ds.at/KvZOMw/rs:fill:1200:600/plain/lido-images/2026/09/03/3ffb3ad4-9901-40fc-9750-316580ebfec0.jpg,2026-09-03T16:08:45Z,,"In Leipzig wurde am Wochenende gegen die deutsche Aufrüstung demonstriert. Doch der Drohnenangriff auf den Flughafen der Stadt stärkt eher die Widerstandsbereitschaft im Land.
IMAGO/EHL Media/Björn … [+1011 chars]",,de,'Putin'
https://www.welt.de/politik/deutschland/video6a99b304240b302c8a83862d/sigmar-gabriel-putin-fuehrt-keinen-krieg-gegen-die-ukraine-er-fuehrt-einen-gegen-den-westen.html,https://www.welt.de/politik/deutschland/video6a99b304240b302c8a83862d/sigmar-gabriel-putin-fuehrt-keinen-krieg-gegen-die-ukraine-er-fuehrt-einen-gegen-den-westen.html,0,www.welt.de,„Putin führt keinen Krieg gegen die Ukraine. Er führt einen gegen den Westen“,"Ex-Außenminister Sigmar Gabriel kann die Russland-Sympathien vieler Ostdeutscher nicht nachvollziehen: „Man muss ja nur den Fernseher anmachen, um zu sehen, was Russland den Menschen in der Ukraine antut.“",https://images.welt.de/6a99b304240b302c8a83862d/ad1cb72549ab8ea815fbbffe9829f84c/ci16x9-w1200/gabriel-png,2026-09-03T17:56:23Z,,"Ex-Außenminister Sigmar Gabriel kann die Russland-Sympathien vieler Ostdeutscher nicht nachvollziehen: Man muss ja nur den Fernseher anmachen, um zu sehen, was Russland den Menschen in der Ukraine an… [+63 chars]",,de,'Putin'
https://www.diepresse.com/41224640/krieg-blockaden-88-prozent-inflation-wie-schafft-es-der-iran-seine-am,https://www.diepresse.com/41224640/krieg-blockaden-88-prozent-inflation-wie-schafft-es-der-iran-seine-am,0,www.diepresse.com,"Krieg, Blockaden, 88 Prozent Inflation: Wie schafft es der Iran, seine Wirtschaft am Laufen zu halten? [premium]","Die US-Blockade trifft Irans wichtigste Einnahmequellen, der Rial ist auf ein Rekordtief gefallen, die Inflation explodiert. Dass die Wirtschaft trotzdem nicht kollabiert, hat spezifische Gründe. Sie erinnern auffällig an Russland.",https://img.diepresse.com/public/incoming/ezog3h-afpb6cd8pdjpg/alternates/WEBP_WIDE_1200/AFP_B6CD8PD.jpg,2026-09-03T18:18:26Z,,"Irans Wirtschaft steckt in einer tiefen Krise: Die Inflation ist auf fast 88 Prozent gestiegen, der Rial auf ein Rekordtief gefallen. Dennoch ist die Wirtschaft nach sechs Monaten Krieg nicht kollabi… [+8781 chars]",,de,'Inflation'
https://www.tagesspiegel.de/gesellschaft/dpa-buchveroffentlichung-16016206.html,https://www.tagesspiegel.de/gesellschaft/dpa-buchveroffentlichung-16016206.html,0,www.tagesspiegel.de,Buchveröffentlichung: Im Outback verirrt: Carolina Wilga schildert Überlebenskampf,"2025 bangte die halbe Welt tagelang um Carolina Wilga. Nun erzählt die Deutsche in einem packenden Buch von Kälte, Angst und Durst – und davon, was ihr die Kraft gab, Australiens Outback zu überleben.",https://www.tagesspiegel.de/images/16016205/alternates/BASE_16_9_W1400/1788498068000/carolina-wilga.jpeg,2026-09-04T05:01:08Z,,"Das endlose Outback Westaustraliens, Ende Juni 2025: Eine junge Deutsche ist spurlos verschwunden. Die Suche nach Carolina Wilga machte Schlagzeilen in aller Welt, und nicht nur in Deutschland bangte… [+7250 chars]",,de,'Kälte'
https://www.faz.net/aktuell/wirtschaft/klima-nachhaltigkeit/leo-birnbaum-was-den-gaspreis-diesen-winter-antreibt-accg-201177793.html,https://www.faz.net/aktuell/wirtschaft/klima-nachhaltigkeit/leo-birnbaum-was-den-gaspreis-diesen-winter-antreibt-accg-201177793.html,0,www.faz.net,Eon-Chef Birnbaum im Interview: „Das wird zu hohen Gaspreisen führen“,"Eon-Chef Leo Birnbaum spricht im Interview über den kommenden Winter, Sabotage im Energienetz und zehn Jahre Wartezeit auf Stromanschlüsse für Rechenzentren.",https://media0.faz.net/image/w1200h627/f48e54722fc7/w5000h2612x0y360o/202608/43601.0.2489775742/leonhard-birnbaum-59-ist-seit.webp,2026-09-04T05:13:01Z,,"Herr Birnbaum, Sie haben immer wieder davor gewarnt, dass Deutschland dabei ist, seine Industrie zu verlieren 
Ja, und anfangs wurde mir deshalb Schwarzmalerei vorgeworfen. Leider aber ist die Deind… [+10614 chars]",,de,'Öl'
https://www.telepolis.de/article/Chinas-stille-Macht-Warum-der-Oelpreis-nicht-staerker-stieg-11440302.html,https://www.telepolis.de/article/Chinas-stille-Macht-Warum-der-Oelpreis-nicht-staerker-stieg-11440302.html,0,www.telepolis.de,Chinas stille Macht: Warum der Ölpreis nicht stärker stieg,"Trotz der Spannungen an der Straße von Hormus blieb der Ölpreis unter den Erwartungen. Der Grund: China steuert Nachfrage, Reserven und Lieferwege.",https://heise.cloudimg.io/v7/_www-heise-de_/imgs/18/5/1/5/8/5/2/0/shutterstock_2767466895-8a562cc8e598fba7.jpg?func=bound&height=1200&org_if_sml=1&q=85&width=1200,2026-09-04T06:00:00Z,,"Chinas Einfluss auf den globalen Ölmarkt zeigt sich in der Steuerung von Nachfrage und Reserven.
(Bild: Minh8686 / Shutterstock.com)
Trotz der Spannungen an der Straße von Hormus blieb der Ölpreis … [+10267 chars]",,de,'Öl'
https://www.faz.net/aktuell/politik/inland/sabotage-an-umspannwerken-polizei-ist-moeglichem-taeter-auf-der-spur-accg-201190271.html,https://www.faz.net/aktuell/politik/inland/sabotage-an-umspannwerken-polizei-ist-moeglichem-taeter-auf-der-spur-accg-201190271.html,0,www.faz.net,Sabotage an Umspannwerken: Polizei ist möglichem Täter dicht auf der Spur,"Die Fahndung läuft laut F.A.Z.-Informationen auf Hochtouren. Der Verfasser eines Bekennerschreibens gibt an, gegen die fossile Energieindustrie vorgehen zu wollen.",https://media0.faz.net/image/w1200h627/1a5733ad4fe8/w4500h2351x0y559o/202609/43601.0.2503544797/kriminaltechniker-arbeiten-am.webp,2026-09-04T06:55:08Z,,"Nach einem weiteren Sabotageversuch an einem Umspannwerk in Dormagen zwischen Köln und Düsseldorf ist die Polizei nach Informationen der F.A.Z. einem Mann dicht auf der Spur, der ein Bekennerschreibe… [+4154 chars]",,de,'fossile Energie'
https://www.derstandard.at/story/3000000338296/die-berggipfel-der-alpen-werden-gruener-auf-kosten-von-spezialisierten-arten,https://www.derstandard.at/story/3000000338296/die-berggipfel-der-alpen-werden-gruener-auf-kosten-von-spezialisierten-arten,0,www.derstandard.at,Die Berggipfel der Alpen werden grüner – auf Kosten von spezialisierten Arten,Immer mehr an Kälte angepasste Spezies verschwinden von Beobachtungsflächen auf 62 europäischen Gipfeln. Das hat vor allem mit einem Konkurrenzkampf zu tun,https://i.ds.at/hd4IiA/rs:fill:1200:600/plain/lido-images/2026/09/03/f78058d4-b17e-4a88-8aaf-b6ecfe0fd5e5.jpg,2026-09-04T07:00:00Z,,"Sie entscheiden darüber, wie Sie unsere Inhalte nutzen wollen. Ihr Gerät erlaubt uns derzeit leider nicht, die entsprechenden Optionen anzuzeigen.
Bitte deaktivieren Sie sämtliche Hard- und Software… [+180 chars]",,de,'Kälte'
https://www.focus.de/politik/ausland/bessent-macht-die-ukraine-fuer-die-hohen-energiepreise-verantwortlich_d5f7d393-cb4f-4c89-ae95-af6705239c30.html,https://www.focus.de/politik/ausland/bessent-macht-die-ukraine-fuer-die-hohen-energiepreise-verantwortlich_d5f7d393-cb4f-4c89-ae95-af6705239c30.html,0,www.focus.de,Bessent macht die Ukraine für die hohen Energiepreise verantwortlich,Scott Bessent gibt der Ukraine eine Mitschuld am Preisschub bei Energie. Ihre Angriffe auf russische Ölanlagen hätten den Markt zusätzlich belastet.,"https://quadro.burda-forward.de/ctf/c31d41ae-515c-4164-af21-027ad9e62076.c1209b99-c376-48b6-825b-d863b47fba45.jpg?im=RegionOfInterestCrop=(1200,630),regionOfInterest=(777,410)&hash=553e04b9d745848e97b6524842e19324ca1b042e20dcce2a2b6708030b31f06a",2026-09-04T07:37:00Z,,Nach einem Treffen mit Russlands Finanzminister machte US-Finanzminister Scott Bessent auch die Ukraine für die hohen Energiepreise mitverantwortlich. Ihre Angriffe auf russische Ölanlagen hätten die… [+2088 chars],,de,'Öl'
https://www.focus.de/auto/ratgeber/wie-oel-multis-und-klingbeil-uns-an-der-zapfsaeule-ausnehmen_70e2227e-6e42-41ce-bde9-38348cc95846.html,https://www.focus.de/auto/ratgeber/wie-oel-multis-und-klingbeil-uns-an-der-zapfsaeule-ausnehmen_70e2227e-6e42-41ce-bde9-38348cc95846.html,0,www.focus.de,Wie Öl-Multis und Klingbeil uns an der Zapfsäule ausnehmen,"Die Ölkonzerne schieben die Rekordpreise auf die geopolitische Weltlage, doch der Blick auf die Börsenpreise offenbart ein anderes Bild.","https://quadro.burda-forward.de/ctf/91046d60-667e-44cd-9109-22292dfc7988.3142b8a8-a1cf-4099-9147-69f6db215a08.jpeg?im=RegionOfInterestCrop=(1200,630),regionOfInterest=(1024,798)&hash=cfb0735f164e1a146a82fe5603e233443513b923f030ffb46f1f77e0e9772e62",2026-09-04T08:19:00Z,,"Bislang galt das Selbstverständnis, dass sich die Preise für Benzin und Diesel an der Tankstelle synchron bewegen. Doch in den vergangenen Wochen wird man eines Besseren belehrt. An den Zapfsäulen he… [+5949 chars]",,de,'Öl'
https://www.diepresse.com/41230179/44-jahre-nach-maggie-thatchers-triumph-milei-greift-mit-trumps-segen,https://www.diepresse.com/41230179/44-jahre-nach-maggie-thatchers-triumph-milei-greift-mit-trumps-segen,0,www.diepresse.com,"44 Jahre nach Maggie Thatchers Triumph: 
Milei greift mit Trumps Segen nach den Falkland-Inseln [premium]","Argentiniens Präsident erneuert 44 Jahre nach dem Krieg gegen Großbritannien den Anspruch seines Landes auf die Inseln im Südatlantik – die Malvinas. „Die Malvinas sind argentinisch, durch Geschichte und Recht.“ In dem Streit hofft er auf Schützenhilfe aus Wa…",https://img.diepresse.com/public/incoming/tmekv0-imagost0904083100010865829415jpg/alternates/WEBP_WIDE_1200/imago_st_0904_08310001_0865829415.jpg,2026-09-04T09:09:38Z,,"Javier Milei verschärft seinen Kurs im Streit um die Inseln, die Argentinien Las Malvinas nennt. Für Großbritannien sind sie als Falkland Islands seit bald 200 Jahren ureigenes Territorium. In einer … [+4307 chars]",,de,'Öl'
https://www.diepresse.com/41230955/botanik-der-kampf-um-die-besten-gipfelplaetze,https://www.diepresse.com/41230955/botanik-der-kampf-um-die-besten-gipfelplaetze,0,www.diepresse.com,Botanik: Der Kampf um die besten Gipfelplätze [premium],"Steigende Temperaturen erlaubten Pflanzen aus tieferen Lagen, sich auf Europas Bergspitzen anzusiedeln. An Kälte gewöhnte Arten verschwinden jedoch.",https://img.diepresse.com/public/incoming/nu26sf-rhododendron-ferrugineum-rostblattrige-alpenrose-auf-den-westlichen-hangen-des-schrankogels-in-tirol-mit-dem-bockkogel-als-hintergrundcopyright-krystof-chytryjpg/alternates/WEBP_WIDE_1200/Rhododendron%20ferrugineum%20Rostbl%C3%A4ttrige%20Alpenrose%20auf%20den%20westlichen%20H%C3%A4ngen%20des%20Schrankogels%20in%20Tirol%20mit%20dem%20Bockkogel%20als%20Hintergrund_Copyright%20Krystof%20Chytr%C3%BD.jpg,2026-09-04T09:36:07Z,,"Im Hochgebirge wird es seit den 1980er-Jahren kontinuierlich wärmer, das Frostrisiko sinkt und viele Pflanzen nutzen die Gelegenheit, um sich nach oben hin auszubreiten. Die neuen Nachbarn dürften al… [+2623 chars]",,de,'Kälte'
https://www.faz.net/aktuell/politik/ausland/israel-laesst-gefangene-libanesen-frei-accg-201194000.html,https://www.faz.net/aktuell/politik/ausland/israel-laesst-gefangene-libanesen-frei-accg-201194000.html,0,www.faz.net,Krieg gegen die Hizbullah: Israel lässt gefangene libanesische Zivilisten frei,"Israel lässt von der Armee verschleppte Libanesen frei. Bringt das neuen Schwung in die Verhandlungen mit Beirut, um den Konflikt mit der Hizbullah zu beenden?",https://media0.faz.net/image/w1200h627/b1651e376d46/w6144h3210x0y324o/202609/43601.0.2511302099/ein-ikrk-konvoi-mit-vier-von.webp,2026-09-04T11:55:21Z,,"Am Freitagvormittag kamen die übrigen vier Libanesen in der Heimat an, die von den israelischen Streitkräften verschleppt worden waren. Am Donnerstag wurde zunächst ein 22 Jahre alter Mann auf freien… [+4100 chars]",,de,'Krieg'
https://www.zeit.de/news/2026-09/04/waehrend-krieg-verlorenes-buch-in-sozialkaufhaus-entdeckt,https://www.zeit.de/news/2026-09/04/waehrend-krieg-verlorenes-buch-in-sozialkaufhaus-entdeckt,0,www.zeit.de,Band galt als Kriegsverlust: Während Krieg verlorenes Buch in Sozialkaufhaus entdeckt,Hier finden Sie Informationen zu dem Thema „Band galt als Kriegsverlust“. Lesen Sie jetzt „Während Krieg verlorenes Buch in Sozialkaufhaus entdeckt“.,https://img.zeit.de/news/2026-09/04/waehrend-krieg-verlorenes-buch-in-sozialkaufhaus-entdeckt-image-group/wide__1300x731,2026-09-04T12:55:24Z,,"Ein seit dem Zweiten Weltkrieg als verschollen gegoltenes Buch ist in einem Sozialkaufhaus im hessischen Flörsheim wieder aufgetaucht. «Der Band ""Pauli Sententiae"" wurde bei einer Buchspende entdeckt… [+1317 chars]",,de,'Krieg'
https://www.zeit.de/news/2026-09/04/bayern-gibt-juedischen-gemeinden-mehr-geld,https://www.zeit.de/news/2026-09/04/bayern-gibt-juedischen-gemeinden-mehr-geld,0,www.zeit.de,Religion: Bayern gibt jüdischen Gemeinden mehr Geld,Hier finden Sie Informationen zu dem Thema „Religion“. Lesen Sie jetzt „Bayern gibt jüdischen Gemeinden mehr Geld“.,https://img.zeit.de/news/2026-09/04/bayern-gibt-juedischen-gemeinden-mehr-geld-image-group/wide__1300x731,2026-09-04T14:49:59Z,,"Bayern erhöht die staatliche Förderung für die jüdischen Gemeinden im Freistaat: Der Betrag steigt von 20 auf 26 Millionen Euro, wie Ministerpräsident Markus Söder (CSU) bei der Unterzeichnung eines … [+966 chars]",,de,'Bayern'
https://www.zeit.de/politik/ausland/2026-09/russische-drohne-kiew-sbu-geheimdienst-ukraine,https://www.zeit.de/politik/ausland/2026-09/russische-drohne-kiew-sbu-geheimdienst-ukraine,0,www.zeit.de,Krieg gegen die Ukraine: Russische Drohne trifft Geheimdienstzentrale in Kiew,"Im Hauptquartier des ukrainischen Inlandsgeheimdienstes SBU ist eine Drohne eingeschlagen. Präsident Wolodymyr Selenskyj kündigt eine »angemessene, spürbare« Reaktion an.",https://img.zeit.de/politik/ausland/2026-09/russische-drohne-kiew-sbu-geheimdienst-ukraine-foto-1/wide__1300x731,2026-09-04T14:57:15Z,,"Eine russische Drohne hat das Hauptquartier des ukrainischen Inlandsgeheimdienste SBU in Kiew getroffen. Die Drohne sei auf das Büro des Geheimdienstleiters gerichtet gewesen, schrieb der ukrainische… [+510 chars]",,de,'Krieg'
https://www.tagesspiegel.de/berlin/profis-verraten-ihre-pflanzentipps-so-machen-sie-ihren-balkon-fit-fur-den-herbst-16016829.html,https://www.tagesspiegel.de/berlin/profis-verraten-ihre-pflanzentipps-so-machen-sie-ihren-balkon-fit-fur-den-herbst-16016829.html,0,www.tagesspiegel.de,Profis verraten ihre Pflanzentipps: So machen Sie Ihren Balkon fit für den Herbst,"Der Sommer ist vorbei, die Balkonsaison auch? Von wegen. Zwei Berliner Experten verraten, wie Balkonpflanzen die kalte Jahreszeit überstehen und was auch bei Kälte blüht.",https://www.tagesspiegel.de/images/16019818/alternates/BASE_16_9_W1400/1788529107000/balkon004-autumn-flowers-and-fruits-arranged-on-a-balcony.jpeg,2026-09-04T17:53:13Z,,"Der Herbst bringt kühlere Temperaturen, mehr Regen und kürzere Tage mit sich das bedeutet neue Aufgaben für Balkonliebhaber. Was im Sommer noch richtig war, kann den Pflanzen jetzt schaden. Zwei Expe… [+87 chars]",,de,'Kälte'
https://www.faz.net/aktuell/rhein-main/wirtschaft/gaspreise-steigen-was-verbraucher-jetzt-tun-koennen-accg-201183157.html,https://www.faz.net/aktuell/rhein-main/wirtschaft/gaspreise-steigen-was-verbraucher-jetzt-tun-koennen-accg-201183157.html,0,www.faz.net,Deutlicher Preisanstieg: Mit diesen Schritten können Gaskunden Kosten sparen,"Erdgas ist so teuer wie lange nicht. Verbraucherschützer rechnen mit einer herausfordernden Heizperiode. Wer jetzt seinen Tarif prüft, kann sich möglicherweise noch gegen weitere Preiserhöhungen absichern.",https://media0.faz.net/image/w1200h627/77d9312533a7/w5392h2817x0y667o/202608/43601.0.2394461758/man-mag-kaum-hinschauen.webp,2026-09-05T06:15:21Z,,"Der Konflikt im Nahen Osten ist wieder aufgeflammt, damit stirbt die Hoffnung der Branche, die Straße von Hormus, der wichtigste Transportweg in der Welt für die Energiewirtschaft, könne wieder geöff… [+5367 chars]",,de,'Energie sparen'
https://www.zeit.de/news/2026-09/05/us-unterhaendler-in-moskau-treffen-mit-putin-geplant,https://www.zeit.de/news/2026-09/05/us-unterhaendler-in-moskau-treffen-mit-putin-geplant,0,www.zeit.de,Ukraine-Krieg: US-Unterhändler in Moskau - Treffen mit Putin geplant,Hier finden Sie Informationen zu dem Thema „Ukraine-Krieg“. Lesen Sie jetzt „US-Unterhändler in Moskau - Treffen mit Putin geplant“.,https://img.zeit.de/news/2026-09/05/us-unterhaendler-in-moskau-treffen-mit-putin-geplant-image-group/wide__1300x731,2026-09-05T11:05:16Z,,Die Unterhändler von US-Präsident Donald Trump zum Ukraine-Krieg sind für Gespräche mit dem russischen Staatschef Wladimir Putin in Moskau eingetroffen. Die staatliche russische Nachrichtenagentur Ta… [+585 chars],,de,'Putin'
https://www.faz.net/aktuell/politik/ukraine/ukraine-liveticker-putin-empfaengt-us-gesandte-witkoff-und-kushner-faz-110683325.html,https://www.faz.net/aktuell/politik/ukraine/ukraine-liveticker-putin-empfaengt-us-gesandte-witkoff-und-kushner-faz-110683325.html,0,www.faz.net,Liveblog Ukrainekrieg: Putin empfängt US-Gesandte,Witkoff und Kushner in Moskau +++ Selenskyj erwartet US-Gesandte am Sonntag in Kiew +++ alle Neuigkeiten im Liveblog,https://media0.faz.net/image/w1200h627/b1026a679778/w3381h1766x0y86o/202609/43601.0.2516330232/der-konvoi-in-dem-die-us.webp,2026-09-05T17:28:12Z,,Vermummte und bewaffnete Sicherheitskräfte sind in Kiew kein seltener Anblick. Sie stehen zum Beispiel an Checkpoints vor dem abgeriegelten Regierungsviertel oder vor militärischen Liegenschaften. Da… [+4025 chars],,de,'Putin'
https://www.bild.de/sport/fussball/schalke-beendet-bayerns-wahnsinns-serie-6a9c364c181cb962d4884ba4,https://www.bild.de/sport/fussball/schalke-beendet-bayerns-wahnsinns-serie-6a9c364c181cb962d4884ba4,0,www.bild.de,Sie waren mehr als 2 Jahre Tabellenführer - Schalke beendet Bayerns Wahnsinns-Serie,Der FC Bayern lässt auf Schalke Punkte liegen und verliert die Tabellenführung an Freiburg. Kompany schont zunächst Kane und Olise schont und auch Musialas Einwechslung nicht zum Sieg reicht.,"https://images.bild.de/6a9c364c181cb962d4884ba4/186b876702443a6ac838e95253cf39bd,dad4c5a6?w=1280",2026-09-05T18:27:36Z,,"TTS-Player überspringenArtikel weiterlesenDas war zu wenig! Die Bayern straucheln auf Schalke, spielen am Samstagabend beim Aufsteiger nur 0:0. Damit ist der Rekordmeister erstmals seit dem 2. Spielt… [+1713 chars]",,de,'Bayern'
https://www.bild.de/sport/fussball/dicke-ueberraschung-gegen-bayern-dreimal-note-1-fuer-die-schalke-fighter-6a9c3f1d240b302c8a83a597,https://www.bild.de/sport/fussball/dicke-ueberraschung-gegen-bayern-dreimal-note-1-fuer-die-schalke-fighter-6a9c3f1d240b302c8a83a597,0,www.bild.de,Dicke Überraschung gegen Bayern - Dreimal Note 1 für die Schalke-Fighter!,Schalke erkämpft sich einen Punkt gegen den FC Bayern. Die Einzelkritik für die Schalke-Fighter!,"https://images.bild.de/6a9c3f1d240b302c8a83a597/983f957980782c4f0a0df4ad0f5a2897,3ef2e0f9?w=1280",2026-09-05T18:27:36Z,,"Schalke erkämpft sich einen Punkte gegen den FC Bayern! 
Mit BILDplus lesen Sie die Einzelkritik der Schalke-Stars!",,de,'Bayern'
https://www.faz.net/aktuell/sport/fussball/bundesliga/bundesliga-schalke-04-erkaempft-ein-remis-gegen-bayern-muenchen-201120344.html,https://www.faz.net/aktuell/sport/fussball/bundesliga/bundesliga-schalke-04-erkaempft-ein-remis-gegen-bayern-muenchen-201120344.html,0,www.faz.net,Bundesliga-Überraschung: Schalke erkämpft dank starkem Karius ein Remis gegen Bayern,Der FC Bayern stolpert erstmals in der neuen Spielzeit. Bei aufopferungsvoll kämpfenden Schalkern reicht es für den Topfavoriten nur zu einem Unentschieden. Dabei läuft ein Torwart zu großer Form auf.,https://media0.faz.net/image/w1200h627/479a07cfbf4c/w3376h1763x1117y496o/202609/43601.0.2516613156/ueberzeugend-in-der.webp,2026-09-05T18:30:27Z,,Der FC Bayern ist beim leidenschaftlich kämpfenden Aufsteiger FC Schalke 04 überraschend gestolpert. Die Münchner kamen bei den Königsblauen nicht über ein 0:0 hinaus und verpassten damit den elften … [+3712 chars],,de,'Bayern'
https://www.sofoot.com/breves/bundesliga-le-bayern-reste-muet-face-a-schalke-une-serie-dingue-de-47-matchs-prend-fin,https://www.sofoot.com/breves/bundesliga-le-bayern-reste-muet-face-a-schalke-une-serie-dingue-de-47-matchs-prend-fin,0,www.sofoot.com,"Bundesliga : Le Bayern reste muet face à Schalke, une série dingue de 47 matchs prend fin",Schalke 04 0-0 Bayern,https://sofoot.s3.eu-central-1.amazonaws.com/wp-content/uploads/2026/09/05202632/14631619.jpg,2026-09-05T18:32:09Z,,Surprise ! Schalke 04 a tenu tête au Bayern ce samedi à Gelsenkirchen (0-0). La performance du club de la Ruhr nest pas anodine : cest la première fois depuis le 15 février 2025 que le Bayern achève … [+803 chars],,de,'Bayern'
https://www.tagesspiegel.de/sport/dpa-fussball-bundesliga-16021736.html,https://www.tagesspiegel.de/sport/dpa-fussball-bundesliga-16021736.html,0,www.tagesspiegel.de,Fußball-Bundesliga: Elversberg-Coach nach Gelb-Rot: „Es war stiller Protest“,"Beim dramatischen Sieg in Gladbach muss Elversbergs Trainer Wagner auf die Tribüne. Er ist sich keiner Schuld bewusst, wird jetzt aber wohl das große Highlight gegen den FC Bayern verpassen.",https://www.tagesspiegel.de/images/16021735/alternates/BASE_16_9_W1400/1788633613000/borussia-monchengladbach-sv-elversberg.jpeg,2026-09-05T18:40:12Z,,"Elversbergs Trainer Vincent Wagner hat mit wenig Verständnis auf seine Gelb-Rote Karte reagiert. Gemeckert habe ich nicht. Das möchte ich mal festhalten. Ich bin auch nicht gerannt, habe auch nicht g… [+2292 chars]",,de,'Bayern'
https://www.focus.de/sport/fussball/bayern-noten-gegen-fc-schalke-schwacher-diaz-bekommt-note-5_dc505437-7906-4fbc-abbd-8f9f04012583.html,https://www.focus.de/sport/fussball/bayern-noten-gegen-fc-schalke-schwacher-diaz-bekommt-note-5_dc505437-7906-4fbc-abbd-8f9f04012583.html,0,www.focus.de,Bayern-Noten gegen FC Schalke: Schwacher Diaz bekommt Note 5,Der FC Bayern kommt am 2. Spieltag nicht über ein 0:0 beim FC Schalke 04 hinaus. Luis Diaz holt sich für seinen Auftritt in Gelsenkirchen die Note 5 ab. Die Münchner in der Einzelkritik.,"https://quadro.burda-forward.de/ctf/d2272830-996d-4e5b-834d-4d93cedf81b6.e279127b-905e-4005-aac0-252918b14d76.jpeg?im=RegionOfInterestCrop=(1200,630),regionOfInterest=(990,565)&hash=62f847d8b335e1e3c8b54d5911514c5188966b427e30c501cfacf6249b5cd1b1",2026-09-05T19:09:00Z,,Manuel Neuer: Hatte bei seiner Rückkehr nach Gelsenkirchen nicht viel zu tun. Musste in der ersten Hälfte lediglich bei einem Freistoß von Aouchiche ernsthaft eingreifen und faustete den Ball sicher … [+5621 chars],,de,'Bayern'
https://www.sueddeutsche.de/sport/bundesliga-fussball-fc-bayern-muenchen-schalke-neuer-news-li.3542886,https://www.sueddeutsche.de/sport/bundesliga-fussball-fc-bayern-muenchen-schalke-neuer-news-li.3542886,0,www.sueddeutsche.de,Bundesliga: Schalker Schildkröten erkämpfen einen Punkt gegen die Bayern,Schalke beginnt gegen die Münchner mit tonnenschwerer Ehrfurcht auf den Schultern – am Ende reicht es zu einem 0:0. Manuel Neuer wird auch bei seinem wohl letzten Gastspiel in seinem früheren Wohnzimmer nicht verschont.,https://www.sueddeutsche.de/2026/09/05/4a3a8068-b260-4370-9151-19cdae64cbf9.jpg?q=60&fm=webp&width=1200&rect=169%2C288%2C1690%2C951,2026-09-05T19:10:56Z,,"Vincent Kompany hatte die Kappe tief ins Gesicht gezogen, den Blick gesenkt, und er hatte es ziemlich eilig. Es wäre kühn interpretiert, aus der Art, wie Bayern Münchens Trainer circa anderthalb Seku… [+419 chars]",,de,'Bayern'
https://www.bild.de/sport/fussball/fc-bayern-dreimal-note-5-nur-0-0-gegen-schalke-6a9c3e7dfd8102779ee4a48d,https://www.bild.de/sport/fussball/fc-bayern-dreimal-note-5-nur-0-0-gegen-schalke-6a9c3e7dfd8102779ee4a48d,0,www.bild.de,Nur 0:0 gegen Schalke - Dreimal Note 5 bei Bayern!,Der FC Bayern kam im Top-Spiel beim Aufsteiger FC Schalke 04 nicht über ein 0:0 hinaus. Viel zu wenig aus Sicht des Rekordmeisters. Die BILD-Noten.,"https://images.bild.de/6a9c3e7dfd8102779ee4a48d/b2716e74bc38bc5a0e08266a7bfdb736,4f35263e?w=1280",2026-09-05T19:22:24Z,,Der FC Bayern kam im Top-Spiel beim Aufsteiger FC Schalke 04 nicht über ein 0:0 hinaus. Viel zu wenig aus Sicht des Rekordmeisters. BILD bewertet den Auftritt aller Münchner inklusive Coach Vincent K… [+82 chars],,de,'Bayern'
https://www.bild.de/sport/fussball/an-der-ballettstange-spielerfrau-zeigt-ihr-hammer-workout-6a9c6cab181cb962d4884e31,https://www.bild.de/sport/fussball/an-der-ballettstange-spielerfrau-zeigt-ihr-hammer-workout-6a9c6cab181cb962d4884e31,0,www.bild.de,An der Ballettstange - Spielerfrau zeigt ihr Hammer-Workout,"Anna Lewandowska, die Frau von Ex-Bayern-Star Robert Lewandowski, zeigt ihr selbst entwickeltes Workout, mit dem sie ein ganzes Fitness-Imperium aufbauen will. Es nennt sich „Kick the Barre“. Ein Konzept, das traditionelles Ballett-Barre-Training mit Elemente…","https://images.bild.de/6a9c6cab181cb962d4884e31/6f99f7a209198e5cbefa96c1de42fa1f,8812d515?w=1280",2026-09-05T19:46:07Z,,"Mehr zum Video anzeigen 
Anna Lewandowska, die Frau von Ex-Bayern-Star Robert Lewandowski, zeigt ihr selbst entwickeltes Workout, mit dem sie ein ganzes Fitness-Imperium aufbauen will. Es nennt sich… [+210 chars]",,de,'Bayern'
https://www.bild.de/sport/fussball/das-ist-liebe-neuer-zu-den-schalke-pfiffen-6a9c7bb2240b302c8a83a848,https://www.bild.de/sport/fussball/das-ist-liebe-neuer-zu-den-schalke-pfiffen-6a9c7bb2240b302c8a83a848,0,www.bild.de,„Das ist Liebe“ - Neuer zu den Schalke-Pfiffen,Manuel Neuer reagiert auf die Pfiffe der Schalker Fans im Spiel gegen die Bayern.,"https://images.bild.de/6a9c7bb2240b302c8a83a848/71953adc76fcf2cc99f6b4a5373c3b7a-landscape,21abdfdc?w=1280",2026-09-05T20:39:24Z,,"Mehr zum Video anzeigen 
Manuel Neuer reagiert auf die Pfiffe der Schalker Fans im Spiel gegen die Bayern.
Quelle: BILD05.09.2026 - 22:39 Uhr",,de,'Bayern'
https://www.bild.de/sport/fussball/schlusspfiff-zu-frueh-neuer-erklaert-den-schiri-zoff-6a9c7ce3181cb962d4884eed,https://www.bild.de/sport/fussball/schlusspfiff-zu-frueh-neuer-erklaert-den-schiri-zoff-6a9c7ce3181cb962d4884eed,0,www.bild.de,Schlusspfiff zu früh? - Neuer erklärt den Schiri-Zoff,"Manuel Neuer erklärt, wieso er und andere Bayern-Stars nach dem 0:0 auf Schalke auf Schiedsrichter Robert Schröder einredeten.","https://images.bild.de/6a9c7ce3181cb962d4884eed/fa99c3c6d5b4f4d474483f5295b36149-landscape,2d27586b?w=1280",2026-09-05T20:44:53Z,,"Mehr zum Video anzeigen 
Manuel Neuer erklärt, wieso er und andere Bayern-Stars nach dem 0:0 auf Schalke auf Schiedsrichter Robert Schröder einredeten.
Quelle: BILD05.09.2026 - 22:44 Uhr",,de,'Bayern'
https://www.bild.de/sport/fussball/stammplatz-vom-6-september-schalke-feiert-bayern-party-6a9c7fd9240b302c8a83a88c,https://www.bild.de/sport/fussball/stammplatz-vom-6-september-schalke-feiert-bayern-party-6a9c7fd9240b302c8a83a88c,0,www.bild.de,„Stammplatz“ vom 6. September - Schalke feiert Bayern-Party,Im Podcast „Stammplatz“ besprechen Noah Friedmann und Niklas Heising als Stammplatz-Hosts den aktuellen Bundesliga-Spieltag mit dem Kracher-Duell zwische...,"https://images.bild.de/6a9c7fd9240b302c8a83a88c/c4cf267bae38d7070b89d494654b935f-landscape,975f48ac?w=1280",2026-09-05T21:06:03Z,,"Mehr zum Video anzeigen 
Im Podcast Stammplatz besprechen Noah Friedmann und Niklas Heising als Stammplatz-Hosts den aktuellen Bundesliga-Spieltag mit dem Kracher-Duell zwischen Schalke und Bayern.… [+34 chars]",,de,'Bayern'
https://www.zeit.de/politik/ausland/2026-09/us-sondergesandte-jared-kushner-steve-witkoff-wladimir-putin-wolodymyr-selenskyj-russland-ukraine,https://www.zeit.de/politik/ausland/2026-09/us-sondergesandte-jared-kushner-steve-witkoff-wladimir-putin-wolodymyr-selenskyj-russland-ukraine,0,www.zeit.de,US-Sondergesandte: US-Sondergesandte Kushner und Witkoff reisen erstmals nach Kyjiw,Nach Gesprächen mit Putin in Moskau trifft sich das US-Verhandlungsduo heute mit Selenskyj. Angeblich haben sie »neue Ideen« für eine Lösung des Konflikts im Gepäck.,https://img.zeit.de/politik/ausland/2026-09/ukraine-krieg-putin-beginnt-gespraeche-mit-us-unterhaendlern-bild/wide__1300x731,2026-09-06T02:36:31Z,,Die US-Sondergesandten Jared Kushner und Steve Witkoff sind nach Gesprächen mit Russlands Präsident Wladimir Putin in die Ukraine weitergereist. Dort wollen sie heute den ukrainischen Präsidenten Wol… [+3155 chars],,de,'Putin'
https://www.zeit.de/news/2026-09/06/eklat-nach-judo-kampf-gastkaempfer-pruegelt-auf-gegner-ein,https://www.zeit.de/news/2026-09/06/eklat-nach-judo-kampf-gastkaempfer-pruegelt-auf-gegner-ein,0,www.zeit.de,Judo-Eklat: Eklat nach Judo-Kampf: Gastkämpfer prügelt auf Gegner ein,Hier finden Sie Informationen zu dem Thema „Judo-Eklat“. Lesen Sie jetzt „Eklat nach Judo-Kampf: Gastkämpfer prügelt auf Gegner ein“.,https://img.zeit.de/news/2026-09/06/eklat-nach-judo-kampf-gastkaempfer-pruegelt-auf-gegner-ein-image-group/wide__1300x731,2026-09-06T10:00:11Z,,Die Judo-Bundesliga ist von einer Prügel-Attacke überschattet worden. Der Leipziger Gast-Kämpfer Akaki Japaridze aus Georgien prügelte den deutschen Olympia-Starter Timo Cavelius vom TSV Abensberg kr… [+2237 chars],,de,'Gas'
https://www.tagesspiegel.de/sport/dpa-judo-eklat-16022543.html,https://www.tagesspiegel.de/sport/dpa-judo-eklat-16022543.html,0,www.tagesspiegel.de,Judo-Eklat: Eklat nach Judo-Kampf: Gastkämpfer prügelt auf Gegner ein,Kaum eine Sportart steht für so viel Ehre und Respekt wie Judo. Nun wurden Grenzen überschritten. Ein Gast-Kämpfer vom JC Leipzig schlägt auf seinen Gegner ein. Eine lebenslange Sperre wird gefordert.,https://www.tagesspiegel.de/images/16022542/alternates/BASE_16_9_W1400/1788688886000/deutschlands-judoka-timo-cavelius-l.jpeg,2026-09-06T10:01:26Z,,Die Judo-Bundesliga ist von einer Prügel-Attacke überschattet worden. Der Leipziger Gast-Kämpfer Akaki Japaridze aus Georgien prügelte den deutschen Olympia-Starter Timo Cavelius vom TSV Abensberg kr… [+2285 chars],,de,'Bayern'
https://www.welt.de/sport/fussball/bundesliga/fc-bayern-muenchen/article6a9d2ba26067248f60a52797/fc-bayern-weltmann-neuer-laechelt-die-schalker-kleingeistigkeit-souveraen-weg.html,https://www.welt.de/sport/fussball/bundesliga/fc-bayern-muenchen/article6a9d2ba26067248f60a52797/fc-bayern-weltmann-neuer-laechelt-die-schalker-kleingeistigkeit-souveraen-weg.html,0,www.welt.de,Weltmann Neuer lächelt die Schalker Kleingeistigkeit souverän weg,"Bayern Münchens Torwart Manuel Neuer absolviert sein wohl letztes Spiel bei Schalke 04. Die Fans der Gelsenkirchener verpassen es, sich mit Anstand vom Sohn der Stadt zu verabschieden.",https://images.welt.de/6a9d2ba26067248f60a52797/da1bfe01096a382d33f8f14a1b3dbe22/ci16x9-w1200/gyi-2293693350-jpg,2026-09-06T10:06:11Z,,"Bayern Münchens Torwart Manuel Neuer absolviert sein wohl letztes Spiel bei Schalke 04. Die Fans der Gelsenkirchener verpassen es, sich mit Anstand vom Sohn der Stadt zu verabschieden.Klicken Sie hie… [+2531 chars]",,de,'Bayern'
https://www.bild.de/sport/fussball/bundesliga-das-wunder-von-elversberg-jetzt-kommen-die-bayern-6a9d20e9240b302c8a83acb4,https://www.bild.de/sport/fussball/bundesliga-das-wunder-von-elversberg-jetzt-kommen-die-bayern-6a9d20e9240b302c8a83acb4,0,www.bild.de,Jetzt kommen die Bayern - BILD erklärt das Elversberg-Wunder,"Man hat so ein bisschen den Eindruck, als würden sie sich einfach weigern, sich wie ein Aufsteiger zu benehmen. Zweiter Sieg für die SV Elversberg.","https://images.bild.de/6a9d20e9240b302c8a83acb4/30a047ab2a563e19ce5d37f15535d6e8,2a5e2cb6?w=1280",2026-09-06T10:16:42Z,,TTS-Player überspringenArtikel weiterlesenElversberg Diese Mannschaft bringt ganz Fußball-Deutschland zum Staunen!Erst der 3:2-Hammer gegen Bayer Leverkusen. Jetzt das 4:3 bei Borussia Mönchengladbac… [+5043 chars],,de,'Bayern'
https://www.bild.de/sport/fussball/fc-schalke-ueberragende-werte-so-malocht-sich-schalke-zur-rettung-6a9d2e366067248f60a527c9,https://www.bild.de/sport/fussball/fc-schalke-ueberragende-werte-so-malocht-sich-schalke-zur-rettung-6a9d2e366067248f60a527c9,0,www.bild.de,Überragende Werte - So malocht sich Schalke zur Rettung!,Dat is Schalke! Gegen die Übermacht des FC Bayern erwarteten viele ein Schützenfest in Gelsenkirchen. Doch Pustekuchen! Schalke erkämpft einen Punkt.,"https://images.bild.de/6a9d2e366067248f60a527c9/e9799b53afd1eb3c2f807c48db874c27,a15a905c?w=1280",2026-09-06T10:45:19Z,,TTS-Player überspringenArtikel weiterlesenGelsenkirchen Dat is Schalke! Gegen die Übermacht des FC Bayern erwarteten viele ein Schützenfest in Gelsenkirchen. Doch Pustekuchen! Miron Muslic (43) hat s… [+1962 chars],,de,'Bayern'
https://www.zeit.de/news/2026-09/06/das-sagt-der-bayern-boss-zur-zukunft-von-kane-und-olise,https://www.zeit.de/news/2026-09/06/das-sagt-der-bayern-boss-zur-zukunft-von-kane-und-olise,0,www.zeit.de,Fußball-Bundesliga: Das sagt der Bayern-Boss zur Zukunft von Kane und Olise,Hier finden Sie Informationen zu dem Thema „Fußball-Bundesliga“. Lesen Sie jetzt „Das sagt der Bayern-Boss zur Zukunft von Kane und Olise“.,https://img.zeit.de/news/2026-09/06/das-sagt-der-bayern-boss-zur-zukunft-von-kane-und-olise-image-group/wide__1300x731,2026-09-06T11:53:22Z,,Der FC Bayern sieht sich in den Vertragsverhandlungen mit Stürmerstar Harry Kane auf einem guten Weg. Vorstandschef Jan-Christian Dreesen berichtete in der Sendung «Doppelpass» des TV-Senders Sport1 … [+1962 chars],,de,'Bayern'
https://www.tagesspiegel.de/sport/dpa-fussball-bundesliga-16023154.html,https://www.tagesspiegel.de/sport/dpa-fussball-bundesliga-16023154.html,0,www.tagesspiegel.de,Fußball-Bundesliga: Das sagt der Bayern-Boss zur Zukunft von Kane und Olise,Die Chemie stimmt zwischen dem FC Bayern und Harry Kane. Wie sieht es mit den Vertragsgesprächen aus? Und lässt sich Ausnahmespieler Michael Olise dauerhaft in München halten?,https://www.tagesspiegel.de/images/16023153/alternates/BASE_16_9_W1400/1788695678000/harry-kane.jpeg,2026-09-06T11:54:37Z,,Der FC Bayern sieht sich in den Vertragsverhandlungen mit Stürmerstar Harry Kane auf einem guten Weg. Vorstandschef Jan-Christian Dreesen berichtete in der Sendung Doppelpass des TV-Senders Sport1 vo… [+2000 chars],,de,'Bayern'
https://salzburg.orf.at/stories/3370075/,https://salzburg.orf.at/stories/3370075/,0,salzburg.orf.at,Länderbrücke in Oberndorf wird ab Montag saniert,Ab Montag kommt es auf der Länderbrücke zwischen den Städten Oberndorf (Flachgau) und Laufen in Bayern zu Verkehrsbehinderungen. Die Brücke wird bis Oktober saniert.,https://ibs.orf.at/sbg?image=https%3A%2F%2Foekastatic.orf.at%2Fmims%2F2019%2F32%2F82%2Fcrops%2Fw%3D1200%2Ch%3D627%2Cq%3D75%2F250288_master_73582_bruecke1.jpg%3Fs%3Dd9e0ea6b34b026f92a759b4b118671a7181ea067,2026-09-06T12:14:19Z,,"Die Beleuchtung und elektrische Anlagen der Länderbrücke werden erneuert. Darüber hinaus werden kleinere weitere Sanierungsmaßnahmen durchgeführt.
Die Arbeiten finden untertags von 8.00 Uhr bis 16.0… [+301 chars]",,de,'Bayern'
https://www.focus.de/sport/fussball/schalke-fans-verhoehnen-und-beschimpfen-manuel-neuer-der-sagt-das-ist-liebe_a469b88e-a40d-4c13-8b30-8172f010196d.html,https://www.focus.de/sport/fussball/schalke-fans-verhoehnen-und-beschimpfen-manuel-neuer-der-sagt-das-ist-liebe_a469b88e-a40d-4c13-8b30-8172f010196d.html,0,www.focus.de,"Schalke-Fans verhöhnen und beschimpfen Manuel Neuer, der sagt: „Das ist Liebe”",Manuel Neuer kehrt an den Ort seiner Herkunft zurück und wird auf Schalke beschimpft. Bayern-Boss Max Eberl empört sich – Neuer versteht das Ganze besser.,"https://quadro.burda-forward.de/ctf/7e85bc18-f6a5-4a5e-9404-4fdda2f8f2d3.0baf043b-c883-436e-b8a8-6f9ef060135d.jpg?im=RegionOfInterestCrop=(1200,630),regionOfInterest=(1481,1021)&hash=c14085e1b7485b36c496c2d8f0f8d64fa1002d699e17dbc09c5417dd5e50741f",2026-09-06T12:32:00Z,,"Jeder Ballkontakt eine Provokation, jeder Abstoß eine Einladung zum Pfiffkonzert: So klang die Rückkehr von Manuel Neuer nach Gelsenkirchen. Der 40-Jährige, der 20 Jahre für diesen Verein gespielt ha… [+3256 chars]",,de,'Bayern'
https://taz.de/Deutsches-Start-up-bringt-Rakete-in-All/!6210676/,https://taz.de/Deutsches-Start-up-bringt-Rakete-in-All/!6210676/,0,taz.de,Deutsches Start-up bringt Rakete in All: Ein großer Schritt für die europäische Raumfahrt,"In Bayern gebaut, schießt eine Rakete ins All und bringt Satelliten in die Erdumlaufbahn. Da bekommt das Wort Start-up eine ganz neue Bedeutung.",https://taz.de/picture/8719426/1200/42004853.jpeg,2026-09-06T12:34:00Z,,"In Bayern gebaut, schießt eine Rakete ins All und bringt Satelliten in die Erdumlaufbahn. Da bekommt das Wort Start-up eine ganz neue Bedeutung. mehr...",,de,'Bayern'
https://taz.de/Schalke-gegen-Bayern/!6210516/,https://taz.de/Schalke-gegen-Bayern/!6210516/,0,taz.de,Schalke gegen Bayern: Das Leiden genießen,"Aufsteiger Schalke spielt zu Hause gegen Bayern 0:0. In einem der mitreißendsten torlosen Spiele, die jemals in der Bundesliga ausgetragen wurden.",https://taz.de/picture/8718440/1200/imago1082421875h.jpeg,2026-09-06T12:38:00Z,,"Aufsteiger Schalke spielt zu Hause gegen Bayern 0:0. In einem der mitreißendsten torlosen Spiele, die jemals in der Bundesliga ausgetragen wurden. mehr...",,de,'Bayern'
https://www.welt.de/sport/fussball/article6a9d4b8a181cb962d488569a/gladbach-schreck-ach-du-heiland-elversbergs-trainer-verzaubert-die-bundesliga.html,https://www.welt.de/sport/fussball/article6a9d4b8a181cb962d488569a/gladbach-schreck-ach-du-heiland-elversbergs-trainer-verzaubert-die-bundesliga.html,0,www.welt.de,„Ach du Heiland!“ – Elversbergs Trainer verzaubert die Bundesliga,Die SV Elversberg setzt mit dem 4:3 in Gladbach das zweite Ausrufezeichen. Nächsten Sonntag kommen die Bayern ins Saarland. Nur Trainer Vincent Wagner ist möglicherweise „verhindert“.,https://images.welt.de/6a9d4b8a181cb962d488569a/ba7036b1331eddb64af6e2c5cd97204b-master/ci16x9-w1200/dpa-com-260905-936-82041-jpg,2026-09-06T12:52:16Z,,"Die SV Elversberg setzt mit dem 4:3 in Gladbach das zweite Ausrufezeichen. Nächsten Sonntag kommen die Bayern ins Saarland. Nur Trainer Vincent Wagner ist möglicherweise verhindert.Klicken Sie hier, … [+6480 chars]",,de,'Bayern'
https://www.sueddeutsche.de/bayern/bayern-warntag-sirenen-handy-warnmeldungen-li.3543132,https://www.sueddeutsche.de/bayern/bayern-warntag-sirenen-handy-warnmeldungen-li.3543132,0,www.sueddeutsche.de,Test für den Ernstfall: Handy-Meldungen und Sirenengeheul,Beim bundesweiten Warntag am 10. September soll das Zusammenspiel unterschiedlicher Warnkanäle erprobt und die Bevölkerung sensibilisiert werden. Bayern sieht sich gut gerüstet.,https://www.sueddeutsche.de/2026/09/06/08d0ff80-f4ac-433c-9b9e-f26292f5f0c8.jpg?q=60&fm=webp&width=1200&rect=0%2C259%2C4000%2C2250,2026-09-06T13:04:14Z,,"An dem gemeinsamen Aktionstag von Bund, Ländern und Kommunen, den es seit 2020 gibt, wird erprobt, wie gut die unterschiedlichen Warnkanäle zusammenspielen. Ziel des Probealarms ist auch, die Bevölke… [+1208 chars]",,de,'Bayern'
https://www.bild.de/sport/fussball/dreesen-im-doppelpass-bayern-boss-spricht-ueber-musiala-kane-und-olise-transfer-6a9d36516067248f60a5289a,https://www.bild.de/sport/fussball/dreesen-im-doppelpass-bayern-boss-spricht-ueber-musiala-kane-und-olise-transfer-6a9d36516067248f60a5289a,0,www.bild.de,"Dreesen im „Doppelpass“ - Bayern-Boss über Musiala, Kane und Olise-Transfer",Am Sonntag war Bayern Münchens Vorstandsvorsitzender Jan-Christian Dreesen (59) Gast im „Sport1-Doppelpass“.,"https://images.bild.de/6a9d36516067248f60a5289a/ce273bf17477a07fe5a85963a26e0436,5c434aa9?w=1280",2026-09-06T13:16:30Z,,TTS-Player überspringenArtikel weiterlesenAm Sonntag war Bayern Münchens Vorstandsvorsitzender Jan-Christian Dreesen (59) zu Gast im Sport1-Doppelpass. Er gab dabei spannende Einblicke in das aktuell… [+2649 chars],,de,'Bayern'
https://www.derstandard.de/story/3000000338632/20-verletzte-bei-unfall-mit-reisebus-auf-der-a3-in-bayern,https://www.derstandard.de/story/3000000338632/20-verletzte-bei-unfall-mit-reisebus-auf-der-a3-in-bayern,0,www.derstandard.de,20 Verletzte bei Unfall mit Reisebus auf der A3 in Bayern,"Ein Fahrzeug ist im Landkreis Regensburg auf den Bus aufgefahren, es gibt keine Schwerverletzten",https://i.ds.at/eeLLzQ/rs:fill:1200:600/plain/lido-images/2026/09/06/c8d80765-dd99-40ca-96a6-8def993f4ccb.jpg,2026-09-06T13:25:30Z,,"Sie entscheiden darüber, wie Sie unsere Inhalte nutzen wollen. Ihr Gerät erlaubt uns derzeit leider nicht, die entsprechenden Optionen anzuzeigen.
Bitte deaktivieren Sie sämtliche Hard- und Software… [+180 chars]",,de,'Bayern'
https://www.sueddeutsche.de/sport/bayern-schalke-neuer-bundesliga-li.3542975,https://www.sueddeutsche.de/sport/bayern-schalke-neuer-bundesliga-li.3542975,0,www.sueddeutsche.de,0:0 auf Schalke: Der FC Bayern verliert ein paar Herrschaftsinsignien,"Zum ersten Mal seit 59 Pflichtspielen kein Tor, zum ersten Mal seit fast zwei Jahren nicht Tabellenführer: Der FC Bayern prallt am FC Schalke 04 ab – ob das nun ein Signal für die Liga ist, hängt von der Perspektive ab.",https://www.sueddeutsche.de/2026/09/06/9f498f79-ebe6-4bb2-b08f-43c637e9e6d6.jpg?q=60&fm=webp&width=1200&rect=0%2C245%2C4000%2C2250,2026-09-06T13:26:20Z,,"Wie drastisch sich die Maßstäbe von Klein oder Groß im Profifußball auseinanderentwickelt haben, das ging am Samstagabend um 20.22 Uhr aus den Bildern hervor, die auf dem Rasen der Veltins-Arena zu b… [+795 chars]",,de,'Bayern'
https://www.zeit.de/politik/ausland/2026-09/strasse-von-hormus-iran-sperrzone-us-marine-schifffahrt,https://www.zeit.de/politik/ausland/2026-09/strasse-von-hormus-iran-sperrzone-us-marine-schifffahrt,0,www.zeit.de,Straße von Hormus: Iran will nahe Straße von Hormus »Sperrzone« einrichten,Der Iran hat eine Sperrzone außerhalb der Straße von Hormus angekündigt. Damit erweitert sich die Sperrung des für den Welthandel mit Öl und Gas wichtigen Gebiets.,https://img.zeit.de/politik/ausland/2026-09/strasse-von-hormus-iran-sperrzone-us-marine-schifffahrt-foto-1/wide__1300x731,2026-09-07T06:20:27Z,,"Der Iran will nahe der strategisch
wichtigen Straße von Hormus eine »Sperrzone«
einrichten. Das sagte der Chef des Obersten
Nationalen Sicherheitsrats des Irans, Mohsen Resaei, im iranischen Staat… [+942 chars]",,de,'Öl'
