index,url,valid,domain,title,description,image,published,archive,content,quote,language,keyword
https://www.zeit.de/news/2026-07/01/gewalt-gegen-polizisten-in-bayern-auf-hoechststand,https://www.zeit.de/news/2026-07/01/gewalt-gegen-polizisten-in-bayern-auf-hoechststand,0,www.zeit.de,Kriminalität: Gewalt gegen Polizisten in Bayern auf Höchststand,Hier finden Sie Informationen zu dem Thema „Kriminalität“. Lesen Sie jetzt „Gewalt gegen Polizisten in Bayern auf Höchststand“.,https://img.zeit.de/news/2026-07/01/gewalt-gegen-polizisten-in-bayern-auf-hoechststand-image-group/wide__1300x731,2026-07-01T01:30:17Z,,"Gewalt gegen Polizeibeamte in Bayern hat einen neuen Höchststand erreicht. Wie das Innenministerium mitteilte, wurden im Jahr 2025 so viele Polizistinnen und Polizisten im Freistaat bei Angriffen ver… [+864 chars]",,de,'Bayern'
https://www.bild.de/politik/ausland-und-internationales/usa-informierten-generaele-polen-alarmiert-mit-diesen-angriffen-koennte-putin-die-nato-schocken-6a43f85bc6ebf6ddb5b5f171,https://www.bild.de/politik/ausland-und-internationales/usa-informierten-generaele-polen-alarmiert-mit-diesen-angriffen-koennte-putin-die-nato-schocken-6a43f85bc6ebf6ddb5b5f171,0,www.bild.de,Brisante Geheim-Informationen - Mit diesen Angriffen könnte Putin die Nato schocken,"Mehrere Quellen warnen vor möglichen russischen Provokationen gegen NATO-Staaten. Auch Polen könnte betroffen sein, Eskalation nicht ausgeschlossen.","https://images.bild.de/6a43f85bc6ebf6ddb5b5f171/588bb6ef11a6072325bd4703b3bf6ed5,c6b94cb5?w=1280",2026-07-01T01:35:38Z,,"Neue Geheimdienst-Berichte lösen in Polen ernste Sorgen aus: Mehrere hochrangige Quellen sehen konkrete Risiken, dass Russland eine militärische Provokation gegen Polen vorbereitet ohne einen offenen… [+153 chars]",,de,'Putin'
https://www.diepresse.com/33737166/wie-sich-europa-ohne-erdoel-selbst-versorgen-koennte,https://www.diepresse.com/33737166/wie-sich-europa-ohne-erdoel-selbst-versorgen-koennte,0,www.diepresse.com,Wie sich Europa ohne Erdöl selbst versorgen könnte [premium],"Eine neue Studie zeigt, dass Europas Straßenverkehr bis 2040 komplett ohne fossile Energie auskommen könnte.",https://img.diepresse.com/public/wirtschaft/gfkjiv-bilder155jpg/alternates/WEBP_WIDE_1200/Bilder_155.jpg,2026-07-01T04:03:29Z,,"Wenn die Politik über die Zukunft der individuellen Mobilität redet, reduziert sich die Debatte schnell auf ein einziges Thema: auf batteriebetriebene Fahrzeuge. Möglicherweise wird man ab 2035 noch … [+5619 chars]",,de,'Fossile Energie'
https://www.zeit.de/politik/2026-06/reformpaket-schwarz-rot-cdu-spd-nachrichtenpodcast,https://www.zeit.de/politik/2026-06/reformpaket-schwarz-rot-cdu-spd-nachrichtenpodcast,0,www.zeit.de,Reformpaket der Regierung: Der letzte Kraftakt vor der Sommerpause,Im Koalitionsausschuss wird über die Steuerreform gerungen. Was kommt auf die Menschen in Deutschland zu? Und: Wladimir Putin räumt Probleme wegen des Ukrainekriegs ein.,https://img.zeit.de/politik/2026-06/reformpaket-schwarz-rot-cdu-spd-nachrichtenpodcast-bild/wide__1300x731,2026-07-01T04:08:29Z,,"Vor der Sommerpause wollen die Spitzen von CDU, CSU und SPD ein umfangreiches Reformpaket auf den Weg bringen. Im Mittelpunkt stehen Vorhaben bei Gesundheit, Pflege, Rente und Steuern. Mit den geplan… [+1703 chars]",,de,'Putin'
https://www.faz.net/aktuell/politik/ausland/ursula-von-der-leyen-in-baku-menschenrechte-in-aserbaidschan-accg-200982219.html,https://www.faz.net/aktuell/politik/ausland/ursula-von-der-leyen-in-baku-menschenrechte-in-aserbaidschan-accg-200982219.html,0,www.faz.net,Von der Leyen bei Alijew: Die Gefangenen in Baku melden sich zu Wort,"Vor von der Leyens Aserbaidschan-Besuch mahnen Aktivisten: Die EU dürfe nicht nur Gas kaufen, sie müsse sich auch für politische Häftlinge einsetzen.",https://media0.faz.net/image/w1200h627/b6cc7c845497/w1960h1024x0y131o/202309/43600.0.2075015514/die-eu-sieht-aserbaidschan-als.webp,2026-07-01T04:13:09Z,,"Vor der Reise der EU-Kommissionspräsidentin nach Aserbaidschan an diesem Mittwoch mehren sich die Stimmen von politischen Gefangenen des Regimes von Machthaber Ilham Alijew, die Ursula von der Leyen … [+4181 chars]",,de,'Gas'
https://www.morgenpost.de/politik/article412436296/zukunft-der-spritpreise-drei-szenarien-wie-es-im-iran-krieg-weitergeht.html,https://www.morgenpost.de/politik/article412436296/zukunft-der-spritpreise-drei-szenarien-wie-es-im-iran-krieg-weitergeht.html,0,www.morgenpost.de,"Zukunft der Spritpreise: Drei Szenarien, wie es im Iran-Krieg weitergeht",Hält das amerikanisch-iranische Rahmenabkommen – oder platzt es? Wie sich die Entwicklung am Golf auf unsere Wirtschaft auswirken könnte.,https://img.sparknews.funkemedien.de/412436835/412436835_1782880371_v16_9_1600.jpeg,2026-07-01T04:32:49Z,,"Nach der Unterzeichnung des amerikanisch-iranischen Rahmenabkommens Mitte Juni keimte Hoffnung auf, dass die Weltwirtschaft wieder auf Trab kommt. Eine verlängerte Waffenruhe, die Wiederöffnung der f… [+6727 chars]",,de,'Krieg'
https://www.bild.de/politik/inland/schrott-tanker-von-wladimir-putin-kreuzen-vor-deutscher-insel-ruegen-6a439d5530b768424cc620ab,https://www.bild.de/politik/inland/schrott-tanker-von-wladimir-putin-kreuzen-vor-deutscher-insel-ruegen-6a439d5530b768424cc620ab,0,www.bild.de,Gefahr für die Ostsee - Putins Schrott-Tanker nahe Rügen gesichtet!,Schrottschiffe mit russischem Öl dringen immer öfter in deutsche Gewässer ein. Grund: Sie mussten sich eine neue Route durch die Ostsee suchen.,"https://images.bild.de/6a439d5530b768424cc620ab/0d4457ec1164b46da9e04b525fd7316e,4008b583?w=1280",2026-07-01T05:13:29Z,,TTS-Player überspringenArtikel weiterlesenMoskau/Berlin Sie suchen sich ihren Weg und werden dabei immer rücksichtsloser mit gefährlichen Risiken für Umwelt und Handelsschifffahrt! Die Tanker der rus… [+2183 chars],,de,'Putin'
https://www.focus.de/politik/deutschland/fuer-putin-und-afd-bsw-wird-zum-ultimativen-handlanger_9edd3bcf-8742-4692-9e64-8089dfe92bdf.html,https://www.focus.de/politik/deutschland/fuer-putin-und-afd-bsw-wird-zum-ultimativen-handlanger_9edd3bcf-8742-4692-9e64-8089dfe92bdf.html,0,www.focus.de,Für Putin und AfD: BSW wird zum ultimativen Handlanger,BSW-Chef Fabio De Masi versteht Putins Angriffskrieg als Notwehr und bietet der AfD eine Machtoption in den Bundesländern. Damit wird die Wagenknecht-Partei immer mehr zum Handlanger.,"https://quadro.burda-forward.de/ctf/b21ea517-a529-46da-bbc0-fb2a253fefec.b1bf4c7d-bedd-4c59-b4e3-dc87d5e66c12.png?im=RegionOfInterestCrop=(1200,630),regionOfInterest=(1212,639)&hash=6ca273b5c0bfd370a21089e392bb5d945d98c6c6477642b2263d55ab0306793e",2026-07-01T05:38:00Z,,"Wir brauchen belastbare Abrüstungsgespräche, fordert Fabio De Masi bei Markus Lanz. Deutschland investiere viel zu viel Geld in die Rüstung, führt der BSW-Vorsitzende weiter aus. Das Geld aber fließe… [+3898 chars]",,de,'Putin'
https://www.zeit.de/news/2026-07/01/russland-beschiesst-tankstellen-in-der-ukraine,https://www.zeit.de/news/2026-07/01/russland-beschiesst-tankstellen-in-der-ukraine,0,www.zeit.de,Ukraine-Krieg: Russland beschießt Tankstellen in der Ukraine,Hier finden Sie Informationen zu dem Thema „Ukraine-Krieg“. Lesen Sie jetzt „Russland beschießt Tankstellen in der Ukraine“.,https://img.zeit.de/news/2026-07/01/russland-beschiesst-tankstellen-in-der-ukraine-image-group/wide__1300x731,2026-07-01T06:03:38Z,,"Russische Luftangriffe haben im ukrainischen Gebiet Dnipropetrowsk über Nacht fünf Tankstellen getroffen. Mehrere Brände seien ausgebrochen, teilte der Gouverneur des Gebiets, Olexander Hanscha, auf … [+1381 chars]",,de,'Öl'
https://www.dw.com/de/ukraine-krieg-russland-krim-raffinerien-benzin-%C3%B6l-putin-treibstoff/a-77776237,https://www.dw.com/de/ukraine-krieg-russland-krim-raffinerien-benzin-%C3%B6l-putin-treibstoff/a-77776237,0,www.dw.com,Benzinkrise in Russland: Ukraine setzt Putin unter Druck,"Notstand auf der Krim, Versorgungsengpässe bei der Armee, Treibstoff-Mangel in Russland. Das sind die Folgen der ukrainischen Angriffe auf die russische Energieinfrastruktur. Zwingen sie Putin an den Verhandlungstisch?",https://static.dw.com/image/77766779_6.jpg,2026-07-01T06:25:00Z,,Seit mehreren Monaten greifen die Streitkräfte der Ukraine Anlagen der Energieinfrastruktur in russischen Regionen und auf der annektierten Krim an. Russische Nachschubwege in den besetzten Gebieten … [+7111 chars],,de,'Putin'
https://www.tagesschau.de/wirtschaft/konjunktur/inflation-tankrabatt-lebensmittel-preise-ezb-100.html,https://www.tagesschau.de/wirtschaft/konjunktur/inflation-tankrabatt-lebensmittel-preise-ezb-100.html,0,www.tagesschau.de,Inflation: Warum das Preisniveau bald wieder deutlich steigen könnte,"Die Inflation ist deutlich gesunken. Doch Ökonomen warnen: Die Energiepreis-Krise könnte nachwirken - und erst mit Verzögerung bei Konsumgütern, Lebensmitteln und Dienstleistungen ankommen. Von Angela Göpfert.",https://images.tagesschau.de/image/6a77a4e0-618b-44a0-b06b-bd63e6caf744/AAABnxeqkdM/AAABnSSvrFg/16x9-big/konsum-270.jpg?width=1280,2026-07-01T07:01:53Z,,"Stand: 01.07.2026 09:01 Uhr
Die Inflation ist deutlich gesunken. Doch Ökonomen warnen: Die Energiepreis-Krise könnte nachwirken - und erst mit Verzögerung bei Konsumgütern, Lebensmitteln und Dienstl… [+5952 chars]",,de,'Inflation'
https://www.diepresse.com/34097186/inflation-lag-im-juni-bei-3-2-prozent,https://www.diepresse.com/34097186/inflation-lag-im-juni-bei-3-2-prozent,0,www.diepresse.com,"Inflation lag im Juni bei 3,2 Prozent","Im Mai war die Inflation noch bei 3,7 Prozent gelegen. Hauptverantwortlich für den Rückgang der Teuerung war die Preisentwicklung bei Energie.",https://img.diepresse.com/public/incoming/70vps9-austrian-airlines/alternates/WEBP_WIDE_1200/Austrian%20Airlines,2026-07-01T07:12:41Z,,"Die Presse auf Google als bevorzugte Nachrichtenquelle hinzufügen.
 Die Inflation in Österreich hat sich im Juni merklich abgeschwächt. Laut einer ersten Schnellschätzung der Statistik Austria sank … [+1226 chars]",,de,'Energiepreise'
https://orf.at/stories/3434916/,https://orf.at/stories/3434916/,0,orf.at,"Schnellschätzung: Inflation sank im Juni auf 3,2 Prozent",,https://orf.at/mojo/1_4_1/storyserver//news/common/images/og-fallback-news.png,2026-07-01T07:14:43Z,,"Die Inflation in Österreich hat sich im Juni merklich abgeschwächt. Laut einer ersten Schnellschätzung der Statistik Austria sank die Teuerungsrate auf 3,2 Prozent, nachdem sie im Mai noch bei 3,7 Pr… [+1224 chars]",,de,'Energiepreise'
https://www.zeit.de/news/2026-07/01/bundesregierung-warnt-vor-reisen-in-ganz-russland,https://www.zeit.de/news/2026-07/01/bundesregierung-warnt-vor-reisen-in-ganz-russland,0,www.zeit.de,Ukraine-Krieg: Bundesregierung warnt vor Reisen in ganz Russland,Hier finden Sie Informationen zu dem Thema „Ukraine-Krieg“. Lesen Sie jetzt „Bundesregierung warnt vor Reisen in ganz Russland“.,https://img.zeit.de/news/2026-07/01/bundesregierung-warnt-vor-reisen-in-ganz-russland-image-group/wide__1300x731,2026-07-01T07:40:39Z,,"Das Auswärtige Amt hat seine Reisewarnung für Russland angesichts der verstärkten ukrainischen Drohnenangriffe massiv ausgeweitet. Gewarnt wird jetzt vor Reisen im ganzen Land, bisher galt dies nur f… [+2031 chars]",,de,'Krieg'
https://www.zeit.de/news/2026-07/01/bundesbankchef-nagel-die-inflation-ist-immer-noch-zu-hoch,https://www.zeit.de/news/2026-07/01/bundesbankchef-nagel-die-inflation-ist-immer-noch-zu-hoch,0,www.zeit.de,Geldpolitik: Bundesbankchef Nagel: «Die Inflation ist immer noch zu hoch»,Hier finden Sie Informationen zu dem Thema „Geldpolitik“. Lesen Sie jetzt „Bundesbankchef Nagel: «Die Inflation ist immer noch zu hoch»“.,https://img.zeit.de/news/2026-07/01/bundesbankchef-nagel-die-inflation-ist-immer-noch-zu-hoch-image-group/wide__1300x731,2026-07-01T07:51:07Z,,"Nach Ansicht von Bundesbankpräsident Joachim Nagel sollte die Europäische Zentralbank (EZB) trotz des starken Ölpreisrückgangs Kurs halten. «Die Inflation ist immer noch zu hoch», sagte Nagel der «Fr… [+1821 chars]",,de,'Inflation'
https://www.tagesspiegel.de/wirtschaft/geldpolitik-bundesbankchef-nagel-die-inflation-ist-immer-noch-zu-hoch-15780142.html,https://www.tagesspiegel.de/wirtschaft/geldpolitik-bundesbankchef-nagel-die-inflation-ist-immer-noch-zu-hoch-15780142.html,0,www.tagesspiegel.de,Geldpolitik: Bundesbankchef Nagel: „Die Inflation ist immer noch zu hoch“,"Mit Entspannung im Iran-Krieg sind die Ölpreise stark gefallen, der Druck auf die Inflation sinkt. Die EZB solle trotzdem Kurs halten, meint Nagel. Mit Ende des Tankrabatts erwartet er mehr Inflation.",https://www.tagesspiegel.de/images/15780141/alternates/BASE_16_9_W1400/1782892322000/bundesbank-prasident-joachim-nagel.jpeg,2026-07-01T07:52:02Z,,"Nach Ansicht von Bundesbankpräsident Joachim Nagel sollte die Europäische Zentralbank (EZB) trotz des starken Ölpreisrückgangs Kurs halten. Die Inflation ist immer noch zu hoch, sagte Nagel der Frank… [+1865 chars]",,de,'Öl'
https://www.n-tv.de/politik/Schwedens-Geheimdienst-erwartet-Konfrontation-auch-nach-Putins-Abgang-id31034107.html,https://www.n-tv.de/politik/Schwedens-Geheimdienst-erwartet-Konfrontation-auch-nach-Putins-Abgang-id31034107.html,0,www.n-tv.de,"""Krise nicht vorübergehend"": Schwedens Geheimdienst erwartet Konfrontation auch nach Putins Abgang",Durch die vermehrt positiven Nachrichten für die Ukraine in ihrem Verteidigungskampf sinkt in Europa das Gefühl der Bedrohung durch Russland. Der schwedische Geheimdienst glaubt allerdings nicht an ein baldiges Ende der Spannungen - selbst wenn ein anderer Ma…,https://www.n-tv.de/img/31034348/1782902246/Img_16_9/1200/Russian-President-Vladimir-Putin-chairs-a-meeting-at-the-Kremlin-to-discuss-fuel-supplies-to-Russian-regions-as-part-of-ongoing-efforts-to-monitor-the-energy-sector-and-ensure-stable-supplies-across-the-country-in-Moscow-Russia-on-June-28-2026.jpg,2026-07-01T08:37:28Z,,"""Krise nicht vorübergehend""Schwedens Geheimdienst erwartet Konfrontation auch nach Putins Abgang
Glaubt an Erfolge auf dem Schlachtfeld, die es nicht gibt, während Teile der Bevölkerung unzufriedene… [+2798 chars]",,de,'Putin'
https://www.diepresse.com/33816350/selbstmoerderische-befehle-russische-soldaten-erheben-schwere-vorwuerfe,https://www.diepresse.com/33816350/selbstmoerderische-befehle-russische-soldaten-erheben-schwere-vorwuerfe,0,www.diepresse.com,"„Selbstmörderische Befehle“: Russische Soldaten erheben schwere Vorwürfe, doch Putin ignoriert sie [premium]","Nach einem resonanzreichen Appell an Wladimir Putin über Gewaltexzesse im russischen Militär wird Kriegsveteran Alexander Lunin ruhig gestellt. Er ist nicht der Erste, der aufmuckt. Doch der Kreml übersieht den wachsenden Unmut in der Bevölkerung.",https://img.diepresse.com/public/incoming/jgghai-imago-images-0859923903/alternates/WEBP_WIDE_1200/imago%20images%200859923903,2026-07-01T08:46:59Z,,"Alexander Lunin hatte Großes vor. Lunin forderte in einer Videobotschaft Wladimir Putin zu einem persönlichen Gespräch im Fernsehen auf. Vor laufender Kamera wollte er dem Oberbefehlshaber schildern,… [+5357 chars]",,de,'Krieg'
https://www.faz.net/aktuell/finanzen/inflation-im-euroraum-faellt-im-juni-auf-2-8-prozent-accg-200986968.html,https://www.faz.net/aktuell/finanzen/inflation-im-euroraum-faellt-im-juni-auf-2-8-prozent-accg-200986968.html,0,www.faz.net,"Verbraucherpreise: Inflation im Euroraum fällt im Juni auf 2,8 Prozent",Die Inflation im Euroraum liegt unter den Erwartungen von Experten. Im EZB-Rat wird deswegen die Notwendigkeit eines abermaligen Zinsschritts diskutiert.,https://media0.faz.net/image/w1200h627/6149e2e481c5/w6000h3135x0y120o/202606/43601.0.2280004846/die-inflation-im-juni-fiel-im.webp,2026-07-01T09:26:34Z,,"Die Inflation im Euroraum hat sich deutlicher als erwartet abgeschwächt. Waren und Dienstleistungen verteuerten sich im Juni nur noch um durchschnittlich 2,8 Prozent im Vergleich zum Vorjahresmonat, … [+1688 chars]",,de,'Inflation'
https://orf.at/stories/3434921/,https://orf.at/stories/3434921/,0,orf.at,Entspannung bei Energie dämpft Inflation,"Die Inflation hat sich im Juni merklich abgeschwächt. Laut Schnellschätzung der Statistik Austria sank die Teuerungsrate auf 3,2 Prozent, nachdem sie im Mai noch bei 3,7 Prozent gelegen war. Hauptverantwortlich für den Rückgang der Teuerung war nach Angaben d…",https://ibs.orf.at/news?image=https%3A%2F%2Fassets.orf.at%2Fmims%2F2026%2F27%2F12%2Fcrops%2Fw%3D1200%2Ch%3D630%2Cq%3D75%2F3095637_master_1198812_inflation_juni_schaetzung_hum.jpg%3Fs%3D7dab6c615e912c55faffb75eb688e0d85e0df4b5,2026-07-01T09:51:15Z,,"Die um 0,5 Prozentpunkte niedrigere Teuerung geht vor allem darauf zurück, dass Treibstoffe, aber auch Heizöl im Juni weit weniger preistreibend als im Vormonat wirkten, sagte Statistik-Austria-Gener… [+3189 chars]",,de,'Inflation'
https://www.sueddeutsche.de/kultur/irina-rastorgueva-russland-ukraine-drohnen-putin-krim-li.3507439,https://www.sueddeutsche.de/kultur/irina-rastorgueva-russland-ukraine-drohnen-putin-krim-li.3507439,0,www.sueddeutsche.de,Debatte: Die Ferien auf der Krim sind abgesagt,"Die Ukraine attackiert mit Drohnen tief in Russland, an Tankstellen gibt es vieles, nur kein Benzin mehr. Wer mag nur schuld sein, dass die Einschläge im Leben vieler Russen immer näher kommen – Putin etwa?",https://www.sueddeutsche.de/2026/07/01/8b199d29-1383-44f1-bbbc-2468a5af34cc.jpg?q=60&fm=webp&width=1200&rect=0%2C178%2C3500%2C1969,2026-07-01T09:53:01Z,,"Der Juni 2026 wurde zum Rekordmonat, was die Intensität, Menge und Reichweite ukrainischer Angriffe auf russisches Territorium seit Beginn des Krieges betrifft: Drohnen gelangten bis nach Tjumen, 250… [+804 chars]",,de,'Putin'
https://www.tagesschau.de/wirtschaft/konjunktur/inflation-eurozone-juni-verbraucherpreise-100.html,https://www.tagesschau.de/wirtschaft/konjunktur/inflation-eurozone-juni-verbraucherpreise-100.html,0,www.tagesschau.de,"Inflation im Euroraum sinkt deutlich auf 2,8 Prozent","Die Entspannung im Iran-Konflikt dämpft die Inflation: Die Verbraucherpreise in der Eurozone stiegen im Juni um 2,8 Prozent im Vergleich zum Vorjahr. Das nimmt der EZB den Druck, die Zinsen rasch weiter anzuheben.",https://images.tagesschau.de/image/50ef0944-2d95-472b-b90d-4b96eab412b0/AAABnx0RYM4/AAABnSSvrFg/16x9-big/frankreich-800.jpg?width=1280,2026-07-01T11:51:51Z,,"Stand: 01.07.2026 13:51 Uhr
Die Entspannung im Iran-Konflikt dämpft die Inflation: Die Verbraucherpreise in der Eurozone stiegen im Juni um 2,8 Prozent im Vergleich zum Vorjahr. Das nimmt der EZB de… [+4361 chars]",,de,'Inflation'
https://www.tagesschau.de/wirtschaft/finanzen/boerse-bilanz-halbjahr-marktbericht-100.html,https://www.tagesschau.de/wirtschaft/finanzen/boerse-bilanz-halbjahr-marktbericht-100.html,0,www.tagesschau.de,Halbjahresbilanz: Weniger Börsengänge trotz robuster Aktienmärkte,In den ersten sechs Monaten des Jahres haben deutlich weniger Unternehmen den Gang an die Börse gewagt. Obwohl sich die Aktienmärkte trotz des Iran-Kriegs robust gezeigt haben.,https://images.tagesschau.de/image/eee2f737-03cc-4107-872f-1a79f01488f4/AAABnipnoiI/AAABnSSvrFg/16x9-big/boerse-514.jpg?width=1280,2026-07-01T12:34:08Z,,"Stand: 01.07.2026 14:34 Uhr
In den ersten sechs Monaten des Jahres haben deutlich weniger Unternehmen den Gang an die Börse gewagt. Obwohl sich die Aktienmärkte trotz des Iran-Kriegs robust gezeigt … [+2999 chars]",,de,'Krieg'
https://www.derstandard.at/story/3000000329496/putin-bringt-seine-superyachten-offenbar-vor-ukrainischen-drohnenangriffen-in-sicherheit,https://www.derstandard.at/story/3000000329496/putin-bringt-seine-superyachten-offenbar-vor-ukrainischen-drohnenangriffen-in-sicherheit,0,www.derstandard.at,Putin bringt seine Superyachten offenbar vor ukrainischen Drohnenangriffen in Sicherheit,"Das Schiff Graceful ist nach knapp vier Jahren Sendepause mit Militäreskorte in der Ostsee registriert worden, auch eine andere Luxusyacht ist unterwegs. Das Ziel: die Türkei",https://i.ds.at/wchPZg/rs:fill:1200:600/plain/lido-images/2026/07/01/cb779515-a5e9-44b7-86b4-7c7eedd3f645.jpg,2026-07-01T12:49:29Z,,"Sie entscheiden darüber, wie Sie unsere Inhalte nutzen wollen. Ihr Gerät erlaubt uns derzeit leider nicht, die entsprechenden Optionen anzuzeigen.
Bitte deaktivieren Sie sämtliche Hard- und Software… [+180 chars]",,de,'Putin'
https://www.zeit.de/politik/ausland/2026-07/israelische-soldaten-libanon-syrien-gazastreifen-israel-katz,https://www.zeit.de/politik/ausland/2026-07/israelische-soldaten-libanon-syrien-gazastreifen-israel-katz,0,www.zeit.de,"Krieg in Nahost: Israel will »auf unbestimmte Zeit« in Libanon, Syrien und Gaza bleiben","Verteidigungsminister Katz begründet die teilweise Besatzung von Syrien, Gaza und dem Libanon mit Selbstschutz. Über mögliche Pläne für eine Besiedelung sagt er nichts.",https://img.zeit.de/politik/ausland/2026-07/israelische-soldaten-libanon-syrien-gazastreifen-israel-katz-foto-1/wide__1300x731,2026-07-01T12:57:45Z,,"Israelische Soldaten sollen laut Verteidigungsminister Israel Katz »auf unbestimmte Zeit« im Libanon, in Syrien und im Gazastreifen bleiben. Man werde sich aus den besetzten Gebieten nicht zurückzieh… [+1101 chars]",,de,'Krieg'
https://www.sueddeutsche.de/wirtschaft/ezb-mindestreserve-banken-zinskosten-veraenderungen-deutschland-li.3508561,https://www.sueddeutsche.de/wirtschaft/ezb-mindestreserve-banken-zinskosten-veraenderungen-deutschland-li.3508561,0,www.sueddeutsche.de,Geldpolitik: EZB überdenkt geldpolitisches Instrument: Weniger risikolose Gewinne für Banken,"Im Kampf gegen die Inflation zahlen die Notenbanken immer noch hohe Zinsen an die Geschäftsbanken, was diesen risikolose Gewinne beschert. Das will die EZB nun offenbar einschränken - zumindest ein wenig.",https://www.sueddeutsche.de/2026/07/01/50e906b3-ca8a-4248-95e5-901aeaff5706.jpg?q=60&fm=webp&width=1200&rect=0%2C132%2C4000%2C2250,2026-07-01T13:17:16Z,,"Die Europäische Zentralbank (EZB) erwägt Insidern zufolge, die Mindestreserve für Banken zu verdoppeln, um ihre eigenen Zinsausgaben zu senken. Die Währungshüter debattierten darüber, den Anteil der … [+4577 chars]",,de,'Inflation'
https://www.n-tv.de/wirtschaft/boersenkurse/Dies-ist-an-der-Boerse-keine-Zeit-fuer-Euphorie-id31036362.html,https://www.n-tv.de/wirtschaft/boersenkurse/Dies-ist-an-der-Boerse-keine-Zeit-fuer-Euphorie-id31036362.html,0,www.n-tv.de,"Der Börsen-Tag: ""Dies ist an der Börse keine Zeit für Euphorie""","Ob Aktien, Fonds, Zertifikate oder Rohstoffe, ob Dax, Dow, Gold, Öl oder Nasdaq - n-tv ist die Anlaufstelle für Anleger.",https://www.n-tv.de/img/30420711/1772448937/Img_16_9/1200/Boersensaal-in-Frankfurt-Weltweit-geraten-die-Aktienmaerkte-unter-Druck-wegen-des-Iran-Kriegs.jpg,2026-07-01T13:45:06Z,,"Heiko Löschen von GSP Asset Management erklärt, warum die überraschend niedrige Inflation noch kein Garant für sinkende Zinsen und an der Börse derzeit ""keine Zeit für Euphorie"" ist. 
Quelle: ntv.de",,de,'Inflation'
https://www.faz.net/podcasts/f-a-z-podcast-fuer-deutschland/wladimir-kaminer-russendisko-gegen-den-krieg-200986458.html,https://www.faz.net/podcasts/f-a-z-podcast-fuer-deutschland/wladimir-kaminer-russendisko-gegen-den-krieg-200986458.html,0,www.faz.net,F.A.Z. Podcast für Deutschland: Wladimir Kaminer: „Russendisko gegen den Krieg“,Für Putin läuft es schlecht. Benzin und Lebensmittel werden knapp. Wächst der Unmut in der russischen Bevölkerung?,https://media0.faz.net/image/w1200h627/ab1e83f9604b/w5551h2900x0y286o/202606/43601.0.2280503252/4360102280503252.webp,2026-07-01T14:06:29Z,,Darüber sprechen wir im F.A.Z. Podcast für Deutschland mit unserem Russland-Korrespondenten Friedrich Schmidt und mit dem deutsch-russischen Autor Wladimir Kaminer.,,de,'Krieg'
https://www.diepresse.com/34098769/omv-chef-alfred-stern-mit-gas-zu-heizen-ist-verschwendung,https://www.diepresse.com/34098769/omv-chef-alfred-stern-mit-gas-zu-heizen-ist-verschwendung,0,www.diepresse.com,OMV-Chef Alfred Stern: „Mit Gas zu heizen ist Verschwendung“ [premium],"Der Energiekonzern warnt vor ausbleibenden Gaslieferungen. Stern will die fossile Produktion steigern, neue Gasfelder kaufen und in Graz nun doch nach Erdwärme bohren.",https://img.diepresse.com/public/incoming/bt79v9-kein-titel/alternates/WEBP_WIDE_1200/kein%20Titel,2026-07-01T14:06:54Z,,"Zwei Monate vor dem geplanten Ende seiner Ära als OMV-Generaldirektor nimmt sich Alfred Stern kein Blatt mehr vor den Mund: Europa wurde in den vergangenen fünf Jahren geschwächt, sagt er. Überborden… [+2934 chars]",,de,'fossile Energie'
https://www.derstandard.at/story/3000000329608/spritbonus-und-steuersenkung-viel-aufwand-fuer-wenig-wirkung,https://www.derstandard.at/story/3000000329608/spritbonus-und-steuersenkung-viel-aufwand-fuer-wenig-wirkung,0,www.derstandard.at,Spritbonus und Steuersenkung: Viel Aufwand für wenig Wirkung,"Die aktuellen Maßnahmen sollen entlasten, bringen aber wenig. Wer die Inflation nachhaltig senken will, muss weg von fossilen Brennstoffen",https://i.ds.at/sqKQZw/rs:fill:1200:600/plain/lido-images/2026/07/01/4c2ac2c5-fd6d-4944-ba2d-68c54f253d7c.jpg,2026-07-01T14:25:44Z,,"Sie entscheiden darüber, wie Sie unsere Inhalte nutzen wollen. Ihr Gerät erlaubt uns derzeit leider nicht, die entsprechenden Optionen anzuzeigen.
Bitte deaktivieren Sie sämtliche Hard- und Software… [+180 chars]",,de,'Inflation'
https://www.faz.net/aktuell/finanzen/notenbankertreffen-in-sintra-kevin-warsh-und-christine-lagarde-lassen-sich-wenig-in-die-karten-gucken-200988143.html,https://www.faz.net/aktuell/finanzen/notenbankertreffen-in-sintra-kevin-warsh-und-christine-lagarde-lassen-sich-wenig-in-die-karten-gucken-200988143.html,0,www.faz.net,EZB-Forum in Sintra: Warsh und Lagarde lassen sich wenig in die Karten gucken,Vor der Abschlussdebatte beim Notenbankertreffen in Sintra steigt sogar der Wechselkurs des Dollars. Die Chefs der großen Notenbanken sind mit einem stark gefallenen Ölpreis konfrontiert. Wie wollen sie reagieren?,https://media0.faz.net/image/w1200h627/00abe8830a9a/w4978h2601x0y297o/202607/43601.0.2285336743/ezb-praesidentin-christine.webp,2026-07-01T15:03:38Z,,"Es passiert nicht oft, dass eine kleine Podiumsdiskussion die Wechselkurse von Währungen auf den Weltmärkten bewegt. So geschehen am Mittwoch, vor dem Abschlusspanel des jährlichen Notenbankertreffen… [+2978 chars]",,de,'Öl'
https://www.zeit.de/wirtschaft/2026-07/bitcoin-kurs-absturz-dollar-inflation,https://www.zeit.de/wirtschaft/2026-07/bitcoin-kurs-absturz-dollar-inflation,0,www.zeit.de,Kryptowährung: Bitcoin fällt auf tiefsten Stand seit 21 Monaten,Nach Wochen der Stabilität sinkt der Bitcoin auf ein 21-Monats-Tief. Gründe könnten die steigenden Energiepreise und Sorgen vor höheren Leitzinsen sein.,https://img.zeit.de/wirtschaft/2026-07/bitcoin-kurs-absturz-dollar-inflation-foto-1/wide__1300x731,2026-07-01T15:09:44Z,,"Der Bitcoin ist auf seinen niedrigsten Stand seit
Mitte September 2024 gefallen. Die älteste und bekannteste Kryptowährung fiel
im frühen Handel auf der Plattform Bitstamp bis auf 57.735 US-Dollar.… [+1262 chars]",,de,'Energiepreise'
https://www.zeit.de/news/2026-07/01/bochum-und-hertha-eroeffnen-zweitliga-saison,https://www.zeit.de/news/2026-07/01/bochum-und-hertha-eroeffnen-zweitliga-saison,0,www.zeit.de,Traditionsduell zum Auftakt: FC Bayern eröffnet Bundesliga-Saison gegen Stuttgart,Hier finden Sie Informationen zu dem Thema „Traditionsduell zum Auftakt“. Lesen Sie jetzt „FC Bayern eröffnet Bundesliga-Saison gegen Stuttgart“.,https://img.zeit.de/news/2026-07/01/bochum-und-hertha-eroeffnen-zweitliga-saison-image-group/wide__1300x731,2026-07-01T15:13:44Z,,Der deutsche Meister FC Bayern München eröffnet die 64. Saison der Fußball-Bundesliga mit einem Heimspiel gegen den VfB Stuttgart. Das gab die Bundesliga-Gruppe einen Tag vor Veröffentlichung des kom… [+1749 chars],,de,'Bayern'
https://www.freitag.de/autoren/wimalasena/usa-250-jahre-wie-eine-linke-wende-amerika-veraendern-koennte,https://www.freitag.de/autoren/wimalasena/usa-250-jahre-wie-eine-linke-wende-amerika-veraendern-koennte,0,www.freitag.de,"USA | „Lady Liberty“ in Rot: Was, wenn Trumps Amerika bald ganz anders aussieht?","Am Samstag feiern die USA ihren 250. Geburtstag – inmitten von Kriegen, Abschiebungen und Inflation ist die Stimmung schlecht. Doch in solchen Krisenzeiten hat sich die amerikanische Linke schon einmal neu erfunden. Gelingt ihr das wieder? An diesem Samstag f…",https://www.freitag.de/autoren/wimalasena/usa-250-jahre-wie-eine-linke-wende-amerika-veraendern-koennte/@@images/image/great,2026-07-01T15:25:00Z,,"An diesem Samstag feiern die USA ihren 250. Geburtstag. Während einer Fußball-WM, eines illegalen Angriffskriegs auf den Iran, den der Präsident nicht zu Ende bringen kann, während maskierte Abschieb… [+11543 chars]",,de,'Krieg'
https://www.tagesspiegel.de/berlin-brandenburg-inflationsrate-sinkt-im-juni-auf-23-prozent-15783263.html,https://www.tagesspiegel.de/berlin-brandenburg-inflationsrate-sinkt-im-juni-auf-23-prozent-15783263.html,0,www.tagesspiegel.de,"Berlin / Brandenburg: Inflationsrate sinkt im Juni auf 2,3 Prozent","Inflationsrate sinkt im Juni auf 2,3 Prozent",,2026-07-01T15:26:24Z,,"Die Inflation in Deutschland hat an Tempo verloren. Im Juni lagen die Verbraucherpreise um 2,3 Prozent über dem Niveau des Vorjahresmonats - nach 2,6 Prozent im Mai, wie das Statistische Bundesamt au… [+129 chars]",,de,'Inflation'
https://www.zeit.de/news/2026-07/01/fc-bayern-verpflichtet-marokkanischen-wm-star,https://www.zeit.de/news/2026-07/01/fc-bayern-verpflichtet-marokkanischen-wm-star,0,www.zeit.de,Fußball-Rekordmeister: FC Bayern verpflichtet marokkanischen WM-Star,Hier finden Sie Informationen zu dem Thema „Fußball-Rekordmeister“. Lesen Sie jetzt „FC Bayern verpflichtet marokkanischen WM-Star“.,https://img.zeit.de/news/2026-07/01/fc-bayern-verpflichtet-marokkanischen-wm-star-image-group/wide__1300x731,2026-07-01T16:20:52Z,,"Der FC Bayern München hat den marokkanischen WM-Star Ismael Saibari verpflichtet. Wie der deutsche Fußball-Rekordmeister mitteilte, unterschreibt der offensive Mittelfeldspieler einen Vertrag bis zum… [+2728 chars]",,de,'Bayern'
https://www.faz.net/aktuell/sport/fussball/fussball-transferticker-fc-bayern-muenchen-verpflichtet-marokkos-wm-star-ismael-saibari-faz-18134600.html,https://www.faz.net/aktuell/sport/fussball/fussball-transferticker-fc-bayern-muenchen-verpflichtet-marokkos-wm-star-ismael-saibari-faz-18134600.html,0,www.faz.net,Fußball-Transferticker: FC Bayern verpflichtet Marokkos WM-Star,Eberl: „Einer der spannendsten Offensivspieler dieser WM“ +++ Italiens „Verteidiger des Jahres“ schließt sich Alonso und Chelsea an +++ Grimaldo verlässt Leverkusen Richtung La Liga +++ alle Infos im Transferticker.,https://media0.faz.net/image/w1200h627/030936a14ef4/w4959h2591x535y1158o/202606/43601.0.2279386730/machte-zuletzt-fuer-marokko.webp,2026-07-01T16:24:00Z,,Über die Ablösemodalitäten machten die Hessen keine Angaben. In Frankfurt besaß der Rechtsverteidiger noch einen Kontrakt bis zum 30. Juni 2029. Ich verlasse die Eintracht mit einem lachenden und ein… [+751 chars],,de,'Bayern'
https://www.zeit.de/news/2026-07/02/russland-fliegt-heftige-luftangriffe-auf-ukrainische-staedte,https://www.zeit.de/news/2026-07/02/russland-fliegt-heftige-luftangriffe-auf-ukrainische-staedte,0,www.zeit.de,Ukraine-Krieg: Russland fliegt heftige Luftangriffe auf ukrainische Städte,Hier finden Sie Informationen zu dem Thema „Ukraine-Krieg“. Lesen Sie jetzt „Russland fliegt heftige Luftangriffe auf ukrainische Städte“.,https://img.zeit.de/news/2026-07/02/russland-fliegt-heftige-luftangriffe-auf-ukrainische-staedte-image-group/wide__1300x731,2026-07-02T00:46:08Z,,"Mehrere Städte in der Ukraine sind zur Zielscheibe einer außergewöhnlich heftigen Angriffswelle mit russischen Kampfdrohnen, Raketen und Marschflugkörpern geworden. Aus der Hauptstadt Kiew wurden am … [+1410 chars]",,de,'Krieg'
https://www.zeit.de/news/2026-07/02/entspannung-in-nahost-airlines-erweitern-fluege-nach-israel,https://www.zeit.de/news/2026-07/02/entspannung-in-nahost-airlines-erweitern-fluege-nach-israel,0,www.zeit.de,Iran-Krieg: Entspannung in Nahost: Airlines erweitern Flüge nach Israel,Hier finden Sie Informationen zu dem Thema „Iran-Krieg“. Lesen Sie jetzt „Entspannung in Nahost: Airlines erweitern Flüge nach Israel“.,https://img.zeit.de/news/2026-07/02/entspannung-in-nahost-airlines-erweitern-fluege-nach-israel-image-group/wide__1300x731,2026-07-02T07:08:46Z,,Israel-Touristen können nach der Beruhigung im Iran-Krieg wieder auf ein größeres Flugangebot nach Tel Aviv zugreifen. Neben der Lufthansa-Gruppe plant nun auch die Gesellschaft Condor wieder regelmä… [+1054 chars],,de,'Krieg'
https://www.zeit.de/news/2026-07/02/bundesliga-dauerduell-bayern-bvb-am-8-spieltag,https://www.zeit.de/news/2026-07/02/bundesliga-dauerduell-bayern-bvb-am-8-spieltag,0,www.zeit.de,Saison 2026/27: Bundesliga: Dauerduell Bayern - BVB am 8. Spieltag,Hier finden Sie Informationen zu dem Thema „Saison 2026/27“. Lesen Sie jetzt „Bundesliga: Dauerduell Bayern - BVB am 8. Spieltag“.,https://img.zeit.de/news/2026-07/02/bundesliga-dauerduell-bayern-bvb-am-8-spieltag-image-group/wide__1300x731,2026-07-02T09:31:24Z,,Doublegewinner FC Bayern München wird in der neuen Saison am 8. und 25. Spieltag von Vizemeister Borussia Dortmund gefordert. Dies geht aus den von der Bundesliga (früher Deutsche Fußball Liga) veröf… [+2218 chars],,de,'Bayern'
https://www.welt.de/sicherheitsgipfel/video6a464c7693e0921d609d38f4/welt-sicherheitsgipfel-airbus-defence-space-kooperiert-mit-bravo1-der-ukraine.html,https://www.welt.de/sicherheitsgipfel/video6a464c7693e0921d609d38f4/welt-sicherheitsgipfel-airbus-defence-space-kooperiert-mit-bravo1-der-ukraine.html,0,www.welt.de,Airbus Defence & Space kooperiert mit Bravo1 der Ukraine,"Airbus Defence & Space, kooperiert als erstes westliches Unternehmen mit der ukrainischen Initiative Brave1. Ziel ist die gemeinsame Entwicklung innovativer Drohnen- und KI-Technologien. „Wir müssen jetzt Gas geben“, sagt Dr. Michael Schöllhorn, CEO, bei WELT…",https://images.welt.de/6a464c7693e0921d609d38f4/213b12c2cc757cea54453335bf9ae9da-master/ci16x9-w1200/michael-schoellhorn-airbus-welt-sicherheitsgipfel-jpg,2026-07-02T12:49:29Z,,"Airbus Defence &amp; Space, kooperiert als erstes westliches Unternehmen mit der ukrainischen Initiative Brave1. Ziel ist die gemeinsame Entwicklung innovativer Drohnen- und KI-Technologien. Wir müss… [+125 chars]",,de,'Gas'
https://www.zeit.de/news/2026-07/02/dax-erreicht-rekordstand-nach-sinkenden-oelpreisen,https://www.zeit.de/news/2026-07/02/dax-erreicht-rekordstand-nach-sinkenden-oelpreisen,0,www.zeit.de,Börsen: Dax erreicht Rekordstand nach sinkenden Ölpreisen,Hier finden Sie Informationen zu dem Thema „Börsen“. Lesen Sie jetzt „Dax erreicht Rekordstand nach sinkenden Ölpreisen“.,https://img.zeit.de/news/2026-07/02/dax-erreicht-rekordstand-nach-sinkenden-oelpreisen-image-group/wide__1300x731,2026-07-02T14:12:15Z,,"Der deutsche Leitindex Dax ist erstmals seit Januar wieder auf einen Rekordwert gestiegen. Der deutsche Börsenleitindex erreichte am Nachmittag im Handelsverlauf 25.517 Punkte, ein Plus von 1,9 Proze… [+3329 chars]",,de,'Öl'
https://www.derstandard.at/story/3000000329855/214bb-erh246hen-ticketpreise-im-dezember-um-im-schnitt-35-prozent,https://www.derstandard.at/story/3000000329855/214bb-erh246hen-ticketpreise-im-dezember-um-im-schnitt-35-prozent,0,www.derstandard.at,"ÖBB erhöhen Ticketpreise im Dezember um im Schnitt 3,5 Prozent","Die ÖBB betonen, dass die Erhöhung unter der Inflation des Jahres 2025 liegt. Grund sind demnach die hohen Energiepreise",https://i.ds.at/Iejf2A/rs:fill:1200:600/plain/lido-images/2025/06/25/ac25ebc4-93f0-4309-8188-c5c57782d166.jpeg,2026-07-02T15:02:34Z,,"Laut ÖBB bleiben die Ab-Preise für Sparschiene-Tickets unverändert.
APA/ÖBB/MAREK KNOPP
Wien Die ÖBB erhöhen ihre Preise für Standardtickets und Vorteilscard zum Fahrplanwechsel im Dezember um durc… [+747 chars]",,de,'Energiepreise'
https://www.telepolis.de/article/IRENA-Bericht-Erneuerbare-schlagen-fossile-Kraftwerke-bei-Kosten-11352144.html,https://www.telepolis.de/article/IRENA-Bericht-Erneuerbare-schlagen-fossile-Kraftwerke-bei-Kosten-11352144.html,0,www.telepolis.de,IRENA-Bericht: Erneuerbare schlagen fossile Kraftwerke bei Kosten,Über 90 Prozent der 2025 gebauten Großanlagen für erneuerbare Energie waren günstiger als jede neue fossile Alternative.,https://heise.cloudimg.io/bound/1200x1200/q85.png-lossy-85.webp-lossy-85.foil1/_www-heise-de_/imgs/18/5/1/1/0/4/8/1/shutterstock_2738250901-986d1baafaf107ba.jpg,2026-07-02T15:30:00Z,,"Erneuerbare Energien sind bereits heute kostengünstiger als neue fossile Kraftwerke.
(Bild: bombermoon / Shutterstock.com)
Über 90 Prozent der 2025 gebauten Großanlagen für erneuerbare Energie ware… [+3646 chars]",,de,'Fossile Energie'
https://www.focus.de/finanzen/oelpreis-im-sturzflug-das-ende-vieler-apokalypse-szenarien_3f15cc78-3347-4c2a-8cbb-ab7179e0389b.html,https://www.focus.de/finanzen/oelpreis-im-sturzflug-das-ende-vieler-apokalypse-szenarien_3f15cc78-3347-4c2a-8cbb-ab7179e0389b.html,0,www.focus.de,Ölpreis im Sturzflug: Das Ende vieler Apokalypse-Szenarien,"Iran-Krieg, Inflation, Zinsen, KI und Konjunktur: Diese Faktoren entscheiden über den Börsensommer – und was Anleger jetzt wissen müssen.","https://quadro.burda-forward.de/ctf/31537e70-6374-44b9-9ad9-6c3e7ae54e3c.253efe88-bace-4fe3-9b40-bf0d61e3b0ac.jpeg?im=RegionOfInterestCrop=(1200,630),regionOfInterest=(1024,683)&hash=d3a6809b2b9bb84f5b6820356ba5426fd7dbf20a1b02e7d959b83b4059c9aab1",2026-07-02T15:49:00Z,,Erneute Kampfhandlungen und gegenseitig heftige Verbalattacken werde eine Verhandlungslösung nicht verhindern. Realpolitik wird trotz Wahnsinn reüssieren. Diese Einschätzung vertreten auch die Energi… [+5438 chars],,de,'Krieg'
https://www.faz.net/aktuell/rhein-main/region-und-hessen/giessen-klimaneutrale-waerme-aus-der-lahn-fuer-4000-wohnungen-200990176.html,https://www.faz.net/aktuell/rhein-main/region-und-hessen/giessen-klimaneutrale-waerme-aus-der-lahn-fuer-4000-wohnungen-200990176.html,0,www.faz.net,Klimaneutrale Energie: Heizen mit Wasser aus der Lahn,Pionierarbeit für die Wärmewende: Energie für 4000 Wohnungen gewinnen die Stadtwerke Gießen fortan aus dem Fluss Lahn. In dem neuen Kraftwerk kommen nicht nur drei Großwärmepumpen zum Einsatz.,https://media0.faz.net/image/w1200h627/31afee142d82/w4032h2106x0y459o/202607/43601.0.2288804623/energiepaket-das-neue.webp,2026-07-02T16:00:00Z,,"Mit ihrem ersten Flusskraftwerk wollen die Stadtwerke Gießen klimaneutrale Energie für fast 4000 Wohnungen in der Stadt an der Lahn gewinnen. Zu diesem Zweck werden Wärmepumpen, Blockheizkraftwerke u… [+4108 chars]",,de,'Heizen'
https://www.faz.net/aktuell/politik/ukraine/ukraine-liveticker-selenskyj-kuendigt-vergeltung-nach-russischem-angriff-auf-kiew-an-faz-110683325.html,https://www.faz.net/aktuell/politik/ukraine/ukraine-liveticker-selenskyj-kuendigt-vergeltung-nach-russischem-angriff-auf-kiew-an-faz-110683325.html,0,www.faz.net,Liveblog Ukrainekrieg: Selenskyj kündigt Vergeltung an,Mehr als 20 Tote nach russischem Angriff auf Kiew +++ Bundesregierung: Putin setzt auf Terror gegen die Bevölkerung  +++ alle Neuigkeiten im Liveblog,https://media0.faz.net/image/w1200h627/5bc2cbebd609/w5683h2969x0y410o/202607/43601.0.2289882109/der-ukrainische-praesident.webp,2026-07-02T16:15:22Z,,Nach heftigen russischen Angriffen in der Nacht steigen die Opferzahlen in der Ukraine am Morgen weiter. Nach offiziellen Angaben von Dienstagnachmittag wurden allein in Kiew mindestens 20 Zivilisten… [+1254 chars],,de,'Putin'
https://www.faz.net/aktuell/politik/ausland/russland-im-treibstoffmangel-putin-setzt-auf-importe-200990872.html,https://www.faz.net/aktuell/politik/ausland/russland-im-treibstoffmangel-putin-setzt-auf-importe-200990872.html,0,www.faz.net,"Treibstoffmangel: Putin will Indien, Belarus und Kasachstan anzapfen",In Russland wird der Treibstoff knapp. Vor den Tankstellen stauen sich die Autos. Manche Behörden werden darum kreativ.,https://media0.faz.net/image/w1200h627/1c1c0450c125/w6144h3210x0y763o/202606/43601.0.2281889878/wer-tanken-will-muss-zeit.webp,2026-07-02T18:31:12Z,,"Aus immer mehr russischen Regionen häufen sich die Bilder von Autos und Lastwagen, die an Tankstellen Schlange stehen. Zwar heißt es im Staatsfernsehen in Anknüpfung an Präsident Wladimir Putins Dars… [+5813 chars]",,de,'Putin'
https://www.zeit.de/news/2026-07/03/mehr-blitzeinschlaege-im-ersten-halbjahr-in-bayern,https://www.zeit.de/news/2026-07/03/mehr-blitzeinschlaege-im-ersten-halbjahr-in-bayern,0,www.zeit.de,Wetter: Mehr Blitzeinschläge im ersten Halbjahr in Bayern,Hier finden Sie Informationen zu dem Thema „Wetter“. Lesen Sie jetzt „Mehr Blitzeinschläge im ersten Halbjahr in Bayern“.,https://img.zeit.de/news/2026-07/03/mehr-blitzeinschlaege-im-ersten-halbjahr-in-bayern-image-group/wide__1300x731,2026-07-03T02:00:30Z,,In Bayern hat es im ersten Halbjahr wieder etwas mehr Blitze gegeben. Insgesamt zählte der Blitz-Informationsdienst Aldis/Blids 15.414 Einschläge. Das waren knapp 700 mehr als im Vorjahreszeitraum. D… [+1870 chars],,de,'Bayern'
https://www.bild.de/leben-wissen/food-essen-trinken-rezepte/die-wahl-des-grills-beeinflusst-mehr-als-sie-denken-660fc8f3b484e05aabe37575,https://www.bild.de/leben-wissen/food-essen-trinken-rezepte/die-wahl-des-grills-beeinflusst-mehr-als-sie-denken-660fc8f3b484e05aabe37575,0,www.bild.de,"Holzkohle, Gas- und Elektrogrill - Grillwahl beeinflusst mehr, als Sie denken","Gasgrill, Holzkohlegrill oder Elektrogrill? Wichtigste Vor- und Nachteile im Vergleich. So finden Sie den passenden Grill für Balkon, Garten und Terrasse.","https://images.bild.de/660fc8f3b484e05aabe37575/592728af099ecaaf549860a54954424a,35617a5a?w=1280",2026-07-03T02:48:50Z,,TTS-Player überspringenArtikel weiterlesenWarme Sommerabende und der verlockende Duft von gegrilltem Essen liegen in der Luft. Die Grillsaison hat begonnen! Doch welchen Grill sollten Sie wann benutz… [+3436 chars],,de,'Gas'
https://www.nzz.ch/pro/putin-schwaecht-mit-dem-ukraine-krieg-russlands-macht-ld.10013888,https://www.nzz.ch/pro/putin-schwaecht-mit-dem-ukraine-krieg-russlands-macht-ld.10013888,0,www.nzz.ch,Wladimir der Grosse?,Mit dem Ukraine-Krieg hat Putin den Traum von der russischen Weltmacht ruiniert. Die Pfeiler seiner Macht sind allesamt geschwächt.,"https://img-msp-prod.nzz.ch/2026/07/01/6d4dc5de-b7af-4029-90d7-82a0c95d6eed.jpg?width=1200&height=675&fit=bounds&quality=75&auto=webp&crop=4053,2280,x0,y1497&wmark=nzz",2026-07-03T03:30:00Z,,"Mit dem Ukraine-Krieg hat Putin den Traum von der russischen Weltmacht ruiniert. Die Pfeiler seiner Macht sind allesamt geschwächt.
Ulrich Speck03.07.2026, 05.30 Uhr
Kommentieren
Zusammenfassung
… [+8979 chars]",,de,'Krieg'
https://www.zeit.de/gesellschaft/2026-07/alexej-nawalny-wladimir-putin-russland-bibelpodcast,https://www.zeit.de/gesellschaft/2026-07/alexej-nawalny-wladimir-putin-russland-bibelpodcast,0,www.zeit.de,Alexej Nawalny: Einer gegen Putin,"So lang er konnte, kämpfte der russische Aktivist Alexej Nawalny gegen den Präsidenten Wladimir Putin, der das Land zugrunde richtet. Deshalb musste er sterben.",https://img.zeit.de/2026-07/alexej-nawalny-wladimir-putin-russland-bibelpodcast-bild/wide__1300x731,2026-07-03T04:05:07Z,,"Alexej Nawalny (1976 2024) erlebte den langsamen Untergang Russlands: Als er ein Kind war, explodierte das Atomkraftwerk in Tschernobyl. Später sah der junge Rechtsanwalt, wie überall Lügen, Korrupti… [+521 chars]",,de,'Putin'
https://www.zeit.de/politik/ausland/2026-07/angriffe-russland-benzinkrise-ukraine-5vor8,https://www.zeit.de/politik/ausland/2026-07/angriffe-russland-benzinkrise-ukraine-5vor8,0,www.zeit.de,Angriffe auf russisches Gebiet: Wann merken sie es endlich?,"Schlangen an den Tankstellen, steigende Preise, brennende Raffinerien: Der Krieg ist längst in Russland angekommen. Warum die Bevölkerung dennoch nicht aufbegehrt",https://img.zeit.de/politik/ausland/2026-07/angriffe-russland-benzinkrise-ukraine-5vor8-bild/wide__1300x731,2026-07-03T05:49:25Z,,"Schließen
Artikelzusammenfassung
Die Ukraine-Krise spitzt sich zu: Ukrainische Drohnen dringen immer tiefer in russisches Gebiet vor, lösen Chaos und Zerstörung aus. Die russische Bevölkerung leide… [+799 chars]",,de,'Krieg'
https://www.zeit.de/news/2026-07/03/nach-bayern-abschied-stanway-wechselt-zu-arsenal,https://www.zeit.de/news/2026-07/03/nach-bayern-abschied-stanway-wechselt-zu-arsenal,0,www.zeit.de,Frauen-Fußball: Nach Bayern-Abschied: Stanway wechselt zu Arsenal,Hier finden Sie Informationen zu dem Thema „Frauen-Fußball“. Lesen Sie jetzt „Nach Bayern-Abschied: Stanway wechselt zu Arsenal“.,https://img.zeit.de/news/2026-07/03/nach-bayern-abschied-stanway-wechselt-zu-arsenal-image-group/wide__1300x731,2026-07-03T09:09:50Z,,Fußball-Europameisterin Georgia Stanway hat nach ihrem Abschied vom FC Bayern München einen neuen Club gefunden. Die englische Nationalspielerin wechselt zurück in ihre Heimat und setzt ihre Karriere… [+783 chars],,de,'Bayern'
https://ooe.orf.at/stories/3361115/,https://ooe.orf.at/stories/3361115/,0,ooe.orf.at,Gaseinsatz auf der Pyhrnautobahn,Vier Feuerwehren sind seit Freitagvormittag auf der Pyhrnautobahn (A9) bei Ried im Traunkreis im Einsatz. Nach ersten Informationen der Feuerwehren hat es einen Unfall mit einem Gefahrguttransporter gegeben.,https://ibs.orf.at/ooe?image=https%3A%2F%2Foekastatic.orf.at%2Fmojo%2F1_4_1%2Fstoryserver%2Foeka%2Fcommon%2Fimages%2Fog-fallback-ooe.png%3Fs%3Def746acc906d9323de3852387a2c35454871880f,2026-07-03T09:23:41Z,,"Laut Feuerwehr ist ein Gefahrgut-Transport betroffen, der unterschiedliche Stoffe transportiert unter anderem Chlorwasserstoff. Die Einsatzkräfte haben die Pyhrnautobahn komplett gesperrt.
Reizendes… [+530 chars]",,de,'Gas'
https://www.zeit.de/news/2026-07/03/so-viele-menschen-haben-in-bayern-geheiratet,https://www.zeit.de/news/2026-07/03/so-viele-menschen-haben-in-bayern-geheiratet,0,www.zeit.de,Gesellschaft: So viele Menschen haben in Bayern geheiratet,Hier finden Sie Informationen zu dem Thema „Gesellschaft“. Lesen Sie jetzt „So viele Menschen haben in Bayern geheiratet“.,https://img.zeit.de/news/2026-07/03/so-viele-menschen-haben-in-bayern-geheiratet-image-group/wide__1300x731,2026-07-03T09:48:36Z,,"58.640 Paare haben im vergangenen Jahr in Bayern standesamtlich geheiratet. Das sind in etwa so viele wie im Jahr zuvor, aber deutlich weniger als in früheren Jahren: 2022 gab es noch mehr als 65.000… [+1004 chars]",,de,'Bayern'
https://www.tagesspiegel.de/internationales/400000-tote-soldaten-fur-19-prozent-der-ukraine-diese-zahlen-zeigen-wie-schlecht-putins-krieg-wirklich-lauft-15785331.html,https://www.tagesspiegel.de/internationales/400000-tote-soldaten-fur-19-prozent-der-ukraine-diese-zahlen-zeigen-wie-schlecht-putins-krieg-wirklich-lauft-15785331.html,0,www.tagesspiegel.de,"400.000 tote Soldaten für 19 Prozent der Ukraine: Diese Zahlen zeigen, wie schlecht Putins Krieg wirklich läuft",Der russische Machthaber gesteht inzwischen selbst Probleme mit seinem Ukraine-Krieg ein. Drei Zahlen zeichnen ein noch viel verheerenderes Bild. Für Euphorie aufseiten des Westens ist es trotzdem zu früh.,https://www.tagesspiegel.de/images/15791715/alternates/BASE_16_9_W1400/1783067970000/ukraine-krieg-russlands-prasident-putin.jpeg,2026-07-03T11:14:45Z,,"Wenn der russische Machthaber höchstpersönlich Probleme mit seinem Ukraine-Krieg einräumt, muss tatsächlich etwas im Argen liegen. Wladimir Putins Auftritt Ende Juni beim Kongress der Regierungsparte… [+7327 chars]",,de,'Krieg'
https://www.tagesspiegel.de/internationales/19-prozent-konnen-putin-nicht-genugen-diese-zahlen-zeigen-wie-miserabel-der-krieg-fur-russland-lauft-15785331.html,https://www.tagesspiegel.de/internationales/19-prozent-konnen-putin-nicht-genugen-diese-zahlen-zeigen-wie-miserabel-der-krieg-fur-russland-lauft-15785331.html,0,www.tagesspiegel.de,"19 Prozent können Putin nicht genügen: Diese Zahlen zeigen, wie miserabel der Krieg für Russland läuft",Der russische Machthaber gesteht inzwischen selbst Probleme mit seinem Ukraine-Krieg ein. Drei Zahlen zeichnen ein noch viel verheerenderes Bild. Für Euphorie aufseiten des Westens ist es trotzdem zu früh.,https://www.tagesspiegel.de/images/15791715/alternates/BASE_16_9_W1400/1783067970000/ukraine-krieg-russlands-prasident-putin.jpeg,2026-07-03T11:14:45Z,,"Wenn der russische Machthaber höchstpersönlich Probleme mit seinem Ukraine-Krieg einräumt, muss tatsächlich etwas im Argen liegen. Wladimir Putins Auftritt Ende Juni beim Kongress der Regierungsparte… [+7327 chars]",,de,'Putin'
https://www.zeit.de/news/2026-07/03/wechsel-von-nationalspieler-brown-zum-fc-bayern-perfekt,https://www.zeit.de/news/2026-07/03/wechsel-von-nationalspieler-brown-zum-fc-bayern-perfekt,0,www.zeit.de,Fußball-Bundesliga: Wechsel von Nationalspieler Brown zum FC Bayern perfekt,Hier finden Sie Informationen zu dem Thema „Fußball-Bundesliga“. Lesen Sie jetzt „Wechsel von Nationalspieler Brown zum FC Bayern perfekt“.,https://img.zeit.de/administratives/sharing/fallback-image-die-zeit/wide__1300x731,2026-07-03T12:09:27Z,,"Fußball-Nationalspieler Nathaniel Brown wechselt von Eintracht Frankfurt zum FC Bayern München. Wie der deutsche Rekordmeister mitteilte, erhält der 23-Jährige dort einen Vertrag bis zum 30. Juni 203… [+40 chars]",,de,'Bayern'
https://www.faz.net/aktuell/sport/fussball/fussball-transferticker-brown-wechsel-zum-fc-bayern-offiziell-faz-18134600.html,https://www.faz.net/aktuell/sport/fussball/fussball-transferticker-brown-wechsel-zum-fc-bayern-offiziell-faz-18134600.html,0,www.faz.net,Fußball-Transferticker: Brown-Wechsel zum FC Bayern offiziell,FC Bayern verpflichtet Marokkos WM-Star +++ Italiens „Verteidiger des Jahres“ schließt sich Alonso und Chelsea an +++ Grimaldo verlässt Leverkusen Richtung La Liga +++ alle Infos im Transferticker.,https://media0.faz.net/image/w1200h627/a61da0fb7350/w5193h2713x0y188o/202607/43601.0.2293350332/im-trikot-der.webp,2026-07-03T12:30:30Z,,Über die Ablösemodalitäten machten die Hessen keine Angaben. In Frankfurt besaß der Rechtsverteidiger noch einen Kontrakt bis zum 30. Juni 2029. Ich verlasse die Eintracht mit einem lachenden und ein… [+751 chars],,de,'Bayern'
https://www.zeit.de/sport/2026-07/nathaniel-brown-fc-bayern-eintracht-frankfurt-transfer,https://www.zeit.de/sport/2026-07/nathaniel-brown-fc-bayern-eintracht-frankfurt-transfer,0,www.zeit.de,Fußball-Bundesliga: Nathaniel Brown wechselt zu Bayern München,Eigentlich galt Nathaniel Browns Vertrag bei Eintracht Frankfurt bis 2030. Kurz nach seiner Rückkehr aus den USA gab der FC Bayern München seine Verpflichtung bekannt.,https://img.zeit.de/sport/2026-07/nathaniel-brown-fc-bayern-eintracht-frankfurt-transfer-foto-1/wide__1300x731,2026-07-03T12:54:17Z,,"Fußballnationalspieler Nathaniel Brown wechselt von Eintracht Frankfurt zum FC Bayern München. Wie die Bayern mitteilten, erhält der 23 Jahre alte 
Linksverteidiger einen Vertrag bis zum 30. Juni 20… [+1218 chars]",,de,'Bayern'
https://www.zeit.de/news/2026-07/03/woidke-strompreiszone-mit-polnischen-regionen-pruefen,https://www.zeit.de/news/2026-07/03/woidke-strompreiszone-mit-polnischen-regionen-pruefen,0,www.zeit.de,Energiepreise: Woidke: Strompreiszone mit polnischen Regionen prüfen,Hier finden Sie Informationen zu dem Thema „Energiepreise“. Lesen Sie jetzt „Woidke: Strompreiszone mit polnischen Regionen prüfen“.,https://img.zeit.de/news/2026-07/03/woidke-strompreiszone-mit-polnischen-regionen-pruefen-image-group/wide__1300x731,2026-07-03T14:01:29Z,,"Brandenburg lotet nach Angaben von Ministerpräsident Dietmar Woidke die Möglichkeit einer gemeinsamen Strompreiszone mit Regionen im Nachbarland Polen aus. «Schleswig-Holstein, Hamburg, Teile von Nie… [+2106 chars]",,de,'Energiepreise'
https://www.tagesspiegel.de/berlin/energiepreise-woidke-strompreiszone-mit-polnischen-regionen-prufen-15795131.html,https://www.tagesspiegel.de/berlin/energiepreise-woidke-strompreiszone-mit-polnischen-regionen-prufen-15795131.html,0,www.tagesspiegel.de,Energiepreise: Woidke: Strompreiszone mit polnischen Regionen prüfen,Hohe Strompreise gelten als Hemmnis für die Wirtschaft und sind ein Ärgernis für die Verbraucher. Brandenburgs Regierungschef Woidke will sich einen Vorschlag aus Schleswig-Holstein näher anschauen.,https://www.tagesspiegel.de/images/15795130/alternates/BASE_16_9_W1400/1783087345000/brandenburgs-ministerprasident-dietmar-woidke.jpeg,2026-07-03T14:02:25Z,,"Brandenburg lotet nach Angaben von Ministerpräsident Dietmar Woidke die Möglichkeit einer gemeinsamen Strompreiszone mit Regionen im Nachbarland Polen aus. Schleswig-Holstein, Hamburg, Teile von Nied… [+2159 chars]",,de,'Windräder'
https://www.faz.net/aktuell/politik/ukraine/nato-sagt-ukraine-geld-zu-lieber-zahlen-als-putin-nachgeben-200995287.html,https://www.faz.net/aktuell/politik/ukraine/nato-sagt-ukraine-geld-zu-lieber-zahlen-als-putin-nachgeben-200995287.html,0,www.faz.net,Hilfe für die Ukraine: Europa hat sein Schicksal nun selbst in der Hand,"Die NATO-Staaten sagen der Ukraine noch mal sehr viel Geld zu. Das ist immer noch die bessere Wahl, als Putin einfach seinen Willen zu lassen.",https://media0.faz.net/image/w1200h627/399d15a182a9/w6144h3210x0y763o/202607/43601.0.2292550360/nach-einem-russischen-angriff.webp,2026-07-03T15:21:59Z,,"Es sind weiterhin große Beträge, die der Westen aufbringt, um den russischen Vormarsch in der Ukraine zu stoppen. Selbst für überwiegend wohlhabende Länder wie die NATO-Mitglieder sind die 140 Millia… [+1698 chars]",,de,'Putin'
https://www.focus.de/finanzen/news/11-supertanker-brechen-aus-saudi-arabien-steigert-oeltransporte-durch-die-strasse-von-hormus-seit-dem-abkommen-zwischen-den-usa-und-dem-iran_7e176b63-b56f-47f8-b036-de580c562e51.html,https://www.focus.de/finanzen/news/11-supertanker-brechen-aus-saudi-arabien-steigert-oeltransporte-durch-die-strasse-von-hormus-seit-dem-abkommen-zwischen-den-usa-und-dem-iran_7e176b63-b56f-47f8-b036-de580c562e51.html,0,www.focus.de,11 Supertanker brechen aus – Saudi-Arabien steigert Öltransporte durch die Straße von Hormus seit dem Abkommen zwischen den USA und dem Iran,Die Straße von Hormus wird wieder etwas stärker befahren. Saudi-Arabien nutzt das aus. Mehrere Tankschiffe flüchten aus dem Persischen Golf.,"https://quadro.burda-forward.de/ctf/5675f264-2073-44ae-ae2a-5c6fa3f4c04a.0178c935-3d32-4d4b-8f64-2b2cb3db775c.jpg?im=RegionOfInterestCrop=(1200,630),regionOfInterest=(2604,1519)&hash=fa938df967e65bd9e5c7d81db3312e8acef7e78cdcdbb5d4dc9597cf4290032c",2026-07-03T17:55:00Z,,Seit dem 17. Juni hat Saudi-Arabien rund 34 Millionen Barrel Öl (ein Barrel entspricht 159 Litern) durch die Straße von Hormus transportiert. Das zeigen Informationen des auf Handelsdaten spezialisie… [+3450 chars],,de,'Gas'
https://www.focus.de/auto/esso-besonders-dreist-die-groessten-spritpreis-trickser_042d5030-9082-45fd-955f-d0752dc2fbd0.html,https://www.focus.de/auto/esso-besonders-dreist-die-groessten-spritpreis-trickser_042d5030-9082-45fd-955f-d0752dc2fbd0.html,0,www.focus.de,Esso besonders dreist: Die größten Spritpreis-Trickser,"Exklusiv für FOCUS online erhobene Daten der zeigen, welche Mineralölkonzerne am kräftigsten zulangen und warum sinkende Ölpreise noch kaum Effekt zeigen.","https://quadro.burda-forward.de/ctf/3be54c8b-5b29-4d88-88cc-9a39ad03cba9.7b5a4347-f560-499f-8f1c-845ed4eb57b8.jpg?im=RegionOfInterestCrop=(1200,630),regionOfInterest=(1587,1101)&hash=8f43e47e3a7281ef1d97e068a09075480b0ab006005ae968846fbd0d78b25510",2026-07-03T17:59:00Z,,"Der sogenannte Tankrabatt ist Geschichte. Schon bevor die Energiesteuer am 1. Juli wieder auf das alte Niveau erhöht wurde, knallten die Preise an deutschen Zapfsäulen massiv nach oben. Entsprechend … [+5747 chars]",,de,'Gas'
https://www.zeit.de/news/2026-07/03/zurueck-zu-den-bayern-palhinha-verabschiedet-sich-von-spurs,https://www.zeit.de/news/2026-07/03/zurueck-zu-den-bayern-palhinha-verabschiedet-sich-von-spurs,0,www.zeit.de,Fußball: Zurück zu den Bayern: Palhinha verabschiedet sich von Spurs,Hier finden Sie Informationen zu dem Thema „Fußball“. Lesen Sie jetzt „Zurück zu den Bayern: Palhinha verabschiedet sich von Spurs“.,https://img.zeit.de/news/2026-07/03/zurueck-zu-den-bayern-palhinha-verabschiedet-sich-von-spurs-image-group/wide__1300x731,2026-07-03T20:03:18Z,,Der vom FC Bayern München verliehene João Palhinha hat sich mit einer emotionalen Botschaft von Tottenham Hotspur verabschiedet und wird vorerst zum deutschen Meister zurückkehren. Der portugiesische… [+1211 chars],,de,'Bayern'
https://www.zeit.de/news/2026-07/04/lng-anteil-an-gasimporten-trotz-iran-konfliktes-gestiegen,https://www.zeit.de/news/2026-07/04/lng-anteil-an-gasimporten-trotz-iran-konfliktes-gestiegen,0,www.zeit.de,Flüssigerdgas: LNG-Anteil an Gasimporten trotz Iran-Konfliktes gestiegen,Hier finden Sie Informationen zu dem Thema „Flüssigerdgas“. Lesen Sie jetzt „LNG-Anteil an Gasimporten trotz Iran-Konfliktes gestiegen“.,https://img.zeit.de/news/2026-07/04/lng-anteil-an-gasimporten-trotz-iran-konfliktes-gestiegen-image-group/wide__1300x731,2026-07-04T02:30:05Z,,Trotz des Iran-Kriegs ist der Anteil des über die deutschen LNG-Terminals eingeführten Erdgases am Gesamtimport weiter gestiegen. Nach Zahlen der Bundesnetzagentur (BNetzA) kamen im ersten Halbjahr r… [+3222 chars],,de,'Gas'
https://www.zeit.de/news/2026-07/04/weiter-warm-in-bayern-aber-sonntag-bringt-schauer,https://www.zeit.de/news/2026-07/04/weiter-warm-in-bayern-aber-sonntag-bringt-schauer,0,www.zeit.de,"Wetter: Weiter warm in Bayern, aber Sonntag bringt Schauer","Hier finden Sie Informationen zu dem Thema „Wetter“. Lesen Sie jetzt „Weiter warm in Bayern, aber Sonntag bringt Schauer“.",https://img.zeit.de/news/2026-07/04/weiter-warm-in-bayern-aber-sonntag-bringt-schauer-image-group/wide__1300x731,2026-07-04T05:15:41Z,,"Am Wochenende können die Menschen in Bayern zwar weiterhin angenehme Sommertemperaturen genießen, für Ausflüge bietet sich aber eher der Samstag an. Wie der Deutsche Wetterdienst berichtete, muss am … [+956 chars]",,de,'Bayern'
https://www.zeit.de/news/2026-07/04/kant-klopse-krieg-80-jahre-kaliningrad-statt-koenigsberg,https://www.zeit.de/news/2026-07/04/kant-klopse-krieg-80-jahre-kaliningrad-statt-koenigsberg,0,www.zeit.de,"Geschichte einer Stadt: Kant, Klopse, Krieg: 80 Jahre Kaliningrad statt Königsberg","Hier finden Sie Informationen zu dem Thema „Geschichte einer Stadt“. Lesen Sie jetzt „Kant, Klopse, Krieg: 80 Jahre Kaliningrad statt Königsberg“.",https://img.zeit.de/news/2026-07/04/kant-klopse-krieg-80-jahre-kaliningrad-statt-koenigsberg-image-group/wide__1300x731,2026-07-04T06:00:06Z,,"Vom alten Königsberg zeugen nur noch wenige Inseln in Kaliningrad, der heute westlichsten Großstadt Russlands. Die wohl eindrucksvollste ist die Kant-Insel, der ehemalige Kneiphof. 
Majestätisch erh… [+5956 chars]",,de,'Krieg'
https://www.zeit.de/news/2026-07/04/ukraine-attackiert-russische-oelanlagen-bei-st-petersburg,https://www.zeit.de/news/2026-07/04/ukraine-attackiert-russische-oelanlagen-bei-st-petersburg,0,www.zeit.de,Ukraine-Krieg: Ukraine attackiert russische Ölanlagen bei St. Petersburg,Hier finden Sie Informationen zu dem Thema „Ukraine-Krieg“. Lesen Sie jetzt „Ukraine attackiert russische Ölanlagen bei St. Petersburg“.,https://img.zeit.de/news/2026-07/04/ukraine-attackiert-russische-oelanlagen-bei-st-petersburg-image-group/wide__1300x731,2026-07-04T06:30:56Z,,"Die Ukraine hat erneut russische Ölanlagen an der Ostsee bei St. Petersburg mit Drohnen angegriffen. Der Gouverneur des Umlands der Metropole, Alexander Drosdenko, berichtete, dass 67 feindliche Droh… [+1794 chars]",,de,'Putin'
https://www.tagesschau.de/ausland/europa/ukraine-russland-angriffe-174.html,https://www.tagesschau.de/ausland/europa/ukraine-russland-angriffe-174.html,0,www.tagesschau.de,Tote bei russischen Angriffen - Ukraine attackiert Ölanlagen,In der Ukraine sind bei russischen Angriffen zehn Menschen getötet worden. Die Ukraine attackiert derweil erneut Ölanlagen in St. Petersburg. Und Russland meldet die Einnahme einer strategisch wichtigen Stadt - Kiew dementiert.,https://images.tagesschau.de/image/b2b0e5c5-d19b-428d-9e87-3348393bbaf8/AAABnywS0Cc/AAABnSSvrFg/16x9-big/ukraine-russland-226.jpg?width=1280,2026-07-04T07:41:00Z,,"Stand: 04.07.2026 09:41 Uhr
In der Ukraine sind bei russischen Angriffen zehn Menschen getötet worden. Die Ukraine attackiert derweil erneut Ölanlagen in St. Petersburg. Und Russland meldet die Einn… [+4120 chars]",,de,'Öl'
https://www.zeit.de/politik/ausland/2026-07/ukraine-russland-drohnenangriff-oelanlagen-ostsee-st-petersburg,https://www.zeit.de/politik/ausland/2026-07/ukraine-russland-drohnenangriff-oelanlagen-ostsee-st-petersburg,0,www.zeit.de,Ukraine-Russland-Krieg: Ukraine attackiert russische Ölanlagen bei St. Petersburg,Die Ukraine hat die Öl-Infrastruktur bei St. Petersburg erneut mit Drohnen beschossen. Im ukrainischen Sumy tötete ein russischer Bombenangriff mindestens vier Menschen.,https://img.zeit.de/politik/ausland/2026-07/ukraine-russland-drohnenangriff-oelanlagen-ostsee-st-petersburg-foto-1/wide__1300x731,2026-07-04T08:14:35Z,,"Die Ukraine hat erneut russische Ölanlagen an der Ostsee bei 
St. Petersburg mit Drohnen angegriffen. Der Gouverneur von Sankt
Petersburg, Alexander Beglow, bestätigte einen »großangelegten« Drohne… [+2541 chars]",,de,'Putin'
https://www.bild.de/sport/fussball/klopp-ist-bereit-was-ihn-besonders-reizt-wie-bayern-ueber-ihn-denkt-wen-er-mitbringen-koennte-6a48bdc80b14ed961bb51880,https://www.bild.de/sport/fussball/klopp-ist-bereit-was-ihn-besonders-reizt-wie-bayern-ueber-ihn-denkt-wen-er-mitbringen-koennte-6a48bdc80b14ed961bb51880,0,www.bild.de,Klopp ist bereit - Was ihn besonders reizt! Wie Bayern über ihn denkt! Wen er mitbringen könnte!,Die Zukunft des deutschen Fußballs heißt: Klopp. Nach dem blamablen WM-Aus gegen Paraguay und dem Rücktritt von Julian Nagelsmann arbeitet die DFB-Spitze...,"https://images.bild.de/6a48bdc80b14ed961bb51880/e68b6aac1dc3c55095ad74ed9700346c,d5e0146e?w=1280",2026-07-04T10:41:03Z,,"Nach dem erneuten WM-Debakel soll nun einer den deutschen Fußball retten: Jürgen Klopp. Der DFB arbeitet daran, ihn so schnell wie möglich als neuen Bundestrainer zu präsentieren und Klopp selbst erk… [+306 chars]",,de,'Bayern'
https://www.transfermarkt.de/ksc-holt-bayern-talent-ofli-per-leihe-als-ernstzunehmende-entwicklungsstation-etabliert-quot-/view/news/482384,https://www.transfermarkt.de/ksc-holt-bayern-talent-ofli-per-leihe-als-ernstzunehmende-entwicklungsstation-etabliert-quot-/view/news/482384,0,www.transfermarkt.de,KSC holt Bayern-Talent Ofli per Leihe: Türkischer U21-Nationalspieler,Der Karlsruher SC hat den 19 Jahre alten Linksverteidiger Deniz Ofli ausgeliehen. Das Abwehrtalent kommt per Leihe von der Zweitvertretung des FC Bayern in den Wildpark und soll die in der...,https://tmssl.akamaized.net/images/foto/big/deniz-ofli-fc-bayern-2025-2026-1773920018-192483.jpg?lm=1773920029,2026-07-04T10:53:16Z,,Der Karlsruher SC hat den 19 Jahre alten Linksverteidiger Deniz Ofli ausgeliehen. Das Abwehrtalent kommt per Leihe von der Zweitvertretung des FC Bayern in den Wildpark und soll die in der Defensive … [+1915 chars],,de,'Bayern'
https://www.faz.net/aktuell/wirtschaft/alexandra-prokopenko-putin-kaempft-auf-die-kostspieligste-weise-accg-200986860.html,https://www.faz.net/aktuell/wirtschaft/alexandra-prokopenko-putin-kaempft-auf-die-kostspieligste-weise-accg-200986860.html,0,www.faz.net,"Der Krieg holt Putin ein: „Russland kämpft auf die kostspieligste Weise, die man sich nur denken kann“","Alexandra Prokopenko ist Kennerin der russischen Wirtschaft. Einen Kollaps sieht sie nicht. Doch gebe es ein Szenario, das Putin zwingen könnte, den Krieg zu beenden.",https://media0.faz.net/image/w1200h627/06532b6c69cf/w6180h3229x0y328o/202606/43601.0.2280756947/treibstoffmangel-selbst-in-der.webp,2026-07-04T11:04:26Z,,"Frau Prokopenko, viele im Westen zeichnen Untergangsszenarien für die russische Wirtschaft, manche Ökonomen sehen sie gar im Endstadium. Zu Recht?
Es ist unklar, was ein solcher Begriff für eine Vol… [+10695 chars]",,de,'Krieg'
https://www.faz.net/aktuell/sport/fussball/fussball-transferticker-joao-palhinha-kehrt-zum-fc-bayern-zurueck-faz-18134600.html,https://www.faz.net/aktuell/sport/fussball/fussball-transferticker-joao-palhinha-kehrt-zum-fc-bayern-zurueck-faz-18134600.html,0,www.faz.net,Fußball-Transferticker: Palhinha kehrt zum FC Bayern zurück,Tottenham verzichtet auf vereinbarte Kaufoption +++ FC Bayern verpflichtet Nathaniel Brown und Ismael Saibari +++ Italiens „Verteidiger des Jahres“ schließt sich Alonso und Chelsea an +++ alle Infos im Transferticker,https://media0.faz.net/image/w1200h627/c50e91690e78/w2693h1407x0y296o/202602/43601.0.1759899159/jo-o-palhinha-war-in-muenchen.webp,2026-07-04T11:10:01Z,,Über die Ablösemodalitäten machten die Hessen keine Angaben. In Frankfurt besaß der Rechtsverteidiger noch einen Kontrakt bis zum 30. Juni 2029. Ich verlasse die Eintracht mit einem lachenden und ein… [+751 chars],,de,'Bayern'
https://www.zeit.de/news/2026-07/04/karlsruher-sc-leiht-deniz-ofli-vom-fc-bayern-aus,https://www.zeit.de/news/2026-07/04/karlsruher-sc-leiht-deniz-ofli-vom-fc-bayern-aus,0,www.zeit.de,2. Fußball-Bundesliga: Karlsruher SC leiht Deniz Ofli vom FC Bayern aus,Hier finden Sie Informationen zu dem Thema „2. Fußball-Bundesliga“. Lesen Sie jetzt „Karlsruher SC leiht Deniz Ofli vom FC Bayern aus“.,https://img.zeit.de/news/2026-07/04/karlsruher-sc-leiht-deniz-ofli-vom-fc-bayern-aus-image-group/wide__1300x731,2026-07-04T11:15:41Z,,"Fußball-Zweitligist Karlsruher SC treibt seine Kaderplanungen voran und hat Linksverteidiger Deniz Ofli vom FC Bayern München verpflichtet. Wie der Verein mitteilte, schließt sich der 19-Jährige den … [+816 chars]",,de,'Bayern'
https://www.bild.de/regional/bayern/bayern-wanderer-19-stuerzt-200-meter-tief-in-den-tod-6a48d1f2ac7d8b8d5a1697bf,https://www.bild.de/regional/bayern/bayern-wanderer-19-stuerzt-200-meter-tief-in-den-tod-6a48d1f2ac7d8b8d5a1697bf,0,www.bild.de,Bergretter entdecken Leiche - Wanderer (19) stürzt 200 Meter tief in den Tod,Trauer um einen 19-jährigen Mann aus Bayreuth. Nach einer aufwendigen Suche am Berg in Bayern wurde seine Leiche gefunden.,"https://images.bild.de/6a48d1f2ac7d8b8d5a1697bf/22a8069b2554c336e63eeb83529fab6e,7055e449?w=1280",2026-07-04T11:30:48Z,,"+++Bundesparteitag in Erfurt: Tino Chrupalla mit 70,05 Prozent als AfD-Chef bestätigt
+++Bundesparteitag in Erfurt: Tino Chrupalla mit 70,05 Prozent als AfD-Chef bestätigt
+++Bundesparteitag in Erf… [+668 chars]",,de,'Bayern'
https://www.zeit.de/2026/29/un-entwicklungsprogramm-budget-ebola-alexander-de-croo,https://www.zeit.de/2026/29/un-entwicklungsprogramm-budget-ebola-alexander-de-croo,0,www.zeit.de,UN-Entwicklungsprogramm: Mit Steuerbeamten gegen den Hunger,"Ein Krieg endet nicht, wenn keine Bomben mehr fallen, sagt der Chef des UN-Entwicklungsprogramms. Hier erklärt er, wie Steuerbeamte gegen Hunger helfen sollen.",https://img.zeit.de/2026/29/mit-steuerbeamten-gegen-den-hunger-bild-1/wide__1300x731,2026-07-04T12:23:02Z,,"Inhalt
Auf einer Seite lesen
 Inhalt
<ol><li>Seite 1Mit Steuerbeamten gegen den Hunger
</li><li>Seite 2»Ein Krieg endet nicht, wenn keine Bomben mehr fallen«</li><li>Seite 3»Wir müssten auch den … [+3852 chars]",,de,'Krieg'
https://www.zeit.de/politik/ausland/2026-07/trauerfeier-iran-ali-chamenei-staatschef-teheran,https://www.zeit.de/politik/ausland/2026-07/trauerfeier-iran-ali-chamenei-staatschef-teheran,0,www.zeit.de,Trauerfeier im Iran: Ein Toter soll Stärke zeigen,"Ab heute wird Ali Chamenei, der im Krieg getötete Staatschef, in Teheran aufgebahrt. Selbst Saudi-Arabien gibt sich die Ehre. Was das über den Zustand des Regimes sagt.",https://img.zeit.de/politik/ausland/2026-07/dsc07136-copy-bildtrauerfeier-iran-ali-chamenei-staatschef-teheran-bildneu-bild-07/wide__1300x731,2026-07-04T12:27:33Z,,"Die Bilder von diesem Wochenende sollen grandios werden. Im Iran beginnen die Trauerfeierlichkeiten für Ali Chamenei, ehemals Staatsoberhaupt und sogenannter Revolutionsführer, der bereits am ersten … [+421 chars]",,de,'Krieg'
https://www.tagesspiegel.de/sport/wechsel-zu-real-im-gesprach-basketball-nationalspieler-bonga-verlasst-partizan-belgrad-15799312.html,https://www.tagesspiegel.de/sport/wechsel-zu-real-im-gesprach-basketball-nationalspieler-bonga-verlasst-partizan-belgrad-15799312.html,0,www.tagesspiegel.de,Wechsel zu Real im Gespräch: Basketball-Nationalspieler Bonga verlässt Partizan Belgrad,Nach dem FC Bayern und Partizan zieht es den Welt- und Europameister wohl nach Madrid. Eine Rückkehr in die NBA ist offenbar vom Tisch.,https://www.tagesspiegel.de/images/15799311/alternates/BASE_16_9_W1400/1783171881000/isaac-bonga.jpeg,2026-07-04T13:31:21Z,,"Der deutsche Basketball-Nationalspieler Isaac Bonga verlässt Partizan Belgrad, wechselt aber nicht zurück in die nordamerikanische Liga NBA. Das berichtet das Internet-Portal Basketball-world.news. W… [+715 chars]",,de,'Bayern'
https://www.n-tv.de/panorama/19-Jaehriger-stuerzt-200-Meter-ueber-steile-Felsrinne-ab-id31048028.html,https://www.n-tv.de/panorama/19-Jaehriger-stuerzt-200-Meter-ueber-steile-Felsrinne-ab-id31048028.html,0,www.n-tv.de,Tödliches Unglück in Bayern: 19-Jähriger stürzt 200 Meter über steile Felsrinne ab,Ein junger Mann wird bei einer Bergtour von Angehörigen als vermisst gemeldet. Eine großangelegte Suche mit Hubschraubern und Hunden bringt schließlich die traurige Gewissheit: Der 19-Jährige ist tot. Die Polizei äußert Vermutungen über die Ursache.,https://www.n-tv.de/img/31048063/1783176081/Img_16_9/1200/_B8A0054.jpg,2026-07-04T13:32:55Z,,"Bei der Suchaktion waren der Traunsteiner Rettungshubschrauber ""Christoph 14"" sowie zwei Polizeihubschrauber im Einsatz. (Foto: Markus Leitner / Bayerisches Rotes Kreuz Kreisverband Berchtesgadener L… [+1228 chars]",,de,'Bayern'
https://www.welt.de/sport/fussball/wm/article6a491705ac7d8b8d5a169ba0/ex-bundestrainer-die-zukunft-des-julian-nagelsmann.html,https://www.welt.de/sport/fussball/wm/article6a491705ac7d8b8d5a169ba0/ex-bundestrainer-die-zukunft-des-julian-nagelsmann.html,0,www.welt.de,Die Zukunft des Julian Nagelsmann,"Beim FC Bayern freigestellt, als Bundestrainer zurückgetreten. Und jetzt? Nach zwei Karriere-Dämpfern bekommt Julian Nagelsmann prominenten Beistand. Seine Laufbahn sei längst nicht am Ende.",https://images.welt.de/6a491705ac7d8b8d5a169ba0/1e94a578fa307987c3c6bbff5e01bfd2/ci16x9-w1200/dpa-com-260703-99-948703-jpg,2026-07-04T14:43:37Z,,"Beim FC Bayern freigestellt, als Bundestrainer zurückgetreten. Und jetzt? Nach zwei Karriere-Dämpfern bekommt Julian Nagelsmann prominenten Beistand. Seine Laufbahn sei längst nicht am Ende.Beim FC B… [+1627 chars]",,de,'Bayern'
https://www.zeit.de/sport/2026-07/fussball-wm-heute-achtelfinale-frankreich-marokko,https://www.zeit.de/sport/2026-07/fussball-wm-heute-achtelfinale-frankreich-marokko,0,www.zeit.de,Fußball-WM heute: God bless das Achtelfinale,"Die USA feiern 250. Geburtstag, Paraguay spielt gegen Frankreich. Und gegen Marokko könnte Kanada als erster Gastgeber ausscheiden. Das bringt der WM-Abend.",https://img.zeit.de/sport/2026-07/a-tribute-to-america-on-the-national-mall-in-d-c-celebrates-america-s-250th-bild/wide__1300x731,2026-07-04T15:10:14Z,,"Inhalt
Auf einer Seite lesen
 Inhalt
<ol><li>Seite 1God bless das Achtelfinale
</li><li>Seite 2Das bringt der WM-Abend</li></ol>
Was ist das Spiel des Tages? 
Paraguay gegen Frankreich (23 Uhr,… [+3914 chars]",,de,'Bayern'
https://www.bild.de/sport/fussball/die-wahrheit-ueber-klopp-und-die-bayern-so-denken-die-bosse-ueber-den-bald-bundestrainer-6a48fa2b0b14ed961bb51c78,https://www.bild.de/sport/fussball/die-wahrheit-ueber-klopp-und-die-bayern-so-denken-die-bosse-ueber-den-bald-bundestrainer-6a48fa2b0b14ed961bb51c78,0,www.bild.de,Wie die Bosse über den Bald-Bundestrainer denken - Die Wahrheit über Klopp & Bayern,Jürgen Klopp soll der neue Bundestrainer werden. Droht den Bayern unter ihrem einstigen Gegenspieler Verlust des großen Einflusses auf das DFB-Team?,"https://images.bild.de/6a48fa2b0b14ed961bb51c78/155676a9ae40333741e601c4ca251380,6f1c923d?w=1280",2026-07-04T15:48:07Z,,TTS-Player überspringenArtikel weiterlesenJürgen Klopp (59) soll und will neuer Bundestrainer werden. Die bevorstehende Verpflichtung wird natürlich auch im erfolgreichsten Verein Deutschlands genau … [+2620 chars],,de,'Bayern'
https://www.zeit.de/news/2026-07/04/warnung-nach-oel-unfall-die-sieg-bleibt-fuer-schwimmer-tabu,https://www.zeit.de/news/2026-07/04/warnung-nach-oel-unfall-die-sieg-bleibt-fuer-schwimmer-tabu,0,www.zeit.de,Feuerwehr-Einsatz: Warnung nach Öl-Unfall: Die Sieg bleibt für Schwimmer tabu,Hier finden Sie Informationen zu dem Thema „Feuerwehr-Einsatz“. Lesen Sie jetzt „Warnung nach Öl-Unfall: Die Sieg bleibt für Schwimmer tabu“.,https://img.zeit.de/news/2026-07/04/warnung-nach-oel-unfall-die-sieg-bleibt-fuer-schwimmer-tabu-image-group/wide__1300x731,2026-07-04T17:16:52Z,,Nach einem Ölunfall wird im Rhein-Sieg-Kreis vor dem Baden in der Sieg gewarnt. «Aufgrund eines Gefahrstoffaustritts wird für den Bereich Windeck Au/ Sieg bis Stromberg dringend vom Baden in der Sieg… [+558 chars],,de,'Öl'
https://www.zeit.de/news/2026-07/04/bayern-neuzugang-saibari-verletzt-ausgewechselt,https://www.zeit.de/news/2026-07/04/bayern-neuzugang-saibari-verletzt-ausgewechselt,0,www.zeit.de,Fußball-Weltmeisterschaft: Bayern-Neuzugang Saibari verletzt ausgewechselt,Hier finden Sie Informationen zu dem Thema „Fußball-Weltmeisterschaft“. Lesen Sie jetzt „Bayern-Neuzugang Saibari verletzt ausgewechselt“.,https://img.zeit.de/news/2026-07/04/bayern-neuzugang-saibari-verletzt-ausgewechselt-image-group/wide__1300x731,2026-07-04T17:42:51Z,,Für Bayern-Neuzugang Ismael Saibari ist das WM-Achtelfinale der marokkanischen Fußball-Nationalmannschaft gegen Co-Gastgeber Kanada wegen einer Verletzung vorzeitig zu Ende gegangen. Der 25-Jährige m… [+620 chars],,de,'Bayern'
https://www.faz.net/aktuell/sport/fussball-wm/fussball-wm-2026-marokko-als-party-crasher-fuer-kanada-200993637.html,https://www.faz.net/aktuell/sport/fussball-wm/fussball-wm-2026-marokko-als-party-crasher-fuer-kanada-200993637.html,0,www.faz.net,3:0 gegen Kanada: Marokko als Party-Crasher,"Trotz Verletzung vom Bayern-Neuzugang Salibari: Marokko rückt vor ins Viertelfinale, Ko-Gastgeber Kanada ist ausgeschieden",https://media0.faz.net/image/w1200h627/bfe88f53c46a/w2392h1249x0y48o/202607/43601.0.2298484239/mann-des-abends-azzedine.webp,2026-07-04T19:14:26Z,,Geheimfavorit Marokko hat die heldenhafte WM-Reise Kanadas beendet und damit den ersten Gastgeber aus dem Turnier geworfen. Im hitzigen und über weite Strecken sportlich zähen Achtelfinale von Housto… [+2901 chars],,de,'Bayern'
https://www.zeit.de/news/2026-07/05/pistorius-keine-geheimen-infos-an-afd-wegen-naehe-zu-putin,https://www.zeit.de/news/2026-07/05/pistorius-keine-geheimen-infos-an-afd-wegen-naehe-zu-putin,0,www.zeit.de,Staatsschutz: Pistorius: Keine geheimen Infos an AfD wegen Nähe zu Putin,Hier finden Sie Informationen zu dem Thema „Staatsschutz“. Lesen Sie jetzt „Pistorius: Keine geheimen Infos an AfD wegen Nähe zu Putin“.,https://img.zeit.de/news/2026-07/05/pistorius-keine-geheimen-infos-an-afd-wegen-naehe-zu-putin-image-group/wide__1300x731,2026-07-04T22:01:05Z,,"Bundesverteidigungsminister Boris Pistorius will verhindern, dass die AfD im Fall einer Regierungsbeteiligung an geheim eingestufte Informationen kommt und begründet das mit der Nähe der Partei zu Ru… [+1381 chars]",,de,'Putin'
https://www.yahoo.com/news/articles/trump-offered-over-phone-help-225138179.html,https://www.yahoo.com/news/articles/trump-offered-over-phone-help-225138179.html,0,www.yahoo.com,"Trump offered over phone to help Putin find deal with Ukraine, Kremlin aide says",July 5 (Reuters) - U.S.,https://s.yimg.com/lo/mysterio/api/803503a424cab18e508e864fcf6d4eb548bf5611a99ccf6e25840696d4627e85/lightyear_networkapi/resizefill_w800_h502;quality_80;format_webp/https:%2F%2Fmedia.zenfs.com%2Fen%2Freuters.com%2F54fb8a778b90075d251c526dd8991f97,2026-07-04T22:51:38Z,,"July 5 (Reuters) - U.S. President Donald Trump, speaking to Russian leader Vladimir Putin by telephone for nearly 90 minutes, offered to help find a solution to the Ukraine war, Kremlin aide Yuri Ush… [+2730 chars]",,de,'Putin'
https://www.welt.de/politik/ausland/article6a498b680b14ed961bb522d5/ukraine-krieg-trump-laesst-sich-ueber-front-lage-unterrichten-85-minuten-telefonat-mit-putin.html,https://www.welt.de/politik/ausland/article6a498b680b14ed961bb522d5/ukraine-krieg-trump-laesst-sich-ueber-front-lage-unterrichten-85-minuten-telefonat-mit-putin.html,0,www.welt.de,Trump lässt sich von Moskau und Kiew über Front-Lage unterrichten – 85-Minuten-Telefonat mit Putin,Anlässlich des 250. Geburtstags der USA telefoniert Präsident Trump sowohl mit Putin als auch mit Selenskyj. Jeweils geht es unter anderem um die Lage im Krieg – und eine mögliche Lösung.,https://images.welt.de/6a498b680b14ed961bb522d5/6d6bcc42c2c4ae8b27124806b32867c9/ci16x9-w1200/2026-06-23t172850z-401895215-rc2v7gah8tah-rtrmadp-3-ukraine-crisis-russia-usa-jpg,2026-07-04T23:38:19Z,,Anlässlich des 250. Geburtstags der USA telefoniert Präsident Trump sowohl mit Putin als auch mit Selenskyj. Jeweils geht es unter anderem um die Lage im Krieg und eine mögliche Lösung.Kurz vor Begin… [+2094 chars],,de,'Krieg'
https://www.zeit.de/politik/ausland/2026-07/trump-putin-selenskyj-ukraine-telefonat-nato-gipfel,https://www.zeit.de/politik/ausland/2026-07/trump-putin-selenskyj-ukraine-telefonat-nato-gipfel,0,www.zeit.de,Ukraine-Krieg: Trump bietet nach Gespräche mit Putin und Selenskyj Vermittlung an,"Der US-Präsident hat der Ukraine Hilfe bei der Beendigung des Krieges angeboten. Zu Wladimir Putin sagte Trump, er werde sich für ein rasches Ende der Kämpfe einsetzen.",https://img.zeit.de/politik/ausland/2026-07/trump-putin-selenskyj-ukraine-telefonat-nato-gipfel-foto-1/wide__1300x731,2026-07-05T00:55:48Z,,US-Präsident Donald Trump hat nach Gesprächen mit dem russischen Staatschef Wladimir Putin und dem ukrainischen Präsidenten Wolodymyr Selenskyj Hilfe bei der Beendigung des Ukraine-Kriegs angeboten. … [+1826 chars],,de,'Putin'
https://www.n-tv.de/politik/Putin-schildert-Trump-am-Telefon-Erfolge-russischer-Truppen-id31048951.html,https://www.n-tv.de/politik/Putin-schildert-Trump-am-Telefon-Erfolge-russischer-Truppen-id31048951.html,0,www.n-tv.de,Vor Nato-Gipfel in Ankara: Putin schildert Trump am Telefon Erfolge russischer Truppen,"Wenige Tage vor dem Nato-Gipfel berichtet der russische Präsident Putin bei einem Telefonat mit Trump von militärischen Eroberungen in der Ukraine. Der US-Präsident sei bereit, die Vermittlerrolle wieder zu übernehmen, sagt ein Putin-Berater. Aber auch Selens…",https://www.n-tv.de/img/31048952/1783219018/Img_16_9/1200/Die-Kombo-aus-Archivbildern-zeigt-Russlands-Praesidenten-Wladimir-Putin-l-25-12-2025-in-Moskau-und-den-US-Praesidenten-Donald-Trump-r-22-11-2018-in-Palm-Beach-jeweils-am-Telefon-zu-dpa-Putin-gratuliert-Trump-zum-80.jpg,2026-07-05T00:56:04Z,,"Das Gespräch dauerte fast 90 Minuten, heißt es aus dem Kreml. (Foto: picture alliance/dpa/Pool Sputnik Kremlin/AP)
Wenige Tage vor dem Nato-Gipfel berichtet der russische Präsident Putin bei einem T… [+2185 chars]",,de,'Putin'
https://www.nzz.ch/international/der-einstige-stoerenfried-ist-nun-gastgeber-mit-dem-nato-gipfel-in-ankara-demonstriert-die-tuerkei-ihre-neue-machtposition-ld.10012417,https://www.nzz.ch/international/der-einstige-stoerenfried-ist-nun-gastgeber-mit-dem-nato-gipfel-in-ankara-demonstriert-die-tuerkei-ihre-neue-machtposition-ld.10012417,0,www.nzz.ch,Der einstige Störenfried ist nun Gastgeber: Mit dem Nato-Gipfel in Ankara demonstriert die Türkei ihre neue Machtposition,Nach jahrelangen Konfrontationen ist die Nato plötzlich voll des Lobes für die Türkei. Auch Ankara bekennt sich wieder stärker zum Bündnis. Hinter dem gegenseitigen Pragmatismus stehen geopolitische Verschiebungen.,"https://img-msp-prod.nzz.ch/2026/07/03/d14caa81-305b-45a4-9348-5f773ddfc829.jpg?width=1200&height=674&fit=bounds&quality=75&auto=webp&crop=4545,2556,x136,y26&wmark=nzz",2026-07-05T03:30:00Z,,Nach jahrelangen Konfrontationen ist die Nato plötzlich voll des Lobes für die Türkei. Auch Ankara bekennt sich wieder stärker zum Bündnis. Hinter dem gegenseitigen Pragmatismus stehen geopolitische … [+6410 chars],,de,'Putin'
https://www.derstandard.at/jetzt/livebericht/3000000330105/ukraine-trump-telefonierte-mit-putin-und-selenskyj-90-minuten-lang,https://www.derstandard.at/jetzt/livebericht/3000000330105/ukraine-trump-telefonierte-mit-putin-und-selenskyj-90-minuten-lang,0,www.derstandard.at,Ukraine: Trump telefonierte mit Putin und Selenskyj 90 Minuten lang,Die Ukraine griff Energieinfrastruktur in St. Petersburg an. Auch Luftwaffenstützpunkte auf der Krim wurden von der Ukraine attackiert. Nach russischen Angriffen meldet die Ukraine Tote in der Stadt Sumy,https://i.ds.at/m9QhTg/rs:fill:1200:600/plain/lido-images/2026/07/05/e253371c-d40f-4d8a-b2ba-e7c5fc5e9d61.jpg,2026-07-05T05:23:13Z,,"Sie entscheiden darüber, wie Sie unsere Inhalte nutzen wollen. Ihr Gerät erlaubt uns derzeit leider nicht, die entsprechenden Optionen anzuzeigen.
Bitte deaktivieren Sie sämtliche Hard- und Software… [+180 chars]",,de,'Putin'
https://www.zeit.de/news/2026-07/05/gewitter-und-sonne-bayern-erwartet-wechselhaftes-wetter,https://www.zeit.de/news/2026-07/05/gewitter-und-sonne-bayern-erwartet-wechselhaftes-wetter,0,www.zeit.de,Aussichten: Gewitter und Sonne: Bayern erwartet wechselhaftes Wetter,Hier finden Sie Informationen zu dem Thema „Aussichten“. Lesen Sie jetzt „Gewitter und Sonne: Bayern erwartet wechselhaftes Wetter“.,https://img.zeit.de/news/2026-07/05/gewitter-und-sonne-bayern-erwartet-wechselhaftes-wetter-image-group/wide__1300x731,2026-07-05T05:28:01Z,,Schauer und Gewitter können in Bayern das Wochenendvergnügen am Sonntag etwas eintrüben. In Nordbayern erwartet der Deutsche Wetterdienst (DWD) gebietsweise Regen oder Schauer mit einzelnen Gewittern… [+564 chars],,de,'Bayern'
https://www.zeit.de/feuilleton/2026-07/russland-staerke-bild-westen-wladimir-putin-wladislaw-martinowitsch,https://www.zeit.de/feuilleton/2026-07/russland-staerke-bild-westen-wladimir-putin-wladislaw-martinowitsch,0,www.zeit.de,"Russland: »Russland falsch einzuschätzen, kann verheerend sein«","Wie schwach ist Russland wirklich? Der Westen scheitert immer wieder daran, das Land richtig zu bewerten, sagt der Historiker Wladislaw Subok. Und Putin weiß das.",https://img.zeit.de/politik/2026-06/martinowitsch-subok-interview-russland-staerke-putin-bild/wide__1300x731,2026-07-05T06:18:06Z,,"In Russland zerstören ukrainische Drohnen Öllager, es mangelt an Benzin, und Putin spricht von »beispiellosem Druck« auf sein Land. Nur lehrt die Geschichte: Der Westen vertut sich traditionell bei d… [+703 chars]",,de,'Putin'
https://www.focus.de/politik/ausland/russland-aechzt-unter-kriegsfolgen-chef-der-groessten-bank-des-landes-hofft-auf-ein-schnelles-ende-der-kaempfe_b31c6edd-777e-440f-98fd-37018c4e83f6.html,https://www.focus.de/politik/ausland/russland-aechzt-unter-kriegsfolgen-chef-der-groessten-bank-des-landes-hofft-auf-ein-schnelles-ende-der-kaempfe_b31c6edd-777e-440f-98fd-37018c4e83f6.html,0,www.focus.de,Russland ächzt unter Kriegsfolgen: Chef der größten Bank des Landes hofft auf ein schnelles Ende der Kämpfe,"Sberbank-Chef Herman Gref warnt vor den Folgen des Krieges. Hohe Zinsen, sinkende Investitionen und neue Belastungen bringen Russlands Wirtschaft zunehmend an ihre Grenzen.","https://quadro.burda-forward.de/ctf/7b829302-97f3-488d-8ec3-1a44a3cd1932.42df4ae0-f002-406d-a168-edad77954e38.jpeg?im=RegionOfInterestCrop=(1200,630),regionOfInterest=(1703,1126)&hash=f1e9363842337faab03b48db840afd4dfa68e23767d978c2dd48e2f464811d11",2026-07-05T06:54:00Z,,"Herman Gref, Chef der staatlich kontrollierten Sberbank, hofft auf ein rasches Ende der Kämpfe in der Ukraine. Zugleich warnte er vor den wirtschaftlichen Folgen des Krieges.
Laut der Moscow Times, … [+1437 chars]",,de,'Putin'
https://www.welt.de/videos/video6a49f60fad32e994f875beb8/ukraine-krieg-wladimir-putin-aendert-strategie-auf-dem-schlachtfeld-im-donbas-und-hat-erfolg.html,https://www.welt.de/videos/video6a49f60fad32e994f875beb8/ukraine-krieg-wladimir-putin-aendert-strategie-auf-dem-schlachtfeld-im-donbas-und-hat-erfolg.html,0,www.welt.de,Putin ändert Strategie auf dem Schlachtfeld und hat Erfolg,"Vor dem Nato-Gipfel telefonierten Trump, Putin und Selenskyj. Beide Seiten wollen Trump für ihre Position im Ukraine-Krieg gewinnen. Putin ändert nun die Strategie auf dem Schlachtfeld. Jetzt gerät die ukrainische Treibstoffversorgung ins Visier russischer Dr…",https://images.welt.de/6a49f60fad32e994f875beb8/c8e79ba7524a6d506c978ed935931e38/ci16x9-w1200/ukraine-krieg-wanner-0507-jpg,2026-07-05T07:06:49Z,,Die WELT als ePaper: Die vollständige Ausgabe steht Ihnen bereits am Vorabend zur Verfügung so sind Sie immer hochaktuell informiert. Weitere Informationen https://epaper.welt.de,,de,'Putin'
https://www.tagesschau.de/ausland/europa/ukraine-selenskyj-trump-putin-100.html,https://www.tagesschau.de/ausland/europa/ukraine-selenskyj-trump-putin-100.html,0,www.tagesschau.de,Krieg gegen die Ukraine: Trump spricht mit Putin und Selenskyj,Thema war auch der russische Angriffskrieg gegen das Nachbarland: US-Präsident Trump hat mit Kremlchef Putin und dem ukrainischen Präsidenten Selenskyj telefoniert. Russland meldet massive Drohnenangriffe auf eigene Städte.,https://images.tagesschau.de/image/cefabf1c-0eb5-4773-b47c-1c2fe80924a0/AAABnzEet7M/AAABnSSvrFg/16x9-big/donald-trump-846.jpg?width=1280,2026-07-05T07:28:40Z,,"Stand: 05.07.2026 09:28 Uhr
Thema war auch der russische Angriffskrieg gegen das Nachbarland: US-Präsident Trump hat mit Kremlchef Putin und dem ukrainischen Präsidenten Selenskyj telefoniert. Russl… [+3067 chars]",,de,'Putin'
https://www.sueddeutsche.de/politik/bundesregierung-liveblog-pistorius-afd-russland-li.3495864,https://www.sueddeutsche.de/politik/bundesregierung-liveblog-pistorius-afd-russland-li.3495864,0,www.sueddeutsche.de,Bundespolitik: Pistorius: Keine geheimen Infos an AfD wegen Nähe zu Putin,Der Verteidigungsminister warnt vor dem Zugang der AfD zu geheimen Informationen – und verweist auf die Nähe der Partei zu Russland.,https://www.sueddeutsche.de/2026/07/01/2bd9ada7-a947-4eb0-870b-4000e1e6644f.jpg?q=60&fm=webp&width=1200&rect=0%2C362%2C4000%2C2250,2026-07-05T08:52:42Z,,"Bundesfinanzminister Lars Klingbeil (SPD) plant im kommenden Jahr eine höhere Neuverschuldung als bisher veranschlagt. Im Kernhaushalt ist 2027 eine Nettokreditaufnahme von 118,7 Milliarden Euro vorg… [+1750 chars]",,de,'Putin'
https://taz.de/-Nachrichten-im-Ukraine-Krieg-/!6193516/,https://taz.de/-Nachrichten-im-Ukraine-Krieg-/!6193516/,0,taz.de,++ Nachrichten im Ukraine-Krieg ++: Trump telefoniert mit Putin und Selenskyj,Zum 250. Geburstag der USA gratulieren sowohl Selenskyj als auch Putin dem amerikanischen Präsidenten per Telefon. Kommt es zu einer Lösung in der Ukraine?,https://taz.de/picture/8591588/1200/41591045.jpeg,2026-07-05T09:50:00Z,,Zum 250. Geburstag der USA gratulieren sowohl Selenskyj als auch Putin dem amerikanischen Präsidenten per Telefon. Kommt es zu einer Lösung in der Ukraine? mehr...,,de,'Putin'
https://www.tagesschau.de/inland/innenpolitik/pistorius-bundeswehr-afd-100.html,https://www.tagesschau.de/inland/innenpolitik/pistorius-bundeswehr-afd-100.html,0,www.tagesschau.de,Pistorius: Keine Weitergabe von Geheiminformationen an AfD,"Was, wenn die AfD etwa in Sachsen-Anhalt an die Regierung kommt? Dann will Verteidigungsminister Pistorius die Weitergabe geheimer Informationen an die Partei verhindern. Eine AfD-Nähe zu Putin sei ""nicht zu übersehen"".",https://images.tagesschau.de/image/7233566d-c81d-4da3-997a-d37b449aa508/AAABnzGL28k/AAABnSSvrFg/16x9-big/boris-pistorius-206.jpg?width=1280,2026-07-05T09:52:52Z,,"Stand: 05.07.2026 11:52 Uhr
Was, wenn die AfD etwa in Sachsen-Anhalt an die Regierung kommt? Dann will Verteidigungsminister Pistorius die Weitergabe geheimer Informationen an die Partei verhindern.… [+1547 chars]",,de,'Putin'
https://www.dw.com/de/telefonate-anruf-putin-trump-selenskyj-250-feier-usa-unabhaengigkeit-ukraine-krieg-russland/a-77836694,https://www.dw.com/de/telefonate-anruf-putin-trump-selenskyj-250-feier-usa-unabhaengigkeit-ukraine-krieg-russland/a-77836694,0,www.dw.com,Staatschefs Putin und Selenskyj rufen US-Präsident Trump an,Anlass der persönlichen Telefonate war der 250. Unabhängigkeitstag der USA. Doch es ging auch um den russischen Angriffskrieg in der Ukraine. Dabei wiederholte US-Präsident Trump sein früheres Angebot.,https://static.dw.com/image/77831919_6.jpg,2026-07-05T10:18:00Z,,"Die Präsidenten Russlands und der Ukraine, Wladimir Putin und Wolodymyr Selenskyj, haben den USA zum 250. Jahrestag der Unabhängigkeit gratuliert und ihre jeweils guten Beziehungen zur Regierung in W… [+2471 chars]",,de,'Putin'
https://www.diepresse.com/35176935/90-minuten-trump-spricht-mit-putin-und-selenskyj-ueber-ukraine,https://www.diepresse.com/35176935/90-minuten-trump-spricht-mit-putin-und-selenskyj-ueber-ukraine,0,www.diepresse.com,90 Minuten: Trump spricht mit Putin und Selenskyj über Ukraine,"Selenskyj nannte das Gespräch mit dem US-Präsidenten „sehr gut“, beim Nato-Gipfel soll weiter gesprochen werden. Putin soll die Lage auf dem Schlachtfeld geschildert haben.",https://img.diepresse.com/public/incoming/yk8mhh-imago-images-0860329908/alternates/WEBP_WIDE_1200/imago%20images%200860329908,2026-07-05T10:45:36Z,,"Die Presse auf Google als bevorzugte Nachrichtenquelle hinzufügen.
 US-Präsident Donald Trump hat nach Gesprächen mit dem russischen Staatschef Wladimir Putin und dem ukrainischen Präsidenten Wolody… [+1360 chars]",,de,'Putin'
https://www.morgenpost.de/politik/article412484618/friedensverhandlungen-mit-putin-ukraine-wuenscht-sich-betonharte-europaeer.html,https://www.morgenpost.de/politik/article412484618/friedensverhandlungen-mit-putin-ukraine-wuenscht-sich-betonharte-europaeer.html,0,www.morgenpost.de,Friedensverhandlungen mit Putin: Ukraine wünscht sich „betonharte“ Europäer,"Kurz vor dem Nato-Gipfel gibt es neue Hoffnung auf ernsthafte Gespräche. UN-Botschafter Andrij Melnyk sagt, was jetzt geschehen sollte.",https://img.sparknews.funkemedien.de/412207168/412207168_1783247112_v16_9_1600.jpeg,2026-07-05T10:56:24Z,,"Wenige Tage vor Beginn des Nato-Gipfels in Ankara hat der ukrainische UN-Botschafter Andrij Melnyk die europäischen Partner seines Landes aufgefordert, in einem künftigen Friedensprozess mit Russland… [+3206 chars]",,de,'Putin'
https://www.faz.net/aktuell/politik/ausland/nato-lettlands-praesident-warnt-vor-mangelnder-aufruestung-accg-200998879.html,https://www.faz.net/aktuell/politik/ausland/nato-lettlands-praesident-warnt-vor-mangelnder-aufruestung-accg-200998879.html,0,www.faz.net,Lettlands Präsident: „Wir machen das nicht für Amerika“,Der lettische Präsident Edgars Rinkēvičs hält einen Krieg gegen Russland gerade für nicht wahrscheinlich. Aber das könne sich schnell ändern. Deshalb müsse die NATO aufrüsten.,https://media0.faz.net/image/w1200h627/cae6a1b5e40e/w7694h4020x0y326o/202607/43601.0.2300742808/lettlands-praesident-edgars.webp,2026-07-05T10:58:44Z,,"Herr Präsident, Sie haben bei Ihrem Besuch am Freitag im Kanzleramt darauf hingewiesen, dass Lettland mit seinen baltischen Nachbarn sofort in einer direkten Konfrontation mit Russland stünde, sollte… [+7924 chars]",,de,'Krieg'
https://www.telepolis.de/article/Putins-Signale-Was-der-Westen-moeglicherweise-uebersieht-11354102.html,https://www.telepolis.de/article/Putins-Signale-Was-der-Westen-moeglicherweise-uebersieht-11354102.html,0,www.telepolis.de,Putins Signale: Was der Westen möglicherweise übersieht,"Interview: Reiner Schwalb, ehemaliger Militärattaché in Moskau, analysiert russische Sicherheitsinteressen, Verhandlungen und die Logik militärischer Drohungen.",https://heise.cloudimg.io/bound/1200x1200/q85.png-lossy-85.webp-lossy-85.foil1/_www-heise-de_/imgs/18/5/1/1/1/4/6/3/master_Russland-c8abbb56603b20c8.jpg,2026-07-05T11:00:00Z,,"Bild: Shutterstock.com
Interview: Reiner Schwalb, ehemaliger Militärattaché in Moskau, analysiert russische Sicherheitsinteressen, Verhandlungen und die Logik militärischer Drohungen.
Brigadegenera… [+17911 chars]",,de,'Putin'
https://www.tagesschau.de/wirtschaft/oelkrise-brasilien-alkohol-100.html,https://www.tagesschau.de/wirtschaft/oelkrise-brasilien-alkohol-100.html,0,www.tagesschau.de,Statt auf Öl setzt Brasilien auf Alkohol im Straßenverkehr,"Wer in Brasilien tankt, bekommt inzwischen mehr als 30 Prozent Bioethanol im Benzin. Das macht Land unabhängiger von Preisschocks auf dem Ölmarkt. Doch es gibt auch Kritik. Von Anne Herrberg.",https://images.tagesschau.de/image/e5f5469d-2973-4489-9b84-f28420839ef2/AAABnvRPXyU/AAABnSSvrFg/16x9-big/tankstelle-brasilien-100.jpg?width=1280,2026-07-05T12:05:39Z,,"Stand: 05.07.2026 14:05 Uhr
Wer in Brasilien tankt, bekommt inzwischen mehr als 30 Prozent Bioethanol im Benzin. Das macht Land unabhängiger von Preisschocks auf dem Ölmarkt. Doch es gibt auch Kriti… [+5825 chars]",,de,'Abhängigkeit'
https://www.zeit.de/news/2026-07/05/polnischer-streit-wegen-patriot-raketen-fuer-die-ukraine,https://www.zeit.de/news/2026-07/05/polnischer-streit-wegen-patriot-raketen-fuer-die-ukraine,0,www.zeit.de,Ukraine-Krieg: Polnischer Streit wegen Patriot-Raketen für die Ukraine,Hier finden Sie Informationen zu dem Thema „Ukraine-Krieg“. Lesen Sie jetzt „Polnischer Streit wegen Patriot-Raketen für die Ukraine“.,https://img.zeit.de/news/2026-07/05/polnischer-streit-wegen-patriot-raketen-fuer-die-ukraine-image-group/wide__1300x731,2026-07-05T12:59:06Z,,In Polen entspinnt sich innenpolitischer Streit wegen einer mutmaßlichen Lieferung von Patriot-Flugabwehrraketen an die Ukraine im Frühjahr. Die nationalkonservative PiS und andere rechte Oppositions… [+2195 chars],,de,'Krieg'
https://www.faz.net/aktuell/politik/ukraine/ukraine-liveticker-vor-nato-gipfel-in-ankara-selenskyj-rechnet-mit-massiven-russischen-angriffen-faz-110683325.html,https://www.faz.net/aktuell/politik/ukraine/ukraine-liveticker-vor-nato-gipfel-in-ankara-selenskyj-rechnet-mit-massiven-russischen-angriffen-faz-110683325.html,0,www.faz.net,Liveblog Ukrainekrieg: Selenskyj rechnet vor NATO-Gipfel mit massiven russischen Angriffen,Weißes Haus: Trump trifft Selenskyj am Mittwoch +++ Trump spricht 90 Minuten mit Putin +++ Selenskyj weist russische Einnahme von strategisch wichtiger Stadt zurück +++ alle Neuigkeiten im Liveblog,https://media0.faz.net/image/w1200h627/a4bcf10c7287/w5755h3006x0y414o/202607/43601.0.2290471948/der-ukrainische-praesident.webp,2026-07-05T19:07:21Z,,Der ukrainische Präsident Wolodymyr Selenskyj rechnet mit massiven russischen Angriffen noch vor dem NATO-Gipfel Mitte der Woche in Ankara. In einer Warnung auf Facebook berief er sich dabei auf Info… [+1134 chars],,de,'Putin'
https://www.zeit.de/news/2026-07/06/russland-fliegt-neue-luftangriffe-auf-ukraine,https://www.zeit.de/news/2026-07/06/russland-fliegt-neue-luftangriffe-auf-ukraine,0,www.zeit.de,Ukraine-Krieg: Russland fliegt neue Luftangriffe auf Ukraine,Hier finden Sie Informationen zu dem Thema „Ukraine-Krieg“. Lesen Sie jetzt „Russland fliegt neue Luftangriffe auf Ukraine“.,https://img.zeit.de/news/2026-07/06/russland-fliegt-neue-luftangriffe-auf-ukraine-image-group/wide__1300x731,2026-07-05T23:29:25Z,,Die vorab befürchtete Welle schwerer Luftangriffe Russlands auf ukrainische Städte hat sich in der Nacht bestätigt. Kurz nach Mitternacht waren in der Hauptstadt Kiew laut Behördenangaben und Medienb… [+1505 chars],,de,'Krieg'
https://www.zeit.de/news/2026-07/06/wer-hat-den-iran-krieg-gewonnen,https://www.zeit.de/news/2026-07/06/wer-hat-den-iran-krieg-gewonnen,0,www.zeit.de,Krieg in Nahost: Wer hat den Iran-Krieg gewonnen?,Hier finden Sie Informationen zu dem Thema „Krieg in Nahost“. Lesen Sie jetzt „Wer hat den Iran-Krieg gewonnen?“.,https://img.zeit.de/news/2026-07/06/wer-hat-den-iran-krieg-gewonnen-image-group/wide__1300x731,2026-07-06T02:57:05Z,,"Donald Trump spricht von einem Sieg der USA. Israels Ministerpräsident Benjamin Netanjahu feiert einen «historischen Erfolg», und auch Teheran reklamiert den Kriegsausgang für sich. Doch Experten zie… [+6214 chars]",,de,'Öl'
https://www.faz.net/aktuell/wissen/medizin-ernaehrung/achtung-vor-betrug-beim-olivenoel-so-erkennen-sie-gefaelschte-produkte-200947575.html,https://www.faz.net/aktuell/wissen/medizin-ernaehrung/achtung-vor-betrug-beim-olivenoel-so-erkennen-sie-gefaelschte-produkte-200947575.html,0,www.faz.net,Chemiker im Interview: Woran man verfälschtes Olivenöl erkennt,"Billiges Öl als natives Olivenöl zu verkaufen, lohnt sich. Der Lebensmittelchemiker Torben Küchler erklärt, woran man den Betrug erkennen kann.",https://media0.faz.net/image/w1200h627/2eb39e2bc37a/w6016h3143x0y752o/202607/43601.0.2293109199/missernten-haben-in-vielen.webp,2026-07-06T03:32:28Z,,"Billiges Öl als natives Olivenöl zu verkaufen, lohnt sich. Der Lebensmittelchemiker Torben Küchler erklärt, woran man den Betrug erkennen kann.",,de,'Öl'
https://www.zeit.de/politik/ausland/2026-07/krieg-ukraine-krim-drohnen-angriff-wladimir-putin,https://www.zeit.de/politik/ausland/2026-07/krieg-ukraine-krim-drohnen-angriff-wladimir-putin,0,www.zeit.de,Krieg in der Ukraine: Wolodymyr Selenskyj hat einen Plan für die Krim,Putin versprach den Krimbewohnern blühende Landschaften. Nun stürzen ukrainische Angriffe die Halbinsel in die Krise – und bringen die Besatzer in Bedrängnis.,https://img.zeit.de/politik/ausland/2026-07/krieg-ukraine-krim-drohnen-angriff-wladimir-putin-bild/wide__1300x731,2026-07-06T07:31:09Z,,"Beruhigende Worte für die Krimbewohner hat Sergej Aksjonow, der Chef der russischen Besatzungsverwaltung, in dieser Woche nicht mehr allzu viele. »Leider«, sagt Aksjonow in einer Videobotschaft, »wer… [+755 chars]",,de,'Putin'
https://www.tagesschau.de/wirtschaft/finanzen/marktberichte/marktbericht-dax-dow-geldanlage-140.html,https://www.tagesschau.de/wirtschaft/finanzen/marktberichte/marktbericht-dax-dow-geldanlage-140.html,0,www.tagesschau.de,Marktbericht: DAX steigt erstmals über 25.900 Punkte,"Der DAX bleibt weiter in Rekordlaune, auch zum Wochenstart setzt sich die Gewinnserie fort. Freundliche Konjunkturdaten aus der Industrie locken die Anleger in den Markt. Vom Ölmarkt kommen ebenfalls positive Signale.",https://images.tagesschau.de/image/1754818e-92cb-4c13-b883-809dd6b311a3/AAABlep18k4/AAABnSSvrFg/16x9-big/boerse-frankfurt-180.jpg?width=1280,2026-07-06T08:29:48Z,,"Stand: 06.07.2026 10:29 Uhr
Der DAX bleibt weiter in Rekordlaune, auch zum Wochenstart setzt sich die Gewinnserie fort. Freundliche Konjunkturdaten aus der Industrie locken die Anleger in den Markt.… [+3829 chars]",,de,'Energiepreise'
https://www.faz.net/aktuell/reise/subkultur-in-der-bayrischen-provinz-von-der-waldschlucht-zum-boaznkaefer-accg-200943090.html,https://www.faz.net/aktuell/reise/subkultur-in-der-bayrischen-provinz-von-der-waldschlucht-zum-boaznkaefer-accg-200943090.html,0,www.faz.net,Subkultur in Bayern: Früher war sogar die Zukunft besser,"In Bayern verwandeln ein paar Enthusiasten alte Wirtshäuser in Brutstätten der Subkultur. Das gefällt nicht jedem, aber überraschend viele gehen hin. Und die Musik ist auch wirklich gut.",https://media0.faz.net/image/w1200h627/08b05beaab25/w1280h668x0y56o/202606/43601.0.2266365411/so-sieht-es-aus-wenn-die.webp,2026-07-06T08:40:08Z,,"Das Moorheilbad Bad Kohlgrub liegt am Fuße des Hausbergs Hörnle, in den Bilderbuch-Voralpen zwischen Murnau, Oberammergau und Wieskirche. Doch wer Ende Mai die Waldschlucht hinabspaziert, betritt auf… [+10107 chars]",,de,'Bayern'
https://www.zeit.de/news/2026-07/06/bayern-star-davies-eine-der-haertesten-herausforderungen,https://www.zeit.de/news/2026-07/06/bayern-star-davies-eine-der-haertesten-herausforderungen,0,www.zeit.de,Fußball-Weltmeisterschaft: Bayern-Star Davies: «Eine der härtesten Herausforderungen»,Hier finden Sie Informationen zu dem Thema „Fußball-Weltmeisterschaft“. Lesen Sie jetzt „Bayern-Star Davies: «Eine der härtesten Herausforderungen»“.,https://img.zeit.de/news/2026-07/06/bayern-star-davies-eine-der-haertesten-herausforderungen-image-group/wide__1300x731,2026-07-06T08:49:22Z,,Bayern-Star Alphonso Davies hat als Kapitän der kanadischen Fußball-Nationalmannschaft auf seine sehr schmerzhafte WM-Erfahrung zurückgeblickt. «Persönlich war dieses Turnier eine der härtesten Herau… [+1722 chars],,de,'Bayern'
https://www.zeit.de/news/2026-07/06/union-und-bayern-frauen-eroeffnen-bundesliga-saison,https://www.zeit.de/news/2026-07/06/union-und-bayern-frauen-eroeffnen-bundesliga-saison,0,www.zeit.de,Fußball: Union und Bayern-Frauen eröffnen Bundesliga-Saison,Hier finden Sie Informationen zu dem Thema „Fußball“. Lesen Sie jetzt „Union und Bayern-Frauen eröffnen Bundesliga-Saison“.,https://img.zeit.de/news/2026-07/06/union-und-bayern-frauen-eroeffnen-bundesliga-saison-image-group/wide__1300x731,2026-07-06T12:51:42Z,,"Die Fußballerinnen des 1. FC Union Berlin und von Doublegewinner FC Bayern München eröffnen die Bundesliga-Saison 2026/27. Wie der DFB mitteilte, findet die Partie am Freitag, dem 21. August, im Stad… [+521 chars]",,de,'Bayern'
https://www.faz.net/aktuell/politik/ausland/china-eisernes-buendnis-mit-putin-im-ukrainekrieg-201002146.html,https://www.faz.net/aktuell/politik/ausland/china-eisernes-buendnis-mit-putin-im-ukrainekrieg-201002146.html,0,www.faz.net,Hilfe für Russland: Chinas eisernes Bündnis mit Putin,Chinas militärische Zusammenarbeit mit Russland steht Europas Interessen diametral entgegen. Darauf sollte die Politik reagieren.,https://media0.faz.net/image/w1200h627/f01c3b32a0b6/w4102h2143x0y315o/202607/43601.0.2283766833/der-chinesische-staats-und.webp,2026-07-06T12:54:00Z,,"Zu den vielen Umbrüchen, mit denen sich Deutschland schwertut, gehört Chinas veränderte weltpolitische Rolle. Das Bild vom riesigen Absatzmarkt, der die Augen einer ganzen Generation von Politikern u… [+1731 chars]",,de,'Putin'
https://www.faz.net/aktuell/politik/ukraine/ukraine-liveticker-donald-trump-sieht-baldige-einigung-im-ukraine-krieg-faz-110683325.html,https://www.faz.net/aktuell/politik/ukraine/ukraine-liveticker-donald-trump-sieht-baldige-einigung-im-ukraine-krieg-faz-110683325.html,0,www.faz.net,"Liveblog Ukrainekrieg: Trump: Einigung im Ukrainekrieg näher, „als die Menschen glauben“","Nach einem Telefonat mit Putin sei er sich sicher, dass dieser den Krieg beenden wolle +++ Ukraine greift westsibirsche Region Omsk mit Drohnen an +++ Britische F-35-Kampfflugzeuge fangen russisches Flugzeug ab +++ alle Neuigkeiten im Liveblog",https://media0.faz.net/image/w1200h627/9cd670e64589/w5829h3045x0y280o/202607/43601.0.2303658425/us-praesident-donald-trump-bei.webp,2026-07-06T13:00:24Z,,Kurz nach Mitternacht waren in der Hauptstadt Kiew laut Behördenangaben und Medienberichten Alarmsirenen und heftige Explosionen zu hören. Demnach wurde fast in allen Landesregionen Luftalarm ausgelö… [+1082 chars],,de,'Putin'
https://www.zeit.de/politik/ausland/2026-07/ukraine-krieg-kyjiw-ballistische-raketen-patriot-flugabwehr-verhandlungen-nato-gipfel,https://www.zeit.de/politik/ausland/2026-07/ukraine-krieg-kyjiw-ballistische-raketen-patriot-flugabwehr-verhandlungen-nato-gipfel,0,www.zeit.de,Russische Raketenangriffe: Was das Flugabwehr-Problem der Ukraine für den Krieg bedeutet,"Russland greift Kyjiw mit 23 ballistischen Raketen an, keine davon wird abgewehrt. Damit setzt sich ein Trend fort, der Hoffnungen auf ein baldiges Kriegsende schmälert.",https://img.zeit.de/politik/ausland/2026-07/ukraine-krieg-kyjiw-ballistische-raketen-patriot-flugabwehr-verhandlungen-nato-gipfel-bild/wide__1300x731,2026-07-06T14:48:56Z,,Binnen weniger Tage hat Russland die ukrainische Hauptstadt zwei großen Luftangriffen unterzogen. Zwischen Donnerstag und dem heutigen Montag setzte das russische Militär bei Angriffen auf die Ukrain… [+9736 chars],,de,'Krieg'
https://www.tagesspiegel.de/wirtschaft/verbraucher-wurden-die-kosten-tragen-reiche-plant-offenbar-staatliche-gasreserve-fur-krisenfalle-15809714.html,https://www.tagesspiegel.de/wirtschaft/verbraucher-wurden-die-kosten-tragen-reiche-plant-offenbar-staatliche-gasreserve-fur-krisenfalle-15809714.html,0,www.tagesspiegel.de,Verbraucher würden die Kosten tragen: Reiche plant offenbar staatliche Gasreserve für Krisenfälle,"Experten plädieren schon länger dafür, eine Gasreserve anzulegen, falls es zu Sabotage an Infrastruktur oder einer globalen Gasmangellage kommt. Im Wirtschaftsministerium gibt es nun konkrete Pläne.",https://www.tagesspiegel.de/images/15809717/alternates/BASE_16_9_W1400/1783399827000/evonik-industries.jpeg,2026-07-07T04:54:43Z,,Im Bundeswirtschaftsministerium gibt es konkrete Pläne für eine staatliche Erdgasreserve für Krisenfälle. Die Kosten in Milliardenhöhe sollen über eine Umlage auf die Gasverbraucher finanziert werden… [+2731 chars],,de,'Gas'
https://taz.de/Leben-mit-Hitze/!6187924/,https://taz.de/Leben-mit-Hitze/!6187924/,0,taz.de,Leben mit Hitze: Last exit Badezimmer,"Niemand muss unter Hitze leiden. Es gibt Möglichkeiten, Wohnungen gegen Hitze zu präparieren. Schließlich haben wir ja auch Heizungen gegen die Kälte.",https://taz.de/picture/8589168/1200/41573145.jpeg,2026-07-07T05:39:00Z,,"Niemand muss unter Hitze leiden. Es gibt Möglichkeiten, Wohnungen gegen Hitze zu präparieren. Schließlich haben wir ja auch Heizungen gegen die Kälte. mehr...",,de,'Kälte'
https://www.tagesspiegel.de/internationales/chronologie-einer-entfremdung-das-schwierige-verhaltnis-zwischen-harry-william-und-vater-charles-15788055.html,https://www.tagesspiegel.de/internationales/chronologie-einer-entfremdung-das-schwierige-verhaltnis-zwischen-harry-william-und-vater-charles-15788055.html,0,www.tagesspiegel.de,"Chronologie einer Entfremdung: Das schwierige Verhältnis zwischen Harry, William und Vater Charles","Emotionale Kälte, verletzter Stolz und Prügel: Die Beziehung zwischen Prinzen und König ist beschädigt. Kann ein Besuch von Harry in Großbritannien Versöhnung bringen?",https://www.tagesspiegel.de/images/15806559/alternates/BASE_16_9_W1400/1783337328000/the-centenary-service-to-commemorate-the-battle-of-vimy-ridge.jpeg,2026-07-07T07:14:10Z,,"Es ist ein Besuch, der in Großbritannien fast so viel Aufmerksamkeit bekommt, als wäre es der amerikanische Präsident. Prinz Harry ist aus den USA in seine Heimat gereist. Am heutigen Dienstag soll e… [+333 chars]",,de,'Kälte'
https://www.welt.de/politik/deutschland/article6a4c99bbf27dae429ada2ee7/bundesregierung-plant-staatliche-gasreserve-buerger-sollen-saemtliche-kosten-tragen.html,https://www.welt.de/politik/deutschland/article6a4c99bbf27dae429ada2ee7/bundesregierung-plant-staatliche-gasreserve-buerger-sollen-saemtliche-kosten-tragen.html,0,www.welt.de,Bundesregierung plant staatliche Gasreserve – Bürger sollen offenbar sämtliche Kosten tragen,Eine staatliche Erdgasreserve soll Deutschland künftig besser auf außergewöhnliche Krisen vorbereiten. Die Finanzierung ist über eine Umlage auf Gasverbraucher vorgesehen.,https://images.welt.de/6a4c99bbf27dae429ada2ee7/e8c262ec4c76f0ed9dc9c950287365ee-master/ci16x9-w1200/dpa-com-260706-935-1460269-jpg,2026-07-07T07:20:00Z,,Eine staatliche Erdgasreserve soll Deutschland künftig besser auf außergewöhnliche Krisen vorbereiten. Die Finanzierung ist über eine Umlage auf Gasverbraucher vorgesehen.Im Bundeswirtschaftsminister… [+2612 chars],,de,'Gas'
https://www.n-tv.de/politik/So-will-die-Regierung-die-Gasversorgung-im-Krisenfall-absichern-id31055854.html,https://www.n-tv.de/politik/So-will-die-Regierung-die-Gasversorgung-im-Krisenfall-absichern-id31055854.html,0,www.n-tv.de,Verbraucher bezahlen Reserve: So will die Regierung die Gasversorgung im Krisenfall absichern,"Überlegungen für eine staatliche Gasreserve gibt es schon länger, nun nehmen sie einem Insider zufolge konkrete Form an. Je nach Ausmaß des Importausfalls und Wetter wären eineinhalb bis mehrere Wochen abgedeckt. Für den kommenden Winter wird es allerdings ze…",https://www.n-tv.de/img/31055953/1783410437/Img_16_9/1200/Ein-Manometer-zeigt-den-Druck-im-Erdgasnetz-auf-dem-Gelaende-des-Untergrund-Gasspeichers-der-VNG-AG-an.jpg,2026-07-07T07:46:47Z,,"Verbraucher bezahlen ReserveSo will die Regierung die Gasversorgung im Krisenfall absichern
Ein Manometer zeigt den Druck im Erdgasnetz auf dem Gelände eines Untergrund-Gasspeichers. (Foto: picture … [+2964 chars]",,de,'Gas'
https://www.morgenpost.de/wirtschaft/article412505878/pelletspreise-aktuell-7-juli-heute-holz-pellets-kaufen-preis-tonne.html,https://www.morgenpost.de/wirtschaft/article412505878/pelletspreise-aktuell-7-juli-heute-holz-pellets-kaufen-preis-tonne.html,0,www.morgenpost.de,"Pelletspreise aktuell: Was eine Tonne heute (Dienstag, 7. Juli) kostet",Die Preise für Holzpellets schwanken – lohnt sich derzeit ein Kauf für den nächsten Winter?  Eine aktuelle Übersicht vom 7. Juli.,https://img.sparknews.funkemedien.de/407215592/407215592_1726479333_v16_9_1600.jpeg,2026-07-07T07:46:50Z,,Heute zeigt sich Berlin von seiner ungemütlichen Seite doch ab morgen kehren Sonne und Temperaturen von bis zu knapp 30 Grad zurück. Wer jetzt an den nächsten Winter denkt und seine Pelletsvorräte au… [+6299 chars],,de,'Gas'
https://www.zeit.de/news/2026-07/07/lebenserwartung-ist-in-bayern-so-hoch-wie-nie,https://www.zeit.de/news/2026-07/07/lebenserwartung-ist-in-bayern-so-hoch-wie-nie,0,www.zeit.de,Gesellschaft: Lebenserwartung ist in Bayern so hoch wie nie,Hier finden Sie Informationen zu dem Thema „Gesellschaft“. Lesen Sie jetzt „Lebenserwartung ist in Bayern so hoch wie nie“.,https://img.zeit.de/news/2026-07/07/lebenserwartung-ist-in-bayern-so-hoch-wie-nie-image-group/wide__1300x731,2026-07-07T07:52:34Z,,"Die Lebenserwartung in Bayern ist so hoch wie nie zuvor. Frauen werden im Schnitt 84 Jahre alt, wie das Bayerische Landesamt für Statistik in Fürth mitteilte. Bei Männern sind es 79,7 Jahre. Das ist … [+1223 chars]",,de,'Bayern'
https://www.tagesspiegel.de/wirtschaft/haushalt-klimafreundliches-heizen-bald-weniger-hilfen-vom-staat-15810598.html,https://www.tagesspiegel.de/wirtschaft/haushalt-klimafreundliches-heizen-bald-weniger-hilfen-vom-staat-15810598.html,0,www.tagesspiegel.de,Haushalt: Klimafreundliches Heizen: Bald weniger Hilfen vom Staat,"Die Bundesregierung muss sparen. Das betrifft auch die Förderung für Wärmepumpen und andere Heizarten, die das Klima weniger belasten als Gas und Co.",https://www.tagesspiegel.de/images/15810646/alternates/BASE_16_9_W1400/1783414971000/warmepumpen-au-engerat-vor-einem-einfamilienhaus.jpeg,2026-07-07T08:56:06Z,,Die Förderung von Wärmepumpen und anderen klimafreundlichen Heizungen soll nach Plänen der Bundesregierung in den nächsten Jahren deutlich sinken. Dies geht aus einer Vorlage für den Haushaltsausschu… [+2220 chars],,de,'Heizen'
https://www.faz.net/aktuell/wirtschaft/industrie-verkraftet-irankrieg-besser-als-befuerchtet-accg-201001248.html,https://www.faz.net/aktuell/wirtschaft/industrie-verkraftet-irankrieg-besser-als-befuerchtet-accg-201001248.html,0,www.faz.net,Konjunktur: Industrie verkraftet Irankrieg besser als befürchtet,Ein starkes Plus der Automobilunternehmen hat die Produktion im Mai angeschoben. Gut gefüllte Auftragsbücher und niedrigere Ölpreise lassen hoffen.,https://media0.faz.net/image/w1200h627/71df6fc2cdf1/w5732h2994x206y115o/202602/43601.0.1729894304/produktionsplus-im-mai-die.webp,2026-07-07T09:15:47Z,,"Die Produktion im produzierenden Gewerbe ist im Mai um 0,9 Prozent gegenüber dem Vormonat gestiegen, nach einem Plus von 0,2 Prozent im April. Damit vergrößern sich die Chancen, dass die deutsche Wir… [+3603 chars]",,de,'Öl'
https://www.zeit.de/news/2026-07/07/testfluege-in-bayern-als-uebung-fuer-moeglichen-atomunfall,https://www.zeit.de/news/2026-07/07/testfluege-in-bayern-als-uebung-fuer-moeglichen-atomunfall,0,www.zeit.de,Strahlenschutz: Testflüge in Bayern als Übung für möglichen Atomunfall,Hier finden Sie Informationen zu dem Thema „Strahlenschutz“. Lesen Sie jetzt „Testflüge in Bayern als Übung für möglichen Atomunfall“.,https://img.zeit.de/news/2026-07/07/testfluege-in-bayern-als-uebung-fuer-moeglichen-atomunfall-image-group/wide__1300x731,2026-07-07T10:56:03Z,,"Mit Strahlenmessungen aus einem Hubschrauber bereiten sich Behörden auf einem möglichen Atomunfall vor. Obwohl in Deutschland keine Kernkraftwerke mehr im Betrieb seien, müsste man auf Unfälle vorber… [+2619 chars]",,de,'Bayern'
https://www.tagesspiegel.de/wirtschaft/energieversorgung-regierung-plant-staatliche-gasreserve-15811482.html,https://www.tagesspiegel.de/wirtschaft/energieversorgung-regierung-plant-staatliche-gasreserve-15811482.html,0,www.tagesspiegel.de,Energieversorgung: Regierung plant staatliche Gasreserve,"Angesichts der geopolitischen Lage ist nicht auszuschließen, dass von heute auf morgen kein Gas mehr nach Deutschland fließt. Auf solche Extremfälle will die Bundesregierung künftig vorbereitet sein.",https://www.tagesspiegel.de/images/15811481/alternates/BASE_16_9_W1400/1783422895000/gasspeicher.jpeg,2026-07-07T11:14:55Z,,"Die Bundesregierung plant eine nationale Gasreserve zur staatlichen Krisenvorsorge. Damit wolle man die Gasversorgung in außergewöhnlichen Krisensituationen absichern, sagte eine Sprecherin des Wirts… [+909 chars]",,de,'Gas'
https://www.faz.net/aktuell/sport/fussball/fussball-transferticker-alexander-nuebel-verlaesst-fc-bayern-richtung-tuerkei-faz-18134600.html,https://www.faz.net/aktuell/sport/fussball/fussball-transferticker-alexander-nuebel-verlaesst-fc-bayern-richtung-tuerkei-faz-18134600.html,0,www.faz.net,Fußball-Transferticker: Nationaltorhüter Nübel verlässt FC Bayern und Bundesliga,Schlussmann war zuletzt an den VfB Stuttgart ausgeliehen +++ Eintracht Frankfurt verpflichtet Real-Spielerin +++ Trainer Glasner übernimmt nächsten Premier-League-Klub +++ alle Infos im Transferticker,https://media0.faz.net/image/w1200h627/02c79f0c1c1d/w6229h3254x0y562o/202606/43601.0.2278147195/kuenftig-wohl-in-der.webp,2026-07-07T11:54:00Z,,Premier-League-Klub Manchester City hat sich mit Nottingham Forest auf den Transfer von Elliot Anderson verständigt und bezahlt laut übereinstimmenden Medienberichten 135 Millionen Euro für den Mitte… [+467 chars],,de,'Bayern'
https://www.n-tv.de/wirtschaft/Bund-plant-Gasreserve-Finanzierung-ueber-neue-Verbraucherabgabe-id31058173.html,https://www.n-tv.de/wirtschaft/Bund-plant-Gasreserve-Finanzierung-ueber-neue-Verbraucherabgabe-id31058173.html,0,www.n-tv.de,Puffer für mehrere Tage: Bund plant Gasreserve - Finanzierung über neue Verbraucherabgabe,"Um Ausfälle und Katastrophen zu überbrücken, will die Koalition eine staatliche Gasreserve einrichten. Diese soll zehn Prozent der Speicherkapazitäten umfassen. Die Kosten von bis zu 1,5 Milliarden Euro sollen die Kunden stemmen.",https://www.n-tv.de/img/31058171/1783436550/Img_16_9/1200/29-08-2022-Jemgum-Niedersachsen-Deutschland-Gasspeicher-Jemgum-Kaverne-K103-EWE-GASSPEICHER-GmbH-bis-April-2022-Teil-der-Gazprom-Tochter-Astora-Jemgum-ist-ein-Kavernenspeicher-bei-dem-Hohlraeume-in-einem-ehemaligen-Salzstock-geschaffen-werden-und-so-eine-besonders-flexible-Lagerung-moeglich-ist-00A220829D044CARO.jpg,2026-07-07T13:09:06Z,,"Bis zu 1,5 Milliarden Euro könnte der Aufbau der strategischen Reserve kosten. (Foto: picture alliance / Caro)
Um Ausfälle und Katastrophen zu überbrücken, will die Koalition eine staatliche Gasrese… [+2479 chars]",,de,'Gas'
https://www.n-tv.de/wirtschaft/Griechische-Reeder-verdienen-Milliarden-mit-russischem-Oel-id31057572.html,https://www.n-tv.de/wirtschaft/Griechische-Reeder-verdienen-Milliarden-mit-russischem-Oel-id31057572.html,0,www.n-tv.de,Stolz auf umstrittenes Geschäft: Griechische Reeder verdienen Milliarden mit russischem Öl,"Verboten ist es zwar nicht, russisches Öl für den Export zu transportieren. Doch die meisten internationalen Reedereien haben sich aus diesem Geschäft zurückgezogen. Umso mehr verdienen einige griechische Schiffseigner an diesen Transporten.",https://www.n-tv.de/img/31057565/1783431323/Img_16_9/1200/Greek-flag-in-Kissamos-Crete-Greece.jpg,2026-07-07T13:24:19Z,,"Griechenlands Schiffseigner sind bekannt dafür, Geschäfte zu machen, vor denen Konkurrenten aus anderen Ländern zurückschrecken. (Foto: picture alliance / Visually)
Verboten ist es zwar nicht, russi… [+3698 chars]",,de,'Öl'
https://www.zeit.de/2026/29/klimawandel-finanzen-inflation-zentralbanken-sabine-mauderer,https://www.zeit.de/2026/29/klimawandel-finanzen-inflation-zentralbanken-sabine-mauderer,0,www.zeit.de,"Klimawandel und Finanzen: »Wir müssen verstehen, was der Klimawandel für die Preise bedeutet«","Hitzewellen und Überschwemmungen gefährden nicht nur Ökosysteme, sagt Sabine Mauderer, die Vizepräsidentin der Bundesbank. Wie extremes Wetter die Inflation treibt.",https://img.zeit.de/2026/29/wir-muessen-besser-verstehen-was-der-klimawandel-fuer-die-preise-bedeutet-bild-3/wide__1300x731,2026-07-07T15:00:27Z,,"Sabine Mauderer ist seit 2018 im Vorstand der Deutschen Bundesbank. Bis Juni 2026 leitete sie außerdem ein internationales Netzwerk, in dem sich Notenbanken und Finanzaufsichtsbehörden mit den Folgen… [+816 chars]",,de,'Inflation'
https://www.faz.net/aktuell/sport/sportpolitik/ioc-hebt-suspendierung-des-russischen-nok-auf-201007477.html,https://www.faz.net/aktuell/sport/sportpolitik/ioc-hebt-suspendierung-des-russischen-nok-auf-201007477.html,0,www.faz.net,Suspendierung aufgehoben: IOC holt russische Sportler zurück,Das IOC hebt die Suspendierung des russischen NOK vorläufig auf. Mitten in Putins laufendem Angriffskrieg öffnet es Russlands Weg zu den Olympischen Spielen in Los Angeles 2028.,https://media0.faz.net/image/w1200h627/cbd10867de4c/w7866h4109x0y158o/202607/43601.0.2310284181/zurueck-im-spiel-das-russische.webp,2026-07-07T15:58:06Z,,Das Internationale Olympische Komitee hat die Suspendierung Russlands aufgehoben. Damit ebnet das IOC russischen Sportlerinnen und Sportlern den Weg zu den Olympischen Spielen 2028 in Los Angeles. Zu… [+2979 chars],,de,'Putin'
https://www.n-tv.de/wissen/Studie-Luftverschmutzung-hinterlaesst-Spuren-an-Spermien-DNA-id31058095.html,https://www.n-tv.de/wissen/Studie-Luftverschmutzung-hinterlaesst-Spuren-an-Spermien-DNA-id31058095.html,0,www.n-tv.de,Folgen für die Nachkommen?: Studie: Luftverschmutzung hinterlässt Spuren an Spermien-DNA,"Autoverkehr, Gas- und Öl-Heizungen belasten die Luft. Eine Untersuchung zeigt nun, dass bestimmte Schadstoffe bei Männern Spuren am Erbgut von Spermien hinterlassen. Die Auswirkungen könnten sogar die nächste Generation betreffen.",https://www.n-tv.de/img/3850542/1322217780/Img_16_9/1200/8367511.jpg,2026-07-07T16:51:22Z,,"Folgen für die Nachkommen?Studie: Luftverschmutzung hinterlässt Spuren an Spermien-DNA
Bei den Spermien wurden Veränderungen an den Markierungen der DNA festgestellt, die Einfluss auf bestimmte Gene… [+3179 chars]",,de,'Öl'
https://www.zeit.de/news/2026-07/07/fc-bayern-plant-mit-ibrahimovic-als-festem-kaderspieler,https://www.zeit.de/news/2026-07/07/fc-bayern-plant-mit-ibrahimovic-als-festem-kaderspieler,0,www.zeit.de,Nach Leihe nach Heidenheim: FC Bayern plant mit Ibrahimovic als festem Kaderspieler,Hier finden Sie Informationen zu dem Thema „Nach Leihe nach Heidenheim“. Lesen Sie jetzt „FC Bayern plant mit Ibrahimovic als festem Kaderspieler“.,https://img.zeit.de/news/2026-07/07/fc-bayern-plant-mit-ibrahimovic-als-festem-kaderspieler-image-group/wide__1300x731,2026-07-07T17:08:58Z,,"Der FC Bayern München plant mit Nachwuchsspieler Arijon Ibrahimovic für die neue Saison. Der 20-Jährige soll beim deutschen Fußball-Rekordmeister fest ins Profiteam integriert werden, wie der Verein … [+696 chars]",,de,'Bayern'
https://www.tagesschau.de/inland/innenpolitik/heizungsgesetz-aenderungen-foerdergeld-100.html,https://www.tagesschau.de/inland/innenpolitik/heizungsgesetz-aenderungen-foerdergeld-100.html,0,www.tagesschau.de,Weniger Förderung: Wieder Änderungen im Heizkeller,Die Koalition muss sparen - und will das auch bei der Förderung von klimafreundlichen Heizungen tun. Weniger Geld gibt es vor allem für Haushalte mit hohem Einkommen. Zudem wird der Einbau neuer Öl- und Gasheizungen wieder erlaubt. Von Jakob Mayr.,https://images.tagesschau.de/image/d8b5a7e4-49ed-4daa-8453-7287a92960dc/AAABnhyv194/AAABnSSvrFg/16x9-big/heizungsbauer-keller-100.jpg?width=1280,2026-07-07T18:28:36Z,,"Stand: 07.07.2026 20:28 Uhr
Die Koalition muss sparen - und will das auch bei der Förderung von klimafreundlichen Heizungen tun. Weniger Geld gibt es vor allem für Haushalte mit hohem Einkommen. Zud… [+4142 chars]",,de,'Gas'
https://www.zeit.de/news/2026-07/07/usa-setzen-sanktionen-auf-iranisches-oel-wieder-in-kraft,https://www.zeit.de/news/2026-07/07/usa-setzen-sanktionen-auf-iranisches-oel-wieder-in-kraft,0,www.zeit.de,Konflikte: USA setzen Sanktionen auf iranisches Öl wieder in Kraft,Hier finden Sie Informationen zu dem Thema „Konflikte“. Lesen Sie jetzt „USA setzen Sanktionen auf iranisches Öl wieder in Kraft“.,https://img.zeit.de/administratives/sharing/fallback-image-die-zeit/wide__1300x731,2026-07-07T19:36:27Z,,"Die USA haben die zuvor gelockerten Sanktionen auf iranisches Öl wieder in Kraft gesetzt. Eine vor gut zwei Wochen erteilte Ausnahmegenehmigung werde wieder zurückgenommen, teilte das US-Finanzminist… [+48 chars]",,de,'Öl'
https://www.zeit.de/news/2026-07/07/usa-setzen-iranische-oelsanktionen-wieder-in-kraft,https://www.zeit.de/news/2026-07/07/usa-setzen-iranische-oelsanktionen-wieder-in-kraft,0,www.zeit.de,Iran-Krieg: USA setzen iranische Ölsanktionen wieder in Kraft,Hier finden Sie Informationen zu dem Thema „Iran-Krieg“. Lesen Sie jetzt „USA setzen iranische Ölsanktionen wieder in Kraft“.,https://img.zeit.de/news/2026-07/07/usa-setzen-iranische-oelsanktionen-wieder-in-kraft-image-group/wide__1300x731,2026-07-07T19:48:01Z,,"Die USA haben die zuvor gelockerten Sanktionen auf iranisches Öl wieder in Kraft gesetzt. Eine vor gut zwei Wochen erteilte Ausnahmegenehmigung werde wieder zurückgenommen, teilte das US-Finanzminist… [+1955 chars]",,de,'Krieg'
https://www.tagesschau.de/ausland/asien/iran-angriffe-usa-102.html,https://www.tagesschau.de/ausland/asien/iran-angriffe-usa-102.html,0,www.tagesschau.de,US-Militär: USA starten erneut Angriffe auf Iran,Nach Angaben des US-Militärs haben erneut Angriffe auf Iran begonnen. Diese folgten auf Angriffe Teherans auf Handelsschiffe in der Straße von Hormus. Zudem setzten die USA die Öl-Sanktionen wieder in Kraft.,https://images.tagesschau.de/image/6c9b9907-5800-4a68-86e8-530cbb7a90f5/AAABnz6fGzs/AAABnSSvrFg/16x9-big/strasse-von-hormus-tanker-100.jpg?width=1280,2026-07-07T22:35:24Z,,"Stand: 08.07.2026 00:35 Uhr
Nach Angaben des US-Militärs haben erneut Angriffe auf Iran begonnen. Diese folgten auf Angriffe Teherans auf Handelsschiffe in der Straße von Hormus. Zuvor setzten die U… [+1500 chars]",,de,'Öl'
https://www.tagesschau.de/wissen/klima/windraeder-helfen-beim-waldumbau-100.html,https://www.tagesschau.de/wissen/klima/windraeder-helfen-beim-waldumbau-100.html,0,www.tagesschau.de,Wie Windräder beim Waldumbau helfen können,"In Hessen, Rheinland-Pfalz und Brandenburg stehen über 500 Windräder im Wald - in Thüringen sind es vier. Das Thema ist kontrovers, Projekte werden oft gekippt - dabei könnten sie auch eine Chance sein. Von Inka Zimmermann.",https://images.tagesschau.de/image/f783e081-69ad-4207-8402-17ce5b1397c4/AAABnzbyI9Q/AAABnSSvrFg/16x9-big/windraeder-216.jpg?width=1280,2026-07-08T04:39:59Z,,"Stand: 08.07.2026 06:39 Uhr
In Hessen, Rheinland-Pfalz und Brandenburg stehen über 500 Windräder im Wald - in Thüringen sind es vier. Das Thema ist kontrovers, Projekte werden oft gekippt - dabei kö… [+5285 chars]",,de,'Windräder'
https://www.faz.net/aktuell/wirtschaft/unternehmen/enbw-chef-stamatelopoulos-ueber-die-dramatische-lage-beim-offshore-ausbau-accg-200958496.html,https://www.faz.net/aktuell/wirtschaft/unternehmen/enbw-chef-stamatelopoulos-ueber-die-dramatische-lage-beim-offshore-ausbau-accg-200958496.html,0,www.faz.net,EnBW über Energiewende: „Die Situation im Offshore-Bereich hat sich dramatisch verschlechtert“,Georg Stamatelopoulos ist Vorstandsvorsitzender des Energieversorgers EnBW. Im Interview verteidigt er die Förderkürzungen für erneuerbare Energien und fordert weniger Windräder in Nord- und Ostsee als bislang geplant.,https://media0.faz.net/image/w1200h627/1bf5748bea1d/w3000h1567x0y312o/202407/43601.0.460295491/enbw-betreibt-unter-anderem.webp,2026-07-08T05:14:56Z,,"Herr Stamatelopoulos, Bundeswirtschaftsministerin Katherina Reiche (CDU) will die Förderung erneuerbarer Energien kürzen und neue Gaskraftwerke bauen lassen. Teilen Sie den Eindruck vieler Kritiker, … [+11060 chars]",,de,'Windräder'
https://www.bild.de/politik/ausland-und-internationales/nach-angriffen-der-usa-auf-iran-oelpreise-knallen-rauf-6a4ddf7bbb0cf80de56a1b65,https://www.bild.de/politik/ausland-und-internationales/nach-angriffen-der-usa-auf-iran-oelpreise-knallen-rauf-6a4ddf7bbb0cf80de56a1b65,0,www.bild.de,Nach US-Angriffen auf Iran - Ölpreise knallen wieder rauf,Nach den massiven US-Angriffen auf den Iran und neuen Sanktionen gegen iranisches Öl schießen die Ölpreise wieder nach oben.,"https://images.bild.de/6a4ddf7bbb0cf80de56a1b65/1ff37dcc3c873cf70fecdd8c4db5d38d,a32aa9b4?w=1280",2026-07-08T06:00:02Z,,TTS-Player überspringenArtikel weiterlesenWashington/Teheran/London Die Angst vor einem neuen Öl-Schock ist zurück! Nach den massiven US-Angriffen auf den Iran und neuen Sanktionen gegen iranisches Ö… [+2318 chars],,de,'Energiepreise'
https://www.tagesschau.de/wirtschaft/finanzen/marktberichte/marktbericht-dax-dow-iran-geldanlage-100.html,https://www.tagesschau.de/wirtschaft/finanzen/marktberichte/marktbericht-dax-dow-iran-geldanlage-100.html,0,www.tagesschau.de,Marktbericht: Die Nahost-Krise ist zurück an der Börse,"Die erneute Eskalation im Nahen Osten wird von den Anlegern relativ gelassen aufgenommen. Die Ölpreise legen zwar zu, bislang rechnen die Anleger aber wohl nicht mit einem Wiederaufflammen des Kriegs.",https://images.tagesschau.de/image/3270f35e-94f0-4240-aca1-d48eeae66ca3/AAABmjPoS5c/AAABnSSvrFg/16x9-big/dax-185.jpg?width=1280,2026-07-08T06:05:49Z,,"Stand: 08.07.2026 08:05 Uhr
Die erneute Eskalation im Nahen Osten wird von den Anlegern relativ gelassen aufgenommen. Die Ölpreise legen zwar zu, bislang rechnen die Anleger aber wohl nicht mit eine… [+3253 chars]",,de,'Abhängigkeit'
https://noe.orf.at/stories/3361658/,https://noe.orf.at/stories/3361658/,0,noe.orf.at,Traismauer vor Windkraft-Vertragsabschluss,Die geplante Errichtung von acht Windrädern in Traismauer (Bezirk St. Pölten) sorgt erneut für Diskussionen. Die angekündigte Volksbefragung hat bisher  noch nicht stattgefunden. Ein geplanter Partnerschaftsvertrag mit dem Energieunternehmen W.E.B. sorgt nun …,https://ibs.orf.at/noe?image=https%3A%2F%2Foekastatic.orf.at%2Fmims%2F2025%2F29%2F25%2Fcrops%2Fw%3D1200%2Ch%3D627%2Cq%3D75%2F2714036_master_1040425_abd0030.jpg%3Fs%3D31992a49c6029b5bf1c963b09d8f71226530096f,2026-07-08T08:21:07Z,,In Traismauer (Bezirk St. Pölten) sollen in den nächsten Jahren acht neue Windräder entstehen. Der Windradbetreiber W.E.B stellte dazu Anfang des Jahres in der Gemeinde ein Projekt vor. Mit dem Bau s… [+3591 chars],,de,'Windräder'
https://www.diepresse.com/35527327/das-sind-die-zwoelf-gruende-fuer-den-niedergang-der-russischen,https://www.diepresse.com/35527327/das-sind-die-zwoelf-gruende-fuer-den-niedergang-der-russischen,0,www.diepresse.com,Das sind die zwölf Gründe für den Niedergang der russischen Wirtschaft [premium],"Mitten im fünften Kriegsjahr befindet sich die russische Wirtschaft plötzlich in einem „perfekten Sturm“, ein Wachstum ist nicht mehr in Sicht. Führende Russland-Ökonomen erklären der „Presse“ die Hauptgründe für den Niedergang. Einer lässt sogar mit einer Pe…",https://img.diepresse.com/public/incoming/dfwmm6-russia-lifestyle-feature/alternates/WEBP_WIDE_1200/RUSSIA-LIFESTYLE-FEATURE,2026-07-08T09:05:44Z,,"Die Krisen haben die Russen resilient gemacht. Und mit ihrer Anpassungsfähigkeit haben sie über Jahre bewiesen, dass sie auch die größten Verwerfungen meistern. Plötzlich jedoch werden sie mutlos. Wi… [+7818 chars]",,de,'Krieg'
https://www.welt.de/politik/ausland/article6a4e07d71c78fa1dc68a101d/ukraine-krieg-2027-werden-in-der-europaeischen-politik-die-nerven-blank-liegen-sagt-ivan-krastev.html,https://www.welt.de/politik/ausland/article6a4e07d71c78fa1dc68a101d/ukraine-krieg-2027-werden-in-der-europaeischen-politik-die-nerven-blank-liegen-sagt-ivan-krastev.html,0,www.welt.de,„2027 werden in der europäischen Politik die Nerven blank liegen“,"Der bulgarische Politikwissenschaftler Ivan Krastev sieht Europa vor einem „langen Jahr 2027“. Sollten radikale Kräfte bei Wahlen an die Macht kommen, könnte Putin die Situation ausnutzen, sagt er.",https://images.welt.de/6a4e07d71c78fa1dc68a101d/ff04c10a8695412606de47b01986e8b1-master/ci16x9-w1200/29-fabianweiss-ivankrastev-fab2184,2026-07-08T09:55:30Z,,"Der bulgarische Politikwissenschaftler Ivan Krastev sieht Europa vor einem langen Jahr 2027. Sollten radikale Kräfte bei Wahlen an die Macht kommen, könnte Putin die Situation ausnutzen, sagt er.Der … [+2597 chars]",,de,'Putin'
https://www.zeit.de/news/2026-07/08/nach-wm-aus-karl-beim-fc-bayern-zurueck-auf-dem-rasen,https://www.zeit.de/news/2026-07/08/nach-wm-aus-karl-beim-fc-bayern-zurueck-auf-dem-rasen,0,www.zeit.de,Fußball-Bundesliga: Nach WM-Aus: Karl beim FC Bayern zurück auf dem Rasen,Hier finden Sie Informationen zu dem Thema „Fußball-Bundesliga“. Lesen Sie jetzt „Nach WM-Aus: Karl beim FC Bayern zurück auf dem Rasen“.,https://img.zeit.de/news/2026-07/08/nach-wm-aus-karl-beim-fc-bayern-zurueck-auf-dem-rasen-image-group/wide__1300x731,2026-07-08T10:32:32Z,,Einen Monat nach seinem bitteren WM-Aus ist Bayern Münchens Lennart Karl auf den Rasen zurückgekehrt. Der Fußball-Nationalspieler absolvierte nach seinem Muskelbündelriss im linken vorderen Oberschen… [+641 chars],,de,'Bayern'
https://www.faz.net/aktuell/politik/inland/das-bundesverfassungsgericht-prueft-praeventivgewahrsam-in-bayern-accg-201009521.html,https://www.faz.net/aktuell/politik/inland/das-bundesverfassungsgericht-prueft-praeventivgewahrsam-in-bayern-accg-201009521.html,0,www.faz.net,Bundesverfassungsgericht: Bayern verteidigt Präventivgewahrsam,"Das Bundesverfassungsgericht prüft, ob die bayerischen Gewahrsamsregeln verhältnismäßig sind. Zwei Monate Freiheitsentzug sind derzeit das Maximum.",https://media0.faz.net/image/w1200h627/6dbb9fc94e13/w3000h1567x0y243o/202301/43600.0.1378061152/klimaaktivisten-nahmen-2022.webp,2026-07-08T11:07:15Z,,"Wie lange darf die Polizei Personen in Gewahrsam nehmen, um  Maßnahmen wie einen Platzverweis durchzusetzen, etwa gegen Klimakleber? Zwei Wochen, zwei Monate? Wann ist die gesetzliche Dauer der Freih… [+4122 chars]",,de,'Bayern'
https://www.tagesspiegel.de/wirtschaft/deutsche-wirtschaft-iwf-rechnet-mit-noch-schwacherem-wachstum-in-deutschland-15818406.html,https://www.tagesspiegel.de/wirtschaft/deutsche-wirtschaft-iwf-rechnet-mit-noch-schwacherem-wachstum-in-deutschland-15818406.html,0,www.tagesspiegel.de,Deutsche Wirtschaft: IWF rechnet mit noch schwächerem Wachstum in Deutschland,Die Blockade der Straße von Hormus führt zu hohen Spritpreisen und steigender Inflation. Der Internationale Währungsfonds senkt deswegen erneut seine Erwartungen für Deutschland.,https://www.tagesspiegel.de/images/15818405/alternates/BASE_16_9_W1400/1783515726000/containerwirtschaft-im-hamburger-hafen.jpeg,2026-07-08T13:02:07Z,,Angesichts der Folgen des Iran-Krieges senkt der Internationale Währungsfonds (IWF) erneut seine Wachstumsprognosen für die deutsche Wirtschaft. Bis einschließlich 2027 dürfte sich die Bundesrepublik… [+5738 chars],,de,'Inflation'
https://www.tagesschau.de/wirtschaft/finanzen/oelpreis-134.html,https://www.tagesschau.de/wirtschaft/finanzen/oelpreis-134.html,0,www.tagesschau.de,Ölpreise steigen: Krieg in Iran ist wieder Thema an der Börse,Nach den jüngsten Attacken auf Tanker in der Straße von Hormus hat das US-Militär Ziele in Iran angegriffen. Zudem wurden Sanktionen wieder in Kraft gesetzt. Die Reaktion an der Börse folgt prompt. <em>Von Claudia Wehrle. </em>,https://images.tagesschau.de/image/5bca3352-6870-4a05-874c-732b7a683a37/AAABnR9vgOI/AAABnSSvrFg/16x9-big/oel-184.jpg?width=1280,2026-07-08T13:04:04Z,,"Stand: 08.07.2026 15:04 Uhr
Nach den jüngsten Attacken auf Tanker in der Straße von Hormus hat das US-Militär Ziele in Iran angegriffen. Zudem wurden Sanktionen wieder in Kraft gesetzt. Die Reaktion… [+3969 chars]",,de,'Abhängigkeit'
https://www.faz.net/aktuell/sport/sportpolitik/ioc-laedt-russen-ein-diktatoren-und-kriegsherren-bleiben-im-spiel-201010101.html,https://www.faz.net/aktuell/sport/sportpolitik/ioc-laedt-russen-ein-diktatoren-und-kriegsherren-bleiben-im-spiel-201010101.html,0,www.faz.net,IOC beugt sich Russland: Diktatoren und Kriegsherren bleiben im Spiel,"Während Putin die Ukraine bombardiert, macht das IOC den Weg frei für die Rückkehr seiner Sportler zu Olympischen Spielen. Der deutsche Sport spielt mit – als Opportunist.",https://media0.faz.net/image/w1200h627/6472120f8f59/w2585h1350x122y52o/202512/43601.0.1600800286/fahne-gehisst-das-ioc-zeigt.webp,2026-07-08T13:10:08Z,,"In der Nacht, die auf den Nachmittag folgte, an dem die Präsidentin des Internationalen Olympischen Komitees (IOC), Kirsty Coventry, verkündete, dass ihre Organisation den Sportlerinnen und Sportlern… [+2897 chars]",,de,'Krieg'
https://www.zeit.de/news/2026-07/08/mehr-klagen-zu-windkraft-bei-bayerns-verwaltungsgerichten,https://www.zeit.de/news/2026-07/08/mehr-klagen-zu-windkraft-bei-bayerns-verwaltungsgerichten,0,www.zeit.de,Erneuerbare Energien: Mehr Klagen zu Windkraft bei Bayerns Verwaltungsgerichten,Hier finden Sie Informationen zu dem Thema „Erneuerbare Energien“. Lesen Sie jetzt „Mehr Klagen zu Windkraft bei Bayerns Verwaltungsgerichten“.,https://img.zeit.de/news/2026-07/08/mehr-klagen-zu-windkraft-bei-bayerns-verwaltungsgerichten-image-group/wide__1300x731,2026-07-08T13:21:47Z,,Nach der Aufhebung der umstrittenen 10H-Regel sind die Verwaltungsgerichte in Bayern immer häufiger mit Klagen um Windkraftanlagen konfrontiert. Es gebe mittlerweile eine relativ große Zahl solcher V… [+2009 chars],,de,'Windräder'
https://www.derstandard.at/story/3000000330655/iwf-erst-2027-wieder-mehr-wachstum-iran-krieg-bremst-weltwirtschaft,https://www.derstandard.at/story/3000000330655/iwf-erst-2027-wieder-mehr-wachstum-iran-krieg-bremst-weltwirtschaft,0,www.derstandard.at,"IWF: Krieg in Nahost bremst Weltwirtschaft, Wachstum erst wieder 2027","Laut der Prognose des Internationalen Währungsfonds dürfte das globale Wachstum heuer nur 3,0 Prozent betragen. Allein: Der Schock durch den Krieg wurde laut IWF bislang besser überstanden als befürchtet",https://i.ds.at/nha3Ug/rs:fill:1200:600/plain/lido-images/2025/07/29/f2ef15ff-7a85-44e8-9be7-b29a01eb4f6b.jpeg,2026-07-08T13:22:13Z,,"Technologische Neuerungen wie Künstliche Intelligenz gleichen dem IWF zufolge die negativen Effekte durch den Krieg in Nahost zu einem größeren Teil wieder aus.
REUTERS/Yuri Gripas
Washington/Berli… [+969 chars]",,de,'Energiepreise'
https://www.faz.net/aktuell/finanzen/finanzmarkt/donald-trump-treibt-den-oelmarkt-dax-und-oelpreise-reagieren-201009275.html,https://www.faz.net/aktuell/finanzen/finanzmarkt/donald-trump-treibt-den-oelmarkt-dax-und-oelpreise-reagieren-201009275.html,0,www.faz.net,Fragiler Markt: Donald Trump lässt den Ölpreis steigen,"Der amerikanische Präsident stellt den Friedensprozess mit Iran infrage. Öl wird prompt teurer, der Dax gibt nach, Ölkonzerne profitieren. Im nächsten Jahr könnte es aber wieder ganz anders aussehen.",https://media0.faz.net/image/w1200h627/b4cea42ff591/w2835h1481x0y180o/202603/ef5964cf-2efe-4ae0-838c-c17e6a5a1201/iranisches-oel-unterliegt.webp,2026-07-08T13:48:31Z,,"Nach der Äußerung von Donald Trump, der Waffenstillstand mit Iran sei beendet, sind die Ölpreise am Mittwoch deutlich gestiegen. Der Preis für ein Barrel (159 Liter) der Nordseesorte Brent stieg zeit… [+4244 chars]",,de,'Öl'
https://www.n-tv.de/wirtschaft/IWF-rechnet-erst-fuer-naechstes-Jahr-mit-mehr-Wachstum-id31063633.html,https://www.n-tv.de/wirtschaft/IWF-rechnet-erst-fuer-naechstes-Jahr-mit-mehr-Wachstum-id31063633.html,0,www.n-tv.de,"USA, China und Indien vorn: IWF rechnet erst für nächstes Jahr mit mehr Wachstum","Die Weltwirtschaft hat nach Auffassung des IWF den Kriegsschock besser überstanden als erwartet. Dennoch senken die Experten die Wachstumsprognosen für etliche Länder, darunter für Deutschland. Ab 2027 dürfte der Handel wieder anspringen und die Inflationsrat…",https://www.n-tv.de/img/31063650/1783524254/Img_16_9/1200/Das-Luftbild-einer-Drohne-zeigt-einen-Containerterminal-des-Hafens-Taicang.jpg,2026-07-08T13:51:13Z,,"Das globale Handelsvolumen für Güter und Dienstleistungen dürfte laut IWF nur noch um 3,5 Prozent zulegen. (Foto: picture alliance/dpa/XinHua)
Die Weltwirtschaft hat nach Auffassung des IWF den Krie… [+2831 chars]",,de,'Inflation'
https://www.welt.de/wirtschaft/article6a4e4af10f71e0f715c39919/wirtschaftskrise-iwf-rechnet-mit-noch-schwaecherem-wachstum-in-deutschland-und-senkt-prognose.html,https://www.welt.de/wirtschaft/article6a4e4af10f71e0f715c39919/wirtschaftskrise-iwf-rechnet-mit-noch-schwaecherem-wachstum-in-deutschland-und-senkt-prognose.html,0,www.welt.de,IWF rechnet mit noch schwächerem Wachstum in Deutschland und senkt Prognose,Die deutsche Wirtschaft wird sich laut dem Internationalen Währungsfonds (IWF) schlechter entwickeln als gedacht. Vor allem die Folgen des Iran-Kriegs spielen eine große Rolle. Für die Weltwirtschaft zeichnet sich ein etwas optimistischeres Bild ab.,https://images.welt.de/6a4e4af10f71e0f715c39919/6e7a53e112b9e04ae2ccd001ae356273-master/ci16x9-w1200/dpa-com-260708-935-1465876-jpg,2026-07-08T13:58:34Z,,Die deutsche Wirtschaft wird sich laut dem Internationalen Währungsfonds (IWF) schlechter entwickeln als gedacht. Vor allem die Folgen des Iran-Kriegs spielen eine große Rolle. Für die Weltwirtschaft… [+5812 chars],,de,'Energiepreise'
https://www.faz.net/aktuell/wirtschaft/mehr-wirtschaft/folge-des-iran-kriegs-iwf-rechnet-mit-noch-schwaecherem-wachstum-in-deutschland-201011086.html,https://www.faz.net/aktuell/wirtschaft/mehr-wirtschaft/folge-des-iran-kriegs-iwf-rechnet-mit-noch-schwaecherem-wachstum-in-deutschland-201011086.html,0,www.faz.net,Folgen des Irankrieges: IWF rechnet mit noch schwächerem Wachstum in Deutschland,Die Blockade der Straße von Hormus führt zu hohen Spritpreisen und steigender Inflation. Der Internationale Währungsfonds senkt deswegen erneut seine Erwartungen für Deutschland.,https://media0.faz.net/image/w1200h627/d1ebbd072190/w4252h2221x0y307o/202606/43601.0.2219321671/durchlebt-schwere-zeiten-die.webp,2026-07-08T13:59:41Z,,Angesichts der Folgen des Irankrieges senkt der Internationale Währungsfonds (IWF) erneut seine Wachstumsprognosen für die deutsche Wirtschaft. Bis einschließlich 2027 dürfte sich die Bundesrepublik … [+5631 chars],,de,'Energiepreise'
https://www.zeit.de/news/2026-07/08/keeper-nuebel-verlaesst-den-fc-bayern-und-wechselt-zu-besiktas,https://www.zeit.de/news/2026-07/08/keeper-nuebel-verlaesst-den-fc-bayern-und-wechselt-zu-besiktas,0,www.zeit.de,Transfer: Keeper Nübel verlässt den FC Bayern und wechselt zu Besiktas,Hier finden Sie Informationen zu dem Thema „Transfer“. Lesen Sie jetzt „Keeper Nübel verlässt den FC Bayern und wechselt zu Besiktas“.,https://img.zeit.de/news/2026-07/08/keeper-nuebel-verlaesst-den-fc-bayern-und-wechselt-zu-besiktas-image-group/wide__1300x731,2026-07-08T17:24:21Z,,Der Wechsel von Torhüter Alexander Nübel vom FC Bayern München zu Besiktas Istanbul ist perfekt. Der deutsche Fußball-Rekordmeister und der Traditionsclub aus der türkischen Süper Lig einigten sich a… [+1344 chars],,de,'Bayern'
https://www.faz.net/aktuell/politik/ukraine/versteckt-putin-seine-yacht-graceful-vor-selenskyjs-drohnen-201009528.html,https://www.faz.net/aktuell/politik/ukraine/versteckt-putin-seine-yacht-graceful-vor-selenskyjs-drohnen-201009528.html,0,www.faz.net,Im hohen Norden: Versteckt Putin seine Yacht vor Selenskyjs Drohnen?,"Die Luxusyacht „Graceful“, die Putin zugeschrieben wird, liegt nun bei Murmansk. Sicher vor ukrainischen Angriffen ist sie dort aber nicht, sagen Fachleute.",https://media0.faz.net/image/w1200h627/fda4f4b1bcc7/w3337h1743x244y161o/202203/43600.0.803919861/inklusive-salz-und.webp,2026-07-08T17:24:39Z,,"Die russische Luxusyacht Graceful, die Wladimir Putin zugerechnet wird, liegt mittlerweile in einem Hafen im Gebiet Murmansk. Das berichtet das dänische Fernsehen unter Berufung auf Satellitenfotos. … [+5925 chars]",,de,'Putin'
https://www.zeit.de/politik/ausland/2026-07/irankrieg-usa-waffenruhe-angriffe-donald-trump,https://www.zeit.de/politik/ausland/2026-07/irankrieg-usa-waffenruhe-angriffe-donald-trump,0,www.zeit.de,Irankrieg: So bleibt Trump nichts anderes als Krieg,"Wenn USA und Iran ihren vermeintlichen Frieden nun wieder aufgeben, wird vor allem eines sichtbar: Das Regime in Teheran ist eine Gefahr, mit der nicht zu verhandeln ist.",https://img.zeit.de/politik/ausland/2026-07/irankrieg-usa-waffenruhe-angriffe-donald-trump-bild/wide__1300x731,2026-07-08T17:35:25Z,,"Ob der Krieg zwischen den USA und dem Iran in den kommenden Tagen wirklich ernsthaft wieder aufflammen wird, lässt sich noch nicht sagen. Donald Trump hat nach dem jüngsten Schlagabtausch der beiden … [+345 chars]",,de,'Krieg'
https://www.diepresse.com/35874459/die-weltwirtschaft-trotzt-dem-irankrieg-inflation-bleibt-aber-ein,https://www.diepresse.com/35874459/die-weltwirtschaft-trotzt-dem-irankrieg-inflation-bleibt-aber-ein,0,www.diepresse.com,"Die Weltwirtschaft trotzt dem Irankrieg, Inflation bleibt aber ein Risiko [premium]","Während der Irankrieg bremst, schiebt der KI-Boom die Weltkonjunktur an. Der Internationale Währungsfonds schaut vorsichtig optimistisch in die Zukunft.",https://img.diepresse.com/public/incoming/daj1nu-iran-crisisshipping/alternates/WEBP_WIDE_1200/IRAN-CRISISSHIPPING,2026-07-08T17:51:44Z,,"Bis jetzt hat die Weltwirtschaft den Irankrieg vergleichsweise gut weggesteckt. Die Auswirkungen etwa auf die Rohstoffpreise und Inflationserwartungen waren bislang relativ begrenzt, schreiben die Ök… [+2959 chars]",,de,'Energiepreise'
https://www.n-tv.de/wirtschaft/Neue-Spannungen-im-Iran-Konflikt-setzen-Wall-Street-zu-id31064933.html,https://www.n-tv.de/wirtschaft/Neue-Spannungen-im-Iran-Konflikt-setzen-Wall-Street-zu-id31064933.html,0,www.n-tv.de,Kräftiger Anstieg beim Ölpreis: Neue Spannungen im Iran-Konflikt setzen Wall Street zu,"Die US-Angriffe im Iran verunsichern die Anleger. Der Ölpreis steigt, was Rufe nach weiteren US-Zinserhöhungen lauter werden lässt. Gute Nachrichten liefert der Chiphersteller Broadcom, der einen Milliardendeal mit Apple schließt.",https://www.n-tv.de/img/31064942/1783553728/Img_16_9/1200/Specialist-Charles-Boeddinghaus-right-works-with-traders-on-the-floor-of-the-New-York-Stock-Exchange-Monday-Jan-12-2015-Stocks-are-moving-lower-in-early-trading-led-by-a-decline-in-energy-stocks-as-the-price-of-oil-falls-again.jpg,2026-07-08T21:37:56Z,,"Die Angst vor neuen Lieferunterbrechungen verteuerte das Nordseeöl Brent und das US-Öl WTI am Mittwoch. (Foto: picture alliance / AP Photo)
Die US-Angriffe im Iran verunsichern die Anleger. Der Ölpr… [+3415 chars]",,de,'Energiepreise'
https://www.zeit.de/news/2026-07/09/usa-und-iran-eskalieren-weiter-geht-der-krieg-wieder-los,https://www.zeit.de/news/2026-07/09/usa-und-iran-eskalieren-weiter-geht-der-krieg-wieder-los,0,www.zeit.de,Die Lage im Überblick: USA und Iran eskalieren weiter - Geht der Krieg wieder los?,Hier finden Sie Informationen zu dem Thema „Die Lage im Überblick“. Lesen Sie jetzt „USA und Iran eskalieren weiter - Geht der Krieg wieder los?“.,https://img.zeit.de/news/2026-07/09/usa-und-iran-eskalieren-weiter-geht-der-krieg-wieder-los-image-group/wide__1300x731,2026-07-09T03:55:54Z,,Die USA haben im Streit mit dem Iran um die Straße von Hormus in zweiter Nacht in Folge Ziele in der Islamischen Republik bombardiert. Es seien entlang der iranischen Küste rund 90 militärische Ziele… [+6371 chars],,de,'Gas'
https://www.zeit.de/politik/2026-07/neue-gaskraftwerke-gesetz-katherina-reiche-klimapolitik-nachrichtenpodcast,https://www.zeit.de/politik/2026-07/neue-gaskraftwerke-gesetz-katherina-reiche-klimapolitik-nachrichtenpodcast,0,www.zeit.de,Neue Gaskraftwerke: Torpediert Katherina Reiche den Klimaschutz?,Der Bundestag will den Bau neuer Gaskraftwerke erlauben – ein Rückschritt beim Klimaschutz? Und: Der Kampf um die Deutungshoheit über Angriffe auf Reporter in Erfurt,https://img.zeit.de/politik/2026-07/neue-gaskraftwerke-gesetz-katharina-reiche/wide__1300x731,2026-07-09T04:32:57Z,,"Der Bundestag will an diesem Donnerstag ein Gesetz zum Bau neuer Gaskraftwerke
in Deutschland beschließen. Die schwarz-rote Koalition will damit nach eigenen Angaben die Stromversorgung
Deutschland… [+1815 chars]",,de,'Gas'
https://www.zeit.de/politik/ausland/2026-07/krieg-sudan-el-obeid-drohnen-5vor8,https://www.zeit.de/politik/ausland/2026-07/krieg-sudan-el-obeid-drohnen-5vor8,0,www.zeit.de,"Krieg im Sudan: Kein Grund, den Krieg zu beenden","Der Zermürbungskrieg um El Obeid im Sudan kann noch Monate dauern. Eigentlich genug Zeit, um das Schlimmste zu verhindern. Doch der Rest der Welt hat andere Interessen.",https://img.zeit.de/politik/ausland/2026-07/2279489565-bild/wide__1300x731,2026-07-09T05:53:37Z,,"Inhalt
Auf einer Seite lesen
 Inhalt
<ol><li>Seite 1Kein Grund, den Krieg zu beenden
</li><li>Seite 2Kollateralschaden der neuen geostrategischen Umbrüche</li></ol>
Sunflower 200. Der Name würde… [+4567 chars]",,de,'Krieg'
https://www.tagesspiegel.de/wirtschaft/welthandel-trotz-iran-kriegs-exporte-wachsen-vierten-monat-in-folge-15821487.html,https://www.tagesspiegel.de/wirtschaft/welthandel-trotz-iran-kriegs-exporte-wachsen-vierten-monat-in-folge-15821487.html,0,www.tagesspiegel.de,Welthandel: Trotz Iran-Kriegs: Exporte wachsen vierten Monat in Folge,Lichtblick für die deutsche Wirtschaft: Die deutschen Exporte legen im Mai erneut zu – vor allem dank eines starken US-Geschäfts. Zum Risiko könnte allerdings der neu aufgeflammte Iran-Krieg werden.,https://www.tagesspiegel.de/images/15821750/alternates/BASE_16_9_W1400/1783581404000/export-container.jpeg,2026-07-09T06:44:24Z,,Trotz Belastungen durch den Iran-Krieg sind die deutschen Exporte im Mai den vierten Monat in Folge gestiegen. Dank eines starken Geschäfts mit den USA wuchsen die Ausfuhren kalender- und saisonberei… [+2875 chars],,de,'Energiepreise'
https://www.zeit.de/news/2026-07/09/28-badetote-bisher-in-bayern-kraefte-nicht-ueberschaetzen,https://www.zeit.de/news/2026-07/09/28-badetote-bisher-in-bayern-kraefte-nicht-ueberschaetzen,0,www.zeit.de,Hitzewelle: 28 Badetote bisher in Bayern - «Kräfte nicht überschätzen»,Hier finden Sie Informationen zu dem Thema „Hitzewelle“. Lesen Sie jetzt „28 Badetote bisher in Bayern - «Kräfte nicht überschätzen»“.,https://img.zeit.de/news/2026-07/09/28-badetote-bisher-in-bayern-kraefte-nicht-ueberschaetzen-image-group/wide__1300x731,2026-07-09T07:09:03Z,,28 Menschen sind nach Angaben der Wasserwacht in Bayern seit Anfang Mai beim Baden ertrunken. Allein im heißen Juni waren es demnach 21 - und die nächste Hitzeperiode steht bevor. Deshalb appellieren… [+622 chars],,de,'Bayern'
https://www.golem.de/sonstiges/zustimmung/auswahl.html?from=https://www.golem.de/news/gleichmaessige-stromproduktion-alpiner-solarstrom-fliesst-auch-im-winter-2607-210678.html&referer=https://t.co/c82ab6944b,https://www.golem.de/sonstiges/zustimmung/auswahl.html?from=https://www.golem.de/news/gleichmaessige-stromproduktion-alpiner-solarstrom-fliesst-auch-im-winter-2607-210678.html&referer=https://t.co/c82ab6944b,0,www.golem.de,Gleichmäßige Stromproduktion: Alpiner Solarstrom fließt auch im Winter,"Eine Solaranlage auf 2.500 m Höhe liefert ganzjährig gleichmäßigen Strom. Gleichzeitig liegt ihr Ertrag 50 Prozent höher als der Durchschnitt. (Solarenergie, Energiewende)",,2026-07-09T07:45:02Z,,"Besuchen Sie Golem.de wie gewohnt mit Werbung und Tracking,
 indem Sie der Nutzung aller Cookies zustimmen.
 Details zum Tracking finden Sie im Privacy Center.
Skript wurde nicht geladen. Informat… [+607 chars]",,de,'Winter'
https://www.zeit.de/news/2026-07/09/tausende-bayern-liessen-geschlechtseintrag-aendern,https://www.zeit.de/news/2026-07/09/tausende-bayern-liessen-geschlechtseintrag-aendern,0,www.zeit.de,Gesellschaft: Tausende Bayern ließen Geschlechtseintrag ändern,Hier finden Sie Informationen zu dem Thema „Gesellschaft“. Lesen Sie jetzt „Tausende Bayern ließen Geschlechtseintrag ändern“.,https://img.zeit.de/news/2026-07/09/tausende-bayern-liessen-geschlechtseintrag-aendern-image-group/wide__1300x731,2026-07-09T08:20:29Z,,Seit Inkrafttreten des Selbstbestimmungsgesetzes vor rund anderthalb Jahren haben mehr als 3.500 Menschen in Bayern ihren Geschlechtseintrag ändern lassen. Wie das Bayerische Landesamt für Statistik … [+1659 chars],,de,'Bayern'
https://www.faz.net/aktuell/politik/ausland/ukraine-und-polen-im-streit-wladimir-putin-freut-sich-201005508.html,https://www.faz.net/aktuell/politik/ausland/ukraine-und-polen-im-streit-wladimir-putin-freut-sich-201005508.html,0,www.faz.net,"Geschichtsstreit: Wenn diese zwei sich streiten, freut sich Putin","Warschau und Kiew sind aufeinander angewiesen, zanken sich nun aber über ihre schwierige Vergangenheit. Den Schaden hat ganz Europa.",https://media0.faz.net/image/w1200h627/66b42a07570d/w2550h1332x0y94o/202512/43601.0.1596579685/wolodymyr-selenskyj-und-karol.webp,2026-07-09T08:25:07Z,,"Wer der Politik Polens folgt, gewinnt den Eindruck, dass die Ukraine heute der Hauptfeind Warschaus sei. Nahezu täglich erheben die nationalkonservative PiS und rechtsradikale Parteien Forderungen, K… [+4568 chars]",,de,'Putin'
https://www.zeit.de/news/2026-07/09/bayern-basketballer-verpflichten-us-center,https://www.zeit.de/news/2026-07/09/bayern-basketballer-verpflichten-us-center,0,www.zeit.de,Wiley kommt aus Israel: Bayern-Basketballer verpflichten US-Center,Hier finden Sie Informationen zu dem Thema „Wiley kommt aus Israel“. Lesen Sie jetzt „Bayern-Basketballer verpflichten US-Center“.,https://img.zeit.de/news/2026-07/09/bayern-basketballer-verpflichten-us-center-image-group/wide__1300x731,2026-07-09T08:39:37Z,,"Die Basketballer des FC Bayern arbeiten weiter an ihrem Kader für die kommende Saison. Wie die Münchner mitteilten, kommt der US-Center Austin Wiley von Hapoel Jerusalem. Der 27-Jährige unterschrieb … [+1046 chars]",,de,'Bayern'
https://www.tagesschau.de/wirtschaft/konjunktur/exporte-handel-mai-100.html,https://www.tagesschau.de/wirtschaft/konjunktur/exporte-handel-mai-100.html,0,www.tagesschau.de,Trotz Iran-Kriegs: Exporte wachsen vierten Monat in Folge,Nach den Einzelhandelsumsätzen und Industrieaufträgen haben auch die deutschen Exporte im Mai erneut zugelegt - vor allem in die USA. Ökonomen schöpfen wieder Hoffnung für die schwächelnde Wirtschaft.,https://images.tagesschau.de/image/29940e74-6db5-46ab-a2df-ce4c03c45c8c/AAABn0XRzuU/AAABnSSvrFg/16x9-big/konjunktur-360.jpg?width=1280,2026-07-09T09:21:56Z,,"Stand: 09.07.2026 11:21 Uhr
Nach den Einzelhandelsumsätzen und Industrieaufträgen haben auch die deutschen Exporte im Mai erneut zugelegt - vor allem in die USA. Ökonomen schöpfen wieder Hoffnung fü… [+3974 chars]",,de,'Krieg'
https://www.diepresse.com/36057367/scharfe-revolver-von-erdogan-es-gibt-viele-seltsame-staatsgeschenke,https://www.diepresse.com/36057367/scharfe-revolver-von-erdogan-es-gibt-viele-seltsame-staatsgeschenke,0,www.diepresse.com,Scharfe Revolver von Erdoğan? Es gibt viele seltsame Staatsgeschenke [premium],"Elefanten als „Kriegsgerät“, verspeiste Kamele und Kettensägen: Das Präsent des türkischen Präsidenten zum Abschied an seine Nato-Gäste ist nicht das erste, das die Beschenkten in Verlegenheit bringt.",https://img.diepresse.com/public/incoming/ivvnkc-nato-summitrevolvers/alternates/WEBP_WIDE_1200/NATO-SUMMITREVOLVERS,2026-07-09T13:39:54Z,,"Die Frage nach dem passenden Geschenk ist eine Aufgabe, an der man spektakulär scheitern kann. Nun weiß man zwar nicht, wer den Vorschlag im Falle der Türkei machte und ob es vielleicht nur als Scher… [+2719 chars]",,de,'Winter'
https://www.diepresse.com/36204299/energieexperte-benigni-prognostiziert-die-usa-werden-gas-von-russland,https://www.diepresse.com/36204299/energieexperte-benigni-prognostiziert-die-usa-werden-gas-von-russland,0,www.diepresse.com,Energieexperte Benigni prognostiziert: „Die USA werden Gas von Russland kaufen und uns weiterverkaufen“,"Europas Verzicht auf Russengas hat die globale Nachfrage nach Kohle auf Rekordniveaus getrieben. Und der Iran-Krieg hat den Gasmarkt weiter verengt. Dass die USA bald Gas in Russland für Europa kaufen dürften, hat laut Gasexperte Johannes Benigni aber einen a…",https://img.diepresse.com/public/incoming/xo7tn0-imago-images-149635605/alternates/WEBP_WIDE_1200/imago%20images%20149635605,2026-07-09T14:18:10Z,,"Die Presse auf Google als bevorzugte Nachrichtenquelle hinzufügen.
 Zeitgleich zwei Kriege in rohstoffreichen Ländern sind zu viel für eine Welt, die immer mehr Energie braucht. Die Folge sind schwe… [+2061 chars]",,de,'Winter'
https://www.welt.de/politik/deutschland/plus6a4f57b1fe4170d03593b007/tomahawk-deal-mit-den-usa-deutschlands-strategischer-coup-gegen-putin.html,https://www.welt.de/politik/deutschland/plus6a4f57b1fe4170d03593b007/tomahawk-deal-mit-den-usa-deutschlands-strategischer-coup-gegen-putin.html,0,www.welt.de,Deutschlands strategischer Coup gegen Putin,"Mit dem Kauf amerikanischer Tomahawk-Marschflugkörper sendet die Bundesregierung eine klare Botschaft an das russische Regime: Im Ernstfall hätte Deutschland die Mittel, Schläge ins Herz des Putin-Imperiums vorzunehmen.",https://images.welt.de/6a4f57b1fe4170d03593b007/cf196e7dbd2ca31b657645796bacda4b/ci16x9-w1200/afp-20260228-99dx4x8-v2-highres-topshotusisraeliranconflict-jpg,2026-07-09T15:15:59Z,,"Mit dem Kauf amerikanischer Tomahawk-Marschflugkörper sendet die Bundesregierung eine klare Botschaft an das russische Regime: Im Ernstfall hätte Deutschland die Mittel, Schläge ins Herz des Putin-Im… [+19 chars]",,de,'Putin'
https://www.morgenpost.de/politik/article412494771/ukraine-krieg-heftiger-als-stalingrad-opferzahlen-uebersteigen-historische-marke.html,https://www.morgenpost.de/politik/article412494771/ukraine-krieg-heftiger-als-stalingrad-opferzahlen-uebersteigen-historische-marke.html,0,www.morgenpost.de,Ukraine-Krieg heftiger als Stalingrad: Opferzahlen übersteigen historische Marke,"Mittlerweile sterben im Ukraine-Krieg achtmal so viele Russen wie Ukrainer. Eine Studie zeigt, warum die Zahlen auf russischer Seite so hoch sind.",https://img.sparknews.funkemedien.de/412517890/412517890_1783611962_v16_9_1600.jpeg,2026-07-09T15:46:24Z,,Stalingrad gilt als eine der brutalsten Schlachten der Geschichte. Der Kampf zwischen der deutschen Wehrmacht und der Roten Armee der Sowjetunion im Winter 1942/43 gilt als Wendepunkt im Zweiten Welt… [+4389 chars],,de,'Krieg'
https://www.dw.com/de/aufruestung-in-europa-wege-aus-der-abhaengigkeit-von-den-usa-patriot-tomahawk-starlink-f-35/a-77890249,https://www.dw.com/de/aufruestung-in-europa-wege-aus-der-abhaengigkeit-von-den-usa-patriot-tomahawk-starlink-f-35/a-77890249,0,www.dw.com,Aufrüstung in Europa: Wege aus der Abhängigkeit von den USA,"Patriot, Tomahawk, Starlink, F-35: Europas Sicherheit hängt noch immer stark an der US-Technologie. Mit neuen Rüstungsprogrammen versucht der Kontinent, strategisch unabhängiger zu werden. Doch der Weg dorthin ist lang. Europa ist für seine Aufrüstung weiterh…",https://static.dw.com/image/77448628_6.jpg,2026-07-09T15:49:00Z,,"Europa ist für seine Aufrüstung weiterhin auf US-Waffen angewiesen. Das hat der NATO-Gipfel in Ankara gezeigt, zu dem auch ein hochrangiges Forum der Rüstungsindustrie, der Defence Industry gehörte. … [+8220 chars]",,de,'Abhängigkeit'
https://www.morgenpost.de/politik/article412533446/bundesregierung-will-neue-gaskraftwerke-bauen-wird-der-strom-jetzt-teurer.html,https://www.morgenpost.de/politik/article412533446/bundesregierung-will-neue-gaskraftwerke-bauen-wird-der-strom-jetzt-teurer.html,0,www.morgenpost.de,Bundesregierung will neue Gaskraftwerke bauen: Wird der Strom jetzt teurer?,"Die Regierung will Kapazitäten für Dunkelflauten aufbauen. Damit die Kraftwerke rentabel sind, braucht es Geld. Doch wer zahlt?",https://img.sparknews.funkemedien.de/412533582/412533582_1783613567_v16_9_1600.jpeg,2026-07-09T16:12:47Z,,Noch in diesem Jahr soll der Bau neuer Gaskraftwerke in Deutschland in die Wege geleitet werden. Der Bundestag stimmte am Donnerstag für das sogenannte Strom-Versorgungssicherheits- und Kapazitätsges… [+3449 chars],,de,'Gas'
https://www.freitag.de/autoren/lutz-herden/wer-mit-wladimir-putin-verhandeln-will-sollte-ihn-nicht-vorfuehren-wollen,https://www.freitag.de/autoren/lutz-herden/wer-mit-wladimir-putin-verhandeln-will-sollte-ihn-nicht-vorfuehren-wollen,0,www.freitag.de,"Wer mit Wladimir Putin verhandeln will, sollte ihn nicht vorführen wollen","Objektiv verschlechtert sich eine „europäische Verhandlungsposition“, wenn Russland die Angriffe auf sein Territorium als Beweis für erhebliche Sicherheitsrisiken deutet und Sicherheitsgarantien verlangt Von Wladimir Putin wird erwartet, dass er sich vorführe…",https://www.freitag.de/autoren/lutz-herden/wer-mit-wladimir-putin-verhandeln-will-sollte-ihn-nicht-vorfuehren-wollen/@@images/image/great,2026-07-09T16:25:00Z,,"Von Wladimir Putin wird erwartet, dass er sich vorführen lässt. Das ist verknappt die schlichte Weisheit, tatsächlich das Kalkül von Wolodymyr Selenskyj oder Friedrich Merz und ihrer Friedenssuche in… [+4700 chars]",,de,'Putin'
https://www.zeit.de/politik/ausland/2026-07/strasse-von-hormus-iran-usa-golfstaaten-konflikt,https://www.zeit.de/politik/ausland/2026-07/strasse-von-hormus-iran-usa-golfstaaten-konflikt,0,www.zeit.de,Straße von Hormus: Eine militärische Lösung gibt es nicht,"Die USA und der Iran führen derzeit Krieg und Verhandlungen zugleich. Was wie ein Widerspruch klingt, ist das neue Normal, mit dem sich die Welt arrangieren muss.",https://img.zeit.de/politik/ausland/2026-07/strasse-von-hormus-iran-usa-golfstaaten-konflikt-bild/wide__1300x731,2026-07-09T16:36:18Z,,"Wie soll man diese erneute Eskalation verstehen? Seit Tagen greift der Iran Tanker in der Meerenge von Hormus an, dazu US-Militärbasen am Golf. Die Amerikaner bombardieren im Gegenzug zahlreiche Ziel… [+631 chars]",,de,'Krieg'
https://www.welt.de/videos/video6a4fcbf1fe4170d03593bec5/meine-welt-meine-meinung-es-waere-doch-undenkbar-im-winter-die-leute-bei-acht-grad-irgendwo-liegen-zu-haben.html,https://www.welt.de/videos/video6a4fcbf1fe4170d03593bec5/meine-welt-meine-meinung-es-waere-doch-undenkbar-im-winter-die-leute-bei-acht-grad-irgendwo-liegen-zu-haben.html,0,www.welt.de,"„Es wäre doch undenkbar, im Winter die Leute bei acht Grad irgendwo liegen zu haben“","In vielen Teilen Deutschlands kehrt in den kommenden Tagen die Hitze zurück. „Wir müssen flächendeckend Klimaanlagen in die Pflegeheime und Krankenhäuser bringen“, fordert „Bild“-Politikredakteur Sebastian Geisler.",https://images.welt.de/6a4fcbf1fe4170d03593bec5/2945de806ec5689d410347f60bece85a/ci16x9-w1200/geisler-png,2026-07-09T16:40:44Z,,"In vielen Teilen Deutschlands kehrt in den kommenden Tagen die Hitze zurück. Wir müssen flächendeckend Klimaanlagen in die Pflegeheime und Krankenhäuser bringen, fordert Bild-Politikredakteur Sebasti… [+70 chars]",,de,'Winter'
https://www.faz.net/aktuell/politik/ukraine/berlin-kauft-tomahawk-marschflugkoerper-um-putin-abzuschrecken-201014594.html,https://www.faz.net/aktuell/politik/ukraine/berlin-kauft-tomahawk-marschflugkoerper-um-putin-abzuschrecken-201014594.html,0,www.faz.net,Berlin kauft Tomahawk: Um Putin von einem Angriff abzuschrecken,"Im Kriegsfall muss man nicht nur angreifende Drohnen, Raketen und Panzerspitzen bekämpfen können. Sondern auch Startplätze, Kommandozentralen und Nachschubwege.",https://media0.faz.net/image/w1200h627/1831a7d53da9/w2100h1097x0y42o/202510/43601.0.1358811442/ein-amerikanisches.webp,2026-07-09T17:43:21Z,,"Die NATO sei stärker als je zuvor, behauptet deren Generalsekretär Rutte aus naheliegenden Gründen. Auch der deutsche Verteidigungsminister Pistorius spricht von der stärksten NATO ever.
Tatsächlich… [+1946 chars]",,de,'Krieg'
https://www.zeit.de/news/2026-07/10/irans-oberster-fuehrer-chamenei-beerdigt,https://www.zeit.de/news/2026-07/10/irans-oberster-fuehrer-chamenei-beerdigt,0,www.zeit.de,Iran-Krieg: Irans oberster Führer Chamenei beerdigt,Hier finden Sie Informationen zu dem Thema „Iran-Krieg“. Lesen Sie jetzt „Irans oberster Führer Chamenei beerdigt“.,https://img.zeit.de/news/2026-07/10/irans-oberster-fuehrer-chamenei-beerdigt-image-group/wide__1300x731,2026-07-09T22:15:53Z,,Mehr als vier Monate nach seiner Tötung ist Irans früherer oberster Führer Ajatollah Ali Chamenei beerdigt worden. Die Bestattung erfolgte im Imam-Resa-Schrein seiner Heimatstadt Maschhad im Nordoste… [+1811 chars],,de,'Krieg'
https://www.zeit.de/news/2026-07/10/abstimmung-im-bundestag-was-sich-beim-heizen-jetzt-aendert,https://www.zeit.de/news/2026-07/10/abstimmung-im-bundestag-was-sich-beim-heizen-jetzt-aendert,0,www.zeit.de,Heizungsgesetz: Abstimmung im Bundestag: Was sich beim Heizen jetzt ändert,Hier finden Sie Informationen zu dem Thema „Heizungsgesetz“. Lesen Sie jetzt „Abstimmung im Bundestag: Was sich beim Heizen jetzt ändert“.,https://img.zeit.de/news/2026-07/10/abstimmung-im-bundestag-was-sich-beim-heizen-jetzt-aendert-image-group/wide__1300x731,2026-07-10T02:30:06Z,,Das «Heizungsgesetz» der früheren Ampel-Regierung ist bald Geschichte. Der Bundestag soll heute über das neue Gebäudemodernisierungsgesetz abstimmen. Damit sollen zentrale Regelungen des bestehenden … [+5611 chars],,de,'Heizen'
https://www.nzz.ch/pro/nato-gipfel-in-ankara-das-buendnis-wird-europaeischer-was-heisst-das-fuer-putin-ld.10014842,https://www.nzz.ch/pro/nato-gipfel-in-ankara-das-buendnis-wird-europaeischer-was-heisst-das-fuer-putin-ld.10014842,0,www.nzz.ch,"Gefährlicher Übergang: Die Nato wird europäischer, das könnte von Moskau als Schwäche ausgelegt werden",Der Nato-Gipfel in Ankara ist harmonischer verlaufen als erwartet. Wladimir Putin wird ihn genau beobachtet haben.,"https://img-msp-prod.nzz.ch/2026/07/09/da18f744-ec66-4714-b046-90b8828acf63.jpg?width=1200&height=675&fit=bounds&quality=75&auto=webp&crop=4103,2308,x0,y214&wmark=nzz",2026-07-10T03:30:00Z,,"Der Nato-Gipfel in Ankara ist harmonischer verlaufen als erwartet. Wladimir Putin wird ihn genau beobachtet haben.
Kommentieren
Zusammenfassung
Donald Trump geht von der Bühne. Die USA ziehen sich… [+7092 chars]",,de,'Putin'
https://www.nzz.ch/wirtschaft/china-produziert-waren-und-muss-die-abnehmer-im-ausland-suchen-dem-land-droht-ein-rueckfall-in-die-deflation-ld.10014784,https://www.nzz.ch/wirtschaft/china-produziert-waren-und-muss-die-abnehmer-im-ausland-suchen-dem-land-droht-ein-rueckfall-in-die-deflation-ld.10014784,0,www.nzz.ch,"China produziert Waren, die in China immer weniger Absatz finden. Dem Land droht ein Rückfall in die Deflation","Neue Inflationsdaten deuten darauf hin, dass sich Chinas Hersteller nicht aus der negativen Preisspirale befreien können. Das dürfte sich auch auf die nationalen Wachstumszahlen auswirken.","https://img-msp-prod.nzz.ch/2026/07/09/e6d2deda-ce53-4cdf-bb9b-d4cc4907ab65.jpg?width=1200&height=675&fit=bounds&quality=75&auto=webp&crop=4800,2700,x0,y167&wmark=nzz",2026-07-10T03:30:00Z,,"Neue Inflationsdaten deuten darauf hin, dass sich Chinas Hersteller nicht aus der negativen Preisspirale befreien können. Das dürfte sich auch auf die nationalen Wachstumszahlen auswirken.
10.07.202… [+4592 chars]",,de,'Inflation'
https://www.zeit.de/news/2026-07/10/bayern-ruestet-sich-fuer-ein-heisses-wochenende,https://www.zeit.de/news/2026-07/10/bayern-ruestet-sich-fuer-ein-heisses-wochenende,0,www.zeit.de,Wetteraussichten: Bayern rüstet sich für ein heißes Wochenende,Hier finden Sie Informationen zu dem Thema „Wetteraussichten“. Lesen Sie jetzt „Bayern rüstet sich für ein heißes Wochenende“.,https://img.zeit.de/news/2026-07/10/bayern-ruestet-sich-fuer-ein-heisses-wochenende-image-group/wide__1300x731,2026-07-10T03:46:29Z,,Die Werte erreichen zwar vorerst nicht die Rekordtemperaturen der vergangenen Hitzewelle - dennoch wird es sehr warm in Bayern: Am Wochenende sind in Südbayern nach Angaben des Deutschen Wetterdienst… [+501 chars],,de,'Bayern'
https://www.welt.de/politik/deutschland/article6a506fbcbb0cf80de56a4298/afd-einfach-mal-ein-verfahren-machen-spahn-schlaegt-wahlrechtsentzug-fuer-hoecke-vor.html,https://www.welt.de/politik/deutschland/article6a506fbcbb0cf80de56a4298/afd-einfach-mal-ein-verfahren-machen-spahn-schlaegt-wahlrechtsentzug-fuer-hoecke-vor.html,0,www.welt.de,„Einfach mal ein Verfahren machen“ – Spahn schlägt Wahlrechtsentzug für Höcke vor,"Der Unionsfraktionschef will prüfen, „ob man jemandem extrem Rechtem wie ihm seine aktiven und passiven Wahlrechte abnehmen kann“. Zuletzt hatten Vertreter der CSU in Bayern Offenheit für ein Teil-Verbotsverfahren signalisiert.",https://images.welt.de/6a506fbcbb0cf80de56a4298/24128e1fbea8f15275b2c181f74eb033/ci16x9-w1200/600016820-jpg,2026-07-10T04:21:12Z,,"Unionsfraktionschef Jens Spahn bringt einen Entzug des passiven Wahlrechts von Thüringens AfD-Chef Björn Höcke ins Spiel. Alle reden ja immer über Verbotsverfahren. Wie wärs denn, wenn wir einfach ma… [+1344 chars]",,de,'Bayern'
https://www.morgenpost.de/politik/article412317251/ukraine-news-krieg-aktuell-russland-putin-tschechien.html,https://www.morgenpost.de/politik/article412317251/ukraine-news-krieg-aktuell-russland-putin-tschechien.html,0,www.morgenpost.de,Tschechien warnt die Ukraine vor Putin – und nennt Datum für mögliche Eskalation,Droht der Krieg in der Ukraine eine neue Stufe der Eskalation zu erreichen? Davor warnt nun der tschechische Präsident Petr Pavel. News im Blog.,https://img.sparknews.funkemedien.de/412535614/412535614_1783658326_v16_9_1600.jpeg,2026-07-10T04:38:47Z,,"Während Kremlchef Wladimir Putin die Treibstoffkrise in Russland als vorübergehend einstuft, hat die Regierung in Moskau den Export von Diesel gestoppt und mit der Einfuhr von Kraftstoffen begonnen. … [+2266 chars]",,de,'Krieg'
https://www.welt.de/sport/fussball/wm/article6a4f951943b7fd5185003bbc/wm-2026-nach-trump-feldversuch-schlaegt-die-stunde-des-dalai-lama-und-wladimir-putin.html,https://www.welt.de/sport/fussball/wm/article6a4f951943b7fd5185003bbc/wm-2026-nach-trump-feldversuch-schlaegt-die-stunde-des-dalai-lama-und-wladimir-putin.html,0,www.welt.de,Nach Feldversuch mit Trump schlägt nun die Stunde des Dalai Lama und Wladimir Putin,"Die Aufregung war groß, als Donald Trump dafür sorgte, dass die Sperre von US-Stürmer Balogun zur Bewährung ausgesetzt wurde. Was die Öffentlichkeit aber nicht wusste: Dies war nur die Vorstufe zu einer umfassenden Reform.",https://images.welt.de/6a4f951943b7fd5185003bbc/093ed1159075af8186e54d2e76ae3e4e/ci16x9-w1200/gettyimages-2263074475-jpg,2026-07-10T05:16:56Z,,"Die Aufregung war groß, als Donald Trump dafür sorgte, dass die Sperre von US-Stürmer Balogun zur Bewährung ausgesetzt wurde. Was die Öffentlichkeit aber nicht wusste: Dies war nur die Vorstufe zu ei… [+3047 chars]",,de,'Putin'
https://www.focus.de/immobilien/wohnen/gaslage-schlimmer-als-oelpreise-das-kommt-auf-verbraucher-zu_b5b8e425-eb95-47db-839a-76ba7a1b5452.html,https://www.focus.de/immobilien/wohnen/gaslage-schlimmer-als-oelpreise-das-kommt-auf-verbraucher-zu_b5b8e425-eb95-47db-839a-76ba7a1b5452.html,0,www.focus.de,Gaslage schlimmer als Ölpreise: Das kommt auf Verbraucher zu,"Seit der Iran die Straße von Hormus wieder blockiert, steigen die Gaspreise stärker als die Ölpreise. Für Verbraucher könnte das ein Problem werden.","https://quadro.burda-forward.de/ctf/15b1743d-a334-4b16-8012-2a383d3ad7e3.a5c2761d-4718-4bf5-bc27-f14436c32dd8.jpg?im=RegionOfInterestCrop=(1200,630),regionOfInterest=(2056,1911)&hash=15212de0f2922121dd0033912fca1760b2fcf39387f1f1269e390abed2c31581",2026-07-10T05:43:00Z,,Um rund 20 Prozent sind die europäischen Gaspreise am niederländischen Handelspunkt TTF seit Ende Juni gestiegen. Allein in den vergangenen Tagen schossen sie um fünf Euro pro Megawattstunde nach obe… [+4032 chars],,de,'Öl'
https://www.zeit.de/news/2026-07/10/soeder-bayern-stimmt-gesundheitsreform,https://www.zeit.de/news/2026-07/10/soeder-bayern-stimmt-gesundheitsreform,0,www.zeit.de,Wie entscheidet der Bundesrat?: Söder: Bayern stimmt Gesundheitsreform zu,Hier finden Sie Informationen zu dem Thema „Wie entscheidet der Bundesrat?“. Lesen Sie jetzt „Söder: Bayern stimmt Gesundheitsreform zu“.,https://img.zeit.de/news/2026-07/10/soeder-bayern-stimmt-gesundheitsreform-image-group/wide__1300x731,2026-07-10T05:53:29Z,,"Bayerns Ministerpräsident Markus Söder (CSU) hat die Zustimmung des Freistaats im Bundesrat zur Gesundheitsreform der Bundesregierung angekündigt. Er werde «schweren Herzens» zustimmen, sagte Söder i… [+1179 chars]",,de,'Bayern'
https://www.welt.de/politik/ausland/article6a507e78bb0cf80de56a4316/ukraine-krieg-tschechischer-praesident-warnt-vor-eskalation-durch-putin-und-nennt-wichtiges-datum.html,https://www.welt.de/politik/ausland/article6a507e78bb0cf80de56a4316/ukraine-krieg-tschechischer-praesident-warnt-vor-eskalation-durch-putin-und-nennt-wichtiges-datum.html,0,www.welt.de,Tschechischer Präsident warnt vor Eskalation durch Putin – und nennt wichtiges Datum,"Nach den Wahlen im September könnte Putin den Ukraine-Krieg verschärfen und zur Generalmobilmachung aufrufen, warnt Tschechiens Präsident Petr Pavel. Er fordert maximalen Druck auf Moskau.",https://images.welt.de/6a507e78bb0cf80de56a4316/adbc5ef1ba4df16c81fbe0027b1b4a28-master/ci16x9-w1200/2026-06-23t084357z-1182969982-rc2r7ladpkyk-rtrmadp-3-nato-czech-summit-jpg,2026-07-10T06:13:35Z,,"Nach den Wahlen im September könnte Putin den Ukraine-Krieg verschärfen und zur Generalmobilmachung aufrufen, warnt Tschechiens Präsident Petr Pavel. Er fordert maximalen Druck auf Moskau.Tschechiens… [+2935 chars]",,de,'Krieg'
https://www.zeit.de/wirtschaft/2026-07/inflation-deutschland-juni-2026-inflationsrate-tankrabatt-gxe,https://www.zeit.de/wirtschaft/2026-07/inflation-deutschland-juni-2026-inflationsrate-tankrabatt-gxe,0,www.zeit.de,Statistisches Bundesamt: Tankrabatt ließ Inflationsrate im Juni sinken,Die Teuerung in Deutschland hat sich verlangsamt – auch wegen des inzwischen ausgelaufenen Tankrabatts. Auch wegen des Irankriegs rechnen Experten mit neuen Steigerungen.,https://img.zeit.de/wirtschaft/2026-07/inflation-deutschland-juni-2026-inflationsrate-tankrabatt-foto-1/wide__1300x731,2026-07-10T07:27:55Z,,"Der gesunkene Ölpreis und der Tankrabatt des Bundes haben im Juni die 
Preisentwicklung in Deutschland deutlich gebremst. Die 
Verbraucherpreise stiegen mit 2,3 Prozent im Vergleich zum 
Vorjahres… [+1690 chars]",,de,'Energiepreise'
https://www.faz.net/aktuell/feuilleton/buecher/sachbuch/klaus-schlichte-ueber-geopolitik-wie-putins-weltbild-salonfaehig-wurde-200842657.html,https://www.faz.net/aktuell/feuilleton/buecher/sachbuch/klaus-schlichte-ueber-geopolitik-wie-putins-weltbild-salonfaehig-wurde-200842657.html,0,www.faz.net,„Das Elend der Geopolitik“: Wie Putins Weltbild salonfähig wurde,"Seit dem russischen Angriff auf die Ukraine boomt das Reden über „Einflusssphären“. Der Politikwissenschaftler Klaus Schlichte seziert die Karriere eines Begriffs – und zeigt, warum er mehr verschleiert als erklärt.",https://media0.faz.net/image/w1200h627/4cbef173ad01/w4046h2114x0y81o/202602/43601.0.1742092581/der-russische-praesident.webp,2026-07-10T08:02:17Z,,"Hat Wladimir Putin gesiegt? Fast scheint es so, meint Klaus Schlichte, jedenfalls mit Blick auf Putins neoimperiales Narrativ vom Kampf der Großmächte. Tatsächlich hat das Sprechen über Geopolitik se… [+3947 chars]",,de,'Putin'
https://www.tagesschau.de/wirtschaft/konjunktur/inflation-verbraucherpreise-deutschland-100.html,https://www.tagesschau.de/wirtschaft/konjunktur/inflation-verbraucherpreise-deutschland-100.html,0,www.tagesschau.de,Welche Preise besonders stark steigen und sinken,"Der gesunkene Ölpreis und der Tankrabatt haben die Preisentwicklung zuletzt entscheidend gedämpft. Zudem waren Nahrungsmittel teils deutlich günstiger, während sich einige Dienstleistungen verteuerten.",https://images.tagesschau.de/image/55126ba5-d2d4-4564-a53d-a93bb60a0e3e/AAABn0rKrLQ/AAABnSSvrFg/16x9-big/konsum-272.jpg?width=1280,2026-07-10T09:16:43Z,,"Stand: 10.07.2026 11:16 Uhr
Der gesunkene Ölpreis und der Tankrabatt haben die Preisentwicklung zuletzt entscheidend gedämpft. Zudem waren Nahrungsmittel teils deutlich günstiger, während sich einig… [+3438 chars]",,de,'Inflation'
https://taz.de/Kunst-gegen-Kaelte/!6191101/,https://taz.de/Kunst-gegen-Kaelte/!6191101/,0,taz.de,Kunst gegen Kälte: Wo Schlingensief die Suppe gereicht hat,"Ein paar Stunden im Warmen, dazu ein schräges Konzert: In Hamburg wurde mit einem Buch an die „Mission“ erinnert und ihre ganz eigene Straßensozialarbeit.",https://taz.de/picture/8601788/1200/9042808.jpeg,2026-07-10T11:10:00Z,,"Ein paar Stunden im Warmen, dazu ein schräges Konzert: In Hamburg wurde mit einem Buch an die „Mission“ erinnert und ihre ganz eigene Straßensozialarbeit. mehr...",,de,'Kälte'
https://noe.orf.at/stories/3362105/,https://noe.orf.at/stories/3362105/,0,noe.orf.at,Streit um Windkraft-Vertrag verschärft sich,Die Diskussion über acht geplante Windräder in Traismauer (Bezirk St. Pölten) spitzt sich zu. Am Donnerstag sollten in der Gemeinderatssitzung ein Partnerschaftsvertrag und ein Antrag zur Volksbefragung behandelt werden. Doch die Opposition verließ davor die …,https://ibs.orf.at/noe?image=https%3A%2F%2Foekastatic.orf.at%2Fmims%2F2020%2F17%2F18%2Fcrops%2Fw%3D1200%2Ch%3D627%2Cq%3D75%2F542658_master_184218_evn_wpklaus_rockenbauer.jpg%3Fs%3Dbb336c6a2fb6c34bd88e4379331c99825a3ca47e,2026-07-10T16:25:00Z,,"Durch den Auszug von ÖVP, FPÖ und Freie Bürger Traismauer (fBT) am Donnerstag fehlte im Gemeinderat die nötige Anzahl von zwei Dritteln aller Mitglieder zur Beschlussfassung. Dadurch konnten weder de… [+5074 chars]",,de,'Windräder'
https://www.tagesschau.de/wirtschaft/verbraucher/heizen-gebaeudemodernisierungsgesetz-foerderung-100.html,https://www.tagesschau.de/wirtschaft/verbraucher/heizen-gebaeudemodernisierungsgesetz-foerderung-100.html,0,www.tagesschau.de,Neue Regeln für Wärmepumpe und Gas: Was sich beim Heizen ändert,Der Einbau einer Erdgas-Heizung in Neubauten ist künftig wieder möglich - wobei Experten vor den Kosten warnen. Und der Staat zahlt weniger Förderung für den Umstieg auf Wärmepumpen. Ein Überblick.,https://images.tagesschau.de/image/2cdfe5bc-c7ce-4c52-9335-c89282c12c74/AAABn0tnEMw/AAABnSSvrFg/16x9-big/waermepumpe-254.jpg?width=1280,2026-07-10T16:53:16Z,,"Stand: 10.07.2026 18:53 Uhr
Der Einbau einer Erdgas-Heizung in Neubauten ist künftig wieder möglich - wobei Experten vor den Kosten warnen. Und der Staat zahlt weniger Förderung für den Umstieg auf … [+7567 chars]",,de,'fossile Energie'
https://www.tagesschau.de/wissen/technologie/waermepumpe-zum-kuehlen-100.html,https://www.tagesschau.de/wissen/technologie/waermepumpe-zum-kuehlen-100.html,0,www.tagesschau.de,Wie Wärmepumpen auch kühlen können,"An heißen Sommertagen sorgt eine Klimaanlage für erträgliche Temperaturen. Doch auch eine moderne Wärmepumpe, die sonst zum Heizen dient, kann ein Haus kühlen. Diese Optionen gibt es. Von Daniel Peter.",https://images.tagesschau.de/image/2fe137f3-48b7-45e7-9315-23d0694ad5a9/AAABn0Xz3jY/AAABnSSvrFg/16x9-big/waermepumpe-264.jpg?width=1280,2026-07-10T16:54:46Z,,"Stand: 10.07.2026 18:54 Uhr
An heißen Sommertagen sorgt eine Klimaanlage für erträgliche Temperaturen. Doch auch eine moderne Wärmepumpe, die sonst zum Heizen dient, kann ein Haus kühlen. Diese Opti… [+3623 chars]",,de,'Heizen'
https://t3n.de/news/antrieb-satelliten-magnetfeld-1752377/,https://t3n.de/news/antrieb-satelliten-magnetfeld-1752377/,0,t3n.de,"Alternativer Antrieb für Satelliten im All: Nicht chemisch oder elektrisch, sondern durch Magnet","Normalerweise verändern Satelliten ihre Richtung durch chemische Treibstoffe oder elektrische Energie. Ein Unternehmen verwendete jetzt supraleitende Magneten, die mit dem Magnetfeld der Erde reagieren. Damit soll nachhaltige Technik im Weltraum gefördert wer…",https://cdn.t3n.de/news/wp-content/uploads/2025/05/satellit.jpg?class=content,2026-07-10T17:00:01Z,,"Zenno Astronautics hat im Weltraum einen Satellitenantrieb getestet, der nicht auf chemischem Treibstoff oder elektrischer Energie basiert. Dies gab das neuseeländische Unternehmen auf seiner Webseit… [+3442 chars]",,de,'nachhaltige Energie'
https://taz.de/Oel--und-Gasheizungen-langfristig-erlaubt/!6195044/,https://taz.de/Oel--und-Gasheizungen-langfristig-erlaubt/!6195044/,0,taz.de,Öl- und Gasheizungen langfristig erlaubt: Kli­ma­schüt­ze­r*in­nen planen Verfassungsbeschwerde,Bundestag und Bundesrat haben die klimaschädliche Reform des Heizungsgesetzes beschlossen. Um­welt­schüt­ze­r*in­nen wollen vor Gericht ziehen.,https://taz.de/picture/8604428/1200/41643299.jpeg,2026-07-10T17:06:00Z,,Bundestag und Bundesrat haben die klimaschädliche Reform des Heizungsgesetzes beschlossen. Um­welt­schüt­ze­r*in­nen wollen vor Gericht ziehen. mehr...,,de,'Öl'
https://www.zeit.de/politik/ausland/2026-07/stromausfall-kuba-blackout-energiekrise-usa,https://www.zeit.de/politik/ausland/2026-07/stromausfall-kuba-blackout-energiekrise-usa,0,www.zeit.de,Stromausfall in Kuba: Kuba meldet zweiten Blackout innerhalb einer Woche,Zum zweiten Mal innerhalb von nur vier Tagen ist das Stromnetz in Kuba zusammengebrochen. Das US-Ölembargo und die zunehmend marode Infrastruktur verschärfen die Lage.,https://img.zeit.de/politik/ausland/2026-07/stromausfall-kuba-blackout-energiekrise-usa-foto-1/wide__1300x731,2026-07-10T22:39:06Z,,"Auf der Karibikinsel Kuba ist es erneut zu einem inselweiten Blackout gekommen. Wie das Energieministerium mitteilte, wurden die Notfallprotokolle zur Wiederherstellung der Stromversorgung aktiviert.… [+1549 chars]",,de,'Öl'
https://www.zeit.de/news/2026-07/11/usa-iran-muss-oeffnung-der-strasse-von-hormus-zusichern,https://www.zeit.de/news/2026-07/11/usa-iran-muss-oeffnung-der-strasse-von-hormus-zusichern,0,www.zeit.de,Iran-Krieg: USA: Iran muss Öffnung der Straße von Hormus zusichern,Hier finden Sie Informationen zu dem Thema „Iran-Krieg“. Lesen Sie jetzt „USA: Iran muss Öffnung der Straße von Hormus zusichern“.,https://img.zeit.de/news/2026-07/11/usa-iran-muss-oeffnung-der-strasse-von-hormus-zusichern-image-group/wide__1300x731,2026-07-11T00:24:35Z,,"Die USA fordern Medienberichten zufolge ein Bekenntnis des Irans zu einer freien und sicheren Schifffahrt in der Straße von Hormus. Bis Samstag solle die iranische Führung öffentlich versichern, dass… [+1850 chars]",,de,'Öl'
https://www.zeit.de/news/2026-07/11/verletzte-bei-raketenangriff-auf-kiew,https://www.zeit.de/news/2026-07/11/verletzte-bei-raketenangriff-auf-kiew,0,www.zeit.de,Ukraine-Krieg: Verletzte bei Raketenangriff auf Kiew,Hier finden Sie Informationen zu dem Thema „Ukraine-Krieg“. Lesen Sie jetzt „Verletzte bei Raketenangriff auf Kiew“.,https://img.zeit.de/news/2026-07/11/verletzte-bei-raketenangriff-auf-kiew-image-group/wide__1300x731,2026-07-11T02:20:13Z,,"Die ukrainische Hauptstadt Kiew ist in der Nacht erneut unter Raketenbeschuss geraten. Der Feind habe die Stadt mit ballistischen Raketen angegriffen, teilten Bürgermeister Vitali Klitschko und Milit… [+696 chars]",,de,'Krieg'
https://www.nzz.ch/der-andere-blick/die-legende-vom-stillstand-der-franzoesischen-atomkraftwerke-ld.10015071,https://www.nzz.ch/der-andere-blick/die-legende-vom-stillstand-der-franzoesischen-atomkraftwerke-ld.10015071,0,www.nzz.ch,DER ANDERE BLICK MIT DATEN - Die Legende vom Stillstand der französischen Atomkraftwerke: In der Hitze schwächelten vor allem Windräder,In den heissen Tagen diskutierte Deutschland vor allem über die Reaktoren in Frankreich und der Schweiz. Doch NZZ-Daten zeigen: Das eigentliche Problem trat im eigenen Land zutage.,"https://img-msp-prod.nzz.ch/2026/07/10/5de96614-ac75-4bfd-be6c-ba22a67a55a9.jpg?width=1200&height=675&fit=bounds&quality=75&auto=webp&crop=1637,921,x82,y215&wmark=nzz",2026-07-11T03:30:00Z,,"Der andere Blick mit Daten
In den heissen Tagen diskutierte Deutschland vor allem über die Reaktoren in Frankreich und der Schweiz. Doch NZZ-Daten zeigen: Das eigentliche Problem trat im eigenen Lan… [+5226 chars]",,de,'Windräder'
https://www.zeit.de/news/2026-07/11/sonne-satt-in-bayern-bis-36-grad-kaum-wolken,https://www.zeit.de/news/2026-07/11/sonne-satt-in-bayern-bis-36-grad-kaum-wolken,0,www.zeit.de,"Wetteraussicht: Sonne satt in Bayern: Bis 36 Grad, kaum Wolken","Hier finden Sie Informationen zu dem Thema „Wetteraussicht“. Lesen Sie jetzt „Sonne satt in Bayern: Bis 36 Grad, kaum Wolken“.",https://img.zeit.de/news/2026-07/11/sonne-satt-in-bayern-bis-36-grad-kaum-wolken-image-group/wide__1300x731,2026-07-11T05:22:59Z,,In Bayern heißt es am Wochenende vielerorts: Sonnenbrille statt Schirm. Nach Angaben des Deutschen Wetterdienstes (DWD) soll es am Samstag nahezu überall reichlich Sonnenschein geben. Lediglich über … [+1417 chars],,de,'Bayern'
https://www.welt.de/videos/video6a51d13a1aef3ee586481196/deutschland-investitionsbereitschaft-bleibt-niedrig.html,https://www.welt.de/videos/video6a51d13a1aef3ee586481196/deutschland-investitionsbereitschaft-bleibt-niedrig.html,0,www.welt.de,Investitionsbereitschaft bleibt niedrig,"Eine Umfrage unter knapp 1000 Unternehmen zeigt: Die Investitionsbereitschaft in Deutschland bleibt niedrig. Jedes fünfte Unternehmen investiert gar nicht. Hauptgründe sind hohe Arbeitskosten, Steuern und Energiepreise.",https://images.welt.de/6a51d13a1aef3ee586481196/704ee60d41e75d63c0ae8a43836ad0d9/ci16x9-w1200/dpa-com-260711-935-1472740-jpg,2026-07-11T05:42:53Z,,"Eine Umfrage unter knapp 1000 Unternehmen zeigt: Die Investitionsbereitschaft in Deutschland bleibt niedrig. Jedes fünfte Unternehmen investiert gar nicht. Hauptgründe sind hohe Arbeitskosten, Steuer… [+79 chars]",,de,'Energiepreise'
https://www.welt.de/videos/video6a51df78d94146365c3ed0bd/krieg-in-der-ukraine-scheint-putin-alles-nicht-zu-interessieren.html,https://www.welt.de/videos/video6a51df78d94146365c3ed0bd/krieg-in-der-ukraine-scheint-putin-alles-nicht-zu-interessieren.html,0,www.welt.de,„Scheint Putin alles nicht zu interessieren“,"Russische Streitkräfte intensivieren ihre Angriffe auf Kramatorsk in der Provinz Donezk. Trotz schwerer Zerstörungen halten die Offensiven an. „Ich kann nicht erkennen, dass die Russen bereit wären, Kompromisse zu suchen“, sagt Korrespondent Christoph Wanner.",https://images.welt.de/6a51df78d94146365c3ed0bd/68fcc03b7407f2acf7febf7b558684c0/ci16x9-w1200/wanner-1107-png,2026-07-11T06:27:09Z,,"Russische Streitkräfte intensivieren ihre Angriffe auf Kramatorsk in der Provinz Donezk. Trotz schwerer Zerstörungen halten die Offensiven an. Ich kann nicht erkennen, dass die Russen bereit wären, K… [+117 chars]",,de,'Putin'
https://www.tagesschau.de/ausland/angriffe-kiew-wadephul-100.html,https://www.tagesschau.de/ausland/angriffe-kiew-wadephul-100.html,0,www.tagesschau.de,Krieg gegen die Ukraine: Wieder russische Angriffe auf Kiew,In der Nacht hat Russland Kiew erneut mit Raketen angegriffen. Es gab mehrere Verletzte. Trotz der Eskalation in den vergangenen Wochen sieht Bundesaußenminister Wadephul jetzt einen guten Zeitpunkt für Verhandlungen.,https://images.tagesschau.de/image/a75208c5-195e-409c-9fa5-d27df48af6af/AAABn1CQuJU/AAABnSSvrFg/16x9-big/kiew-466.jpg?width=1280,2026-07-11T09:44:49Z,,"Stand: 11.07.2026 11:44 Uhr
In der Nacht hat Russland Kiew erneut mit Raketen angegriffen. Es gab mehrere Verletzte. Trotz der Eskalation in den vergangenen Wochen sieht Bundesaußenminister Wadephul… [+1578 chars]",,de,'Putin'
https://www.zeit.de/news/2026-07/11/hohe-waldbrandgefahr-wiese-und-hecke-brennen,https://www.zeit.de/news/2026-07/11/hohe-waldbrandgefahr-wiese-und-hecke-brennen,0,www.zeit.de,Brände in Bayern: Hohe Waldbrandgefahr – Wiese und Hecke brennen,Hier finden Sie Informationen zu dem Thema „Brände in Bayern“. Lesen Sie jetzt „Hohe Waldbrandgefahr – Wiese und Hecke brennen“.,https://img.zeit.de/news/2026-07/11/hohe-waldbrandgefahr-wiese-und-hecke-brennen-image-group/wide__1300x731,2026-07-11T10:21:12Z,,"Nach tagelanger Trockenheit ist die Waldbrandgefahr in weiten Teilen Bayerns hoch - Vorsicht also auch bei vermeintlich erloschener Glut. 
Ein Mann in Mittelfranken war nach Polizeiangaben mehr als … [+1131 chars]",,de,'Bayern'
https://www.bild.de/sport/fussball/wm-2026-bayern-star-verraet-harry-kane-spielte-mit-us-praesident-donald-trump-golf-6a51a7cf1aef3ee586481030,https://www.bild.de/sport/fussball/wm-2026-bayern-star-verraet-harry-kane-spielte-mit-us-praesident-donald-trump-golf-6a51a7cf1aef3ee586481030,0,www.bild.de,Bayern-Star verrät - Kane spielte mit Trump Golf,England-Kapitän erzählt auf der Pressekonferenz vor dem WM-Viertelfinale gegen Norwegen eine kuriose Anekdote zu US-Präsident Donald Trump.,"https://images.bild.de/6a51a7cf1aef3ee586481030/4a0672ba15f6543e12fd53f8e1a1f65f,2f568d79?w=1280",2026-07-11T15:44:19Z,,TTS-Player überspringenArtikel weiterlesenMiami/Palm Beach Diese Einladung wollte er nicht ablehnen. England-Kapitän Harry Kane (32) hat auf der Pressekonferenz vor dem WM-Viertelfinale gegen Norwege… [+2057 chars],,de,'Bayern'
https://www.focus.de/sport/fussball/leon-goretzka-weiter-ohne-klub-nach-juve-und-altetico-kommt-sogar-usa-ins-spiel_b6dde235-3343-4f8a-88a2-c109fc413245.html,https://www.focus.de/sport/fussball/leon-goretzka-weiter-ohne-klub-nach-juve-und-altetico-kommt-sogar-usa-ins-spiel_b6dde235-3343-4f8a-88a2-c109fc413245.html,0,www.focus.de,Leon Goretzka weiter ohne Klub: Nach Juve und Altético kommt sogar USA ins Spiel,Nach seinem Abschied vom FC Bayern richtet Leon Goretzka den Fokus auf die Zukunft. Eine Entscheidung über seinen neuen Verein hat er noch nicht getroffen.,"https://quadro.burda-forward.de/ctf/decd5ff1-6829-4884-9d70-1acb027a0776.84def587-185a-4b78-9f2d-48fdfa778842.jpg?im=RegionOfInterestCrop=(1200,630),regionOfInterest=(518,257)&hash=a23b597c769a3809b5a416506f24089bda8dca2ccaf788305ee2e0e247337814",2026-07-11T16:10:00Z,,"Wie der Kicker berichtet, möchte sich Goretzka bei der Wahl seines neuen Klubs bewusst Zeit lassen. Demnach plant der Mittelfeldspieler nach Deutschlands WM-Aus und seiner unbefriedigenden Turnier-Ro… [+1615 chars]",,de,'Bayern'
https://www.focus.de/sport/fussball/biograf-enthuellt-bayerns-haaland-luege-fuehrte-zum-grossen-bruch-mit-lewandowski_f5a7b1e5-62af-4ebe-89f8-e73d8c9f546c.html,https://www.focus.de/sport/fussball/biograf-enthuellt-bayerns-haaland-luege-fuehrte-zum-grossen-bruch-mit-lewandowski_f5a7b1e5-62af-4ebe-89f8-e73d8c9f546c.html,0,www.focus.de,Biograf enthüllt: Bayerns Haaland-Lüge führte zum großen Bruch mit Lewandowski,Lange spielte Robert Lewandowski für den FC Bayern. 2022 verließ er die Münchner – nicht nur mit friedlichen Tönen. Nun gibt es neue Details zum Bruch.,"https://quadro.burda-forward.de/ctf/2ec1e716-75bb-4496-bda0-978a59ca0f78.237014ee-067a-468c-a800-9f2a50e1b773.jpeg?im=RegionOfInterestCrop=(1200,630),regionOfInterest=(1625,841)&hash=2df2efee937603629770d57e023749f9fc51ca8c9fa7c554a0c349d9229087ba",2026-07-11T19:00:00Z,,"Sebastian Staszewski, der Biograf des Angreifers, schreibt im Buch Lewandowski. Prawdziwy unter anderem, was das Verhältnis zwischen Klub und Spieler ins Wanken brachte.
Hasan Salihamidzic (damals B… [+2151 chars]",,de,'Bayern'
https://www.bild.de/sport/fussball/wm-2026-was-das-klopp-geheimtreffen-in-new-york-fuer-die-bayern-bedeutet-6a5250c667eabcf0989496bd,https://www.bild.de/sport/fussball/wm-2026-was-das-klopp-geheimtreffen-in-new-york-fuer-die-bayern-bedeutet-6a5250c667eabcf0989496bd,0,www.bild.de,Klopp-Geheimtreffen in New York - Was das für die Bayern bedeutet,Jürgen Klopp ist sich mit dem DFB grundsätzlich einig. Was bedeutet das eigentlich für die Bayern?,"https://images.bild.de/6a5250c667eabcf0989496bd/58eabf65d9e5bbbbc782ae4ed3dc932b,19689500?w=1280",2026-07-11T19:38:34Z,,"TTS-Player überspringenArtikel weiterlesenHatten wir uns nicht alle auf New York im Juli gefreut? Also auf ein WM-Finale am kommenden Sonntag mit deutscher Beteiligung? Naja, knapp daneben... Stattde… [+2686 chars]",,de,'Bayern'
https://www.bild.de/unterhaltung/stars-und-leute/bts-du-bist-gut-genug-bayern-trikots-und-ueberraschungen-6a52cba59e1838986528a025,https://www.bild.de/unterhaltung/stars-und-leute/bts-du-bist-gut-genug-bayern-trikots-und-ueberraschungen-6a52cba59e1838986528a025,0,www.bild.de,"BILD bei der koreanische Superband BTS - Bayern-Trikots, ein deutscher Satz und Gänsehaut!","BTS' Deutschland-Comeback in der Allianz Arena: spektakuläre Bühnenshow, Bayern-Trikots und überraschende deutsche Sätze.","https://images.bild.de/6a52cba59e1838986528a025/0eb1cd3794873573bc1c47a1208b1a91,85b40645?w=1280",2026-07-12T02:05:14Z,,"TTS-Player überspringenArtikel weiterlesenMünchen Bayern-Trikots auf der Bühne, Geschichten über Schweinshaxe und plötzlich singt ein koreanischer Weltstar auf Deutsch: BTS, die erfolgreichste Band d… [+3445 chars]",,de,'Bayern'
https://www.zeit.de/news/2026-07/12/schlangengift-serum-lagert-auch-in-krankenhaeusern-im-norden,https://www.zeit.de/news/2026-07/12/schlangengift-serum-lagert-auch-in-krankenhaeusern-im-norden,0,www.zeit.de,Nach Kreuzotter-Biss in Bayern: Schlangengift-Serum lagert auch in Krankenhäusern im Norden,Hier finden Sie Informationen zu dem Thema „Nach Kreuzotter-Biss in Bayern“. Lesen Sie jetzt „Schlangengift-Serum lagert auch in Krankenhäusern im Norden“.,https://img.zeit.de/news/2026-07/12/schlangengift-serum-lagert-auch-in-krankenhaeusern-im-norden-image-group/wide__1300x731,2026-07-12T02:30:05Z,,Ein Junge wurde nach einem Kreuzotter-Biss in Bayern mit einem extra eingeflogenen Gegengift gerettet. Das Kind habe nach dem Biss Ende Juni schwere Vergiftungserscheinungen gezeigt - zuvor hatte der… [+5573 chars],,de,'Bayern'
https://www.diepresse.com/36755608/ukraine-attackiert-raffinerie-im-wolgagabiet-samara,https://www.diepresse.com/36755608/ukraine-attackiert-raffinerie-im-wolgagabiet-samara,0,www.diepresse.com,Ukraine attackiert Raffinerie im Wolgagabiet Samara,Die Ölraffinerie Sysran war bereits mehrfach im Visier der Ukraine. Bürgermeister Vitali Klitschko warnt vor einer Zunahme russischer Angriffe auf Kiew.,https://img.diepresse.com/public/incoming/9x4h42-imago-images-0861311593/alternates/WEBP_WIDE_1200/imago%20images%200861311593,2026-07-12T07:35:56Z,,"Die Presse auf Google als bevorzugte Nachrichtenquelle hinzufügen.
 Im russischen Gebiet Samara an der Wolga ist ein Mann durch ukrainische Drohnenangriffe ums Leben gekommen. Drei Personen wurden v… [+3019 chars]",,de,'Öl'
https://www.n-tv.de/politik/Ukraine-greift-Oelraffinerie-im-Wolgagabiet-Samara-an-id31076494.html,https://www.n-tv.de/politik/Ukraine-greift-Oelraffinerie-im-Wolgagabiet-Samara-an-id31076494.html,0,www.n-tv.de,Rauchschwaden steigen auf: Ukraine greift Ölraffinerie im Wolgagabiet Samara an,Die Ukraine setzt ihre Angriffe gegen russische Ölraffinerien fort. Nun trifft es eine Anlage im Wolgagebiet. Die russische Seite beklagt indes zivile Opfer.,https://www.n-tv.de/img/31076512/1783847394/Img_16_9/1200/SAMARA-REGION-RUSSIA-OCTOBER-17-2005-On-the-premises-of-Syzran-oil-refining-plant-a-YUKOS-branch-The-plant-undergoes-technological-upgrading.jpg,2026-07-12T08:15:43Z,,"Rauchschwaden steigen aufUkraine greift Ölraffinerie im Wolgagabiet Samara an
Die Ölraffinerie in Sysran auf einem Archivbild von 2005, damals noch Teil des zerschlagenen Konzerns Yukos. (Foto: pict… [+2301 chars]",,de,'Putin'
https://www.welt.de/politik/ausland/plus6a4c38a5b2ab39bc4a32365b/russlands-bombenterror-schlimmer-als-je-zuvor-ukrainer-zahlen-fuer-die-erfolge-an-der-front.html,https://www.welt.de/politik/ausland/plus6a4c38a5b2ab39bc4a32365b/russlands-bombenterror-schlimmer-als-je-zuvor-ukrainer-zahlen-fuer-die-erfolge-an-der-front.html,0,www.welt.de,„Schlimmer als je zuvor“ – Ukrainer zahlen für die Erfolge an der Front,"Die ukrainische Armee erzielt einen Erfolg nach dem anderen an der Front. Die Zivilisten etwa in Kiew zahlen dafür einen hohen Preis. Putin bombardiert sie, da er militärisch nicht weiterkommt. Und das könnte erst der Anfang sein.",https://images.welt.de/6a4c38a5b2ab39bc4a32365b/8b124b9e2c499d886147ce3a94ad747e-master/ci16x9-w1200/1783747415699-afp-b9we8cq-jpg,2026-07-12T09:17:26Z,,"Die ukrainische Armee erzielt einen Erfolg nach dem anderen an der Front. Die Zivilisten etwa in Kiew zahlen dafür einen hohen Preis. Putin bombardiert sie, da er militärisch nicht weiterkommt. Und d… [+30 chars]",,de,'Putin'
https://www.welt.de/politik/ausland/plus6a4c38a5b2ab39bc4a32365b/russlands-bombenterror-schlimmer-als-je-zuvor-die-angst-der-ukrainer-vor-putins-strategie.html,https://www.welt.de/politik/ausland/plus6a4c38a5b2ab39bc4a32365b/russlands-bombenterror-schlimmer-als-je-zuvor-die-angst-der-ukrainer-vor-putins-strategie.html,0,www.welt.de,„Schlimmer als je zuvor“ – Die Angst der Ukrainer vor Putins Strategie,"Die ukrainische Armee erzielt einen Erfolg nach dem anderen an der Front. Die Zivilisten etwa in Kiew zahlen dafür einen hohen Preis. Putin bombardiert sie, da er militärisch nicht weiterkommt. Und das könnte erst der Anfang sein.",https://images.welt.de/6a4c38a5b2ab39bc4a32365b/8b124b9e2c499d886147ce3a94ad747e-master/ci16x9-w1200/1783747415699-afp-b9we8cq-jpg,2026-07-12T09:17:26Z,,"Die ukrainische Armee erzielt einen Erfolg nach dem anderen an der Front. Die Zivilisten etwa in Kiew zahlen dafür einen hohen Preis. Putin bombardiert sie, da er militärisch nicht weiterkommt. Und d… [+30 chars]",,de,'Putin'
https://www.transfermarkt.de/meiste-wm-tore-nach-vereinen-bayern-gleichauf-mit-sunderland-real-dominiert-ranking/view/news/482816,https://www.transfermarkt.de/meiste-wm-tore-nach-vereinen-bayern-gleichauf-mit-sunderland-real-dominiert-ranking/view/news/482816,0,www.transfermarkt.de,Meiste WM-Tore nach Verein: Bayern gleichauf mit Sunderland – Real dominiert,"Real Madrid führt das Klub-Ranking der meisten WM-Tore 2026 an, wie ein Blick in die Transfermarkt-Datenbank zeigt. Die Königlichen profitieren vor allem von Kylian Mbappé,...",https://tmssl.akamaized.net/images/foto/big/harry-kane-englandwc-2026-1782928591-201356.jpg?lm=1782928618,2026-07-12T09:45:00Z,,"Miami dank Messi in Top-Gruppe 
Real Madrid führt das Klub-Ranking der meisten WM-Tore 2026 an, wie ein Blick in die Transfermarkt-Datenbank zeigt. Die Königlichen profitieren vor allem von Kylian M… [+2189 chars]",,de,'Bayern'
https://www.welt.de/politik/deutschland/article6a535af88eaf4a27fe1e3d92/ronzheimer-podcast-glaube-nicht-dass-russland-die-faehigkeiten-entwickelt-vor-berlin-zu-stehen-sagt-frohnmaier.html,https://www.welt.de/politik/deutschland/article6a535af88eaf4a27fe1e3d92/ronzheimer-podcast-glaube-nicht-dass-russland-die-faehigkeiten-entwickelt-vor-berlin-zu-stehen-sagt-frohnmaier.html,0,www.welt.de,"„Glaube nicht, dass Russland die Fähigkeiten entwickelt, vor Berlin zu stehen“, sagt Frohnmaier","AfD-Politiker Frohnmaier stellt im „Ronzheimer“-Podcast die deutsche Ukraine-Politik infrage, warnt vor einem Krieg mit Russland und attestiert dem Kreml Bewegung: Russland habe anfangs „die gesamte Ukraine einnehmen“ wollen und verlange nun nur noch den Donb…",https://images.welt.de/6a535af88eaf4a27fe1e3d92/854a4db3056814526fb3472f9ac0b468-master/ci16x9-w1200/577916516-jpg,2026-07-12T10:06:55Z,,"AfD-Politiker Frohnmaier stellt im Ronzheimer-Podcast die deutsche Ukraine-Politik infrage, warnt vor einem Krieg mit Russland und attestiert dem Kreml Bewegung: Russland habe anfangs die gesamte Ukr… [+2665 chars]",,de,'Putin'
https://www.sueddeutsche.de/bayern/bayern-koenigin-karoline-protestanten-glosse-li.3513899,https://www.sueddeutsche.de/bayern/bayern-koenigin-karoline-protestanten-glosse-li.3513899,0,www.sueddeutsche.de,Royale Religion: Bayerns Königin der Protestanten,Karoline von Baden war evangelisch und ist es auch nach der Hochzeit mit Kurfürst Max Joseph von Bayern geblieben. Großkarolinenfeld bei Rosenheim erinnert schon im Ortsnamen an sie.,https://www.sueddeutsche.de/2026/07/10/e0bd2676-1103-4eda-b042-fc1b86254539.jpg?q=60&fm=webp&width=1200&rect=0%2C547%2C2793%2C1571,2026-07-12T10:32:48Z,,Überhaupt wäre bei diesen Abkürzungen ein bisschen Rücksicht ganz gut. Denn ohne gleich pedantisch werden zu wollen: Wie soll sich denn bitte Kleinkarolinenfeld in der Gemeinde Aying abkürzen? Wie ei… [+1886 chars],,de,'Bayern'
https://www.n-tv.de/panorama/Neuschwanstein-Moerder-wehrt-sich-gegen-Abschiebung-in-die-USA-id31076638.html,https://www.n-tv.de/panorama/Neuschwanstein-Moerder-wehrt-sich-gegen-Abschiebung-in-die-USA-id31076638.html,0,www.n-tv.de,Angst vor Todesstrafe: Neuschwanstein-Mörder wehrt sich gegen Abschiebung in die USA,"Der Sexualmord an einer jungen US-Touristin bei Schloss Neuschwanstein erschüttert weit über Deutschland hinaus. Der Täter, ebenfalls ein Tourist aus den USA, wird in Bayern zur Höchststrafe verurteilt. Aus Angst vor einer noch härteren Strafe kämpft er nun g…",https://www.n-tv.de/img/31076647/1783850973/Img_16_9/1200/Der-Angeklagte-steht-in-einem-Gerichtssaal-des-Landgerichtes-in-der-Anklagebank-zwischen-seinen-Anwaelten-Philip-Mueller-l-und-Alexander-Stevens-Nach-der-Gewalttat-an-zwei-jungen-US-Amerikanerinnen-unweit-des-Schlosses-Neuschwanstein-wurde-der-31-Jaehrige-zu-einer-lebenslangen-Haftstrafe-verurteilt-Das-Landgericht-in-Kempten-wertete-die-Tat-des-ebenfalls-aus-den-USA-stammenden-Mannes-am-Montag-als-Mord-versuchten-Mord-und-Vergewaltigung-mit-Todesfolge.jpg,2026-07-12T10:34:16Z,,"Angst vor TodesstrafeNeuschwanstein-Mörder wehrt sich gegen Abschiebung in die USA
Der US-Amerikaner wurde zu 15 Jahren Haft verurteilt. (Foto: picture alliance/dpa)
Der Sexualmord an einer jungen … [+3563 chars]",,de,'Bayern'
https://www.bild.de/politik/paul-ronzheimer-aus-kiew-putins-letzter-ausweg-eskalation-6a5251df67eabcf0989496d1,https://www.bild.de/politik/paul-ronzheimer-aus-kiew-putins-letzter-ausweg-eskalation-6a5251df67eabcf0989496d1,0,www.bild.de,Paul Ronzheimer aus Kiew - Putins letzter Ausweg: Eskalation,"Russland verstärkt Raketenangriffe, während die Ukraine mit Drohnen tief zurückschlägt.","https://images.bild.de/6a5251df67eabcf0989496d1/216e7b87dcde7b46f49ad31d13ea41e4,d2419b7a?w=1280",2026-07-12T10:43:28Z,,"Sechs Monate ist es her, dass BILD-Vize Paul Ronzheimer in der Ukraine war. Samstagmorgen wird er von Explosionen geweckt: Ich höre vier Einschläge, blicke auf mein Smartphone und sehe: Raketenangrif… [+143 chars]",,de,'Putin'
https://www.bild.de/sport/fussball/fc-bayern-beim-rekordmeister-auf-der-verkaufsliste-dieser-traditionsklub-will-palhinha-6a53600336e98236c4bc5fcf,https://www.bild.de/sport/fussball/fc-bayern-beim-rekordmeister-auf-der-verkaufsliste-dieser-traditionsklub-will-palhinha-6a53600336e98236c4bc5fcf,0,www.bild.de,Bei Bayern auf der Verkaufsliste - Dieser Traditionsklub will Palhinha!,Jetzt kommt wieder Bewegung in den Verkaufspoker um João Palhinha. BILD verrät die Hintergründe.,"https://images.bild.de/6a53600336e98236c4bc5fcf/a767d0ae6da0f90f351887bcb7f9a8a9,53311b9d?w=1280",2026-07-12T10:58:27Z,,Während der WM laufen beim FC Bayern intern die Kaderplanungen auf Hochtouren. Jetzt kommt wieder Bewegung in den Verkaufspoker um den Portugiesen João Palhinha (31)! Sportvorstand Max Eberl (52) wil… [+208 chars],,de,'Bayern'
https://www.welt.de/videos/video6a536da4c7791659c83246f8/krieg-in-der-ukraine-putin-koennte-auf-eskalation-aus-sein.html,https://www.welt.de/videos/video6a536da4c7791659c83246f8/krieg-in-der-ukraine-putin-koennte-auf-eskalation-aus-sein.html,0,www.welt.de,„Putin könnte auf Eskalation aus sein“,Russland greift Kiew und Sumy erneut massiv aus der Luft an. Die ukrainische Luftabwehr ist laut Bürgermeister Klitschko nahezu wirkungslos. Kriegsreporter Paul Ronzheimer analysiert die Angriffe.,https://images.welt.de/6a536da4c7791659c83246f8/63cf2392a8e71945ceba39df3a4bf72c/ci16x9-w1200/ronzheimer-0207-png,2026-07-12T12:02:46Z,,Die WELT als ePaper: Die vollständige Ausgabe steht Ihnen bereits am Vorabend zur Verfügung so sind Sie immer hochaktuell informiert. Weitere Informationen https://epaper.welt.de,,de,'Putin'
https://www.transfermarkt.de/bericht-benfica-buhlt-um-bayerns-palhinha-verhandlungen-mit-spielerseite-stocken/view/news/482820,https://www.transfermarkt.de/bericht-benfica-buhlt-um-bayerns-palhinha-verhandlungen-mit-spielerseite-stocken/view/news/482820,0,www.transfermarkt.de,Bericht: Benfica buhlt um Bayerns Palhinha mit – Verhandlungen mit Spielerseite stocken,Leih-Rückkehrer João Palhinha steht trotz laufenden Vertrags bis 2028 auf der Verkaufsliste des FC Bayern München ganz weit oben. Einem Bericht der „Bild“-Zeitung zufolge könnte die Zukunft des 31 Jah [...],https://tmssl.akamaized.net/images/foto/big/joao-palhinha-tottenham-2026-1778258488-196504.jpg?lm=1778258511,2026-07-12T12:23:58Z,,Leih-Rückkehrer João Palhinha steht trotz laufenden Vertrags bis 2028 auf der Verkaufsliste des FC Bayern München ganz weit oben. Einem Bericht der „Bild“-Zeitung zufolge könnte die Zukunft des 31 Ja… [+1890 chars],,de,'Bayern'
https://www.focus.de/panorama/selenskyj-kuendigt-ueberraschend-regierungsumbau-in-kiew-an_bfc54df4-bda8-4e8b-96de-2b6767e0981a.html,https://www.focus.de/panorama/selenskyj-kuendigt-ueberraschend-regierungsumbau-in-kiew-an_bfc54df4-bda8-4e8b-96de-2b6767e0981a.html,0,www.focus.de,Selenskyj kündigt überraschend Regierungsumbau in Kiew an,Die Ukraine hat nach eigenen Angaben in der Nacht weitere 21 russische Öltanker im Asowschen Meer mit Drohnen attackiert. Selenskyj baut seine Regierung um.,"https://quadro.burda-forward.de/ctf/98abbb1e-6795-4585-95de-0b10aed3efd0.2393b54c-6ad6-45cb-b9a0-6cb060d837c6.jpeg?im=RegionOfInterestCrop=(1200,630),regionOfInterest=(1028,413)&hash=7f53314ba0d8f08c0b2a95c2f14852e2a8ad79c6ca9cf8dd8268afdf6f87e6f6",2026-07-12T13:36:00Z,,"Der ukrainische Präsident Wolodymyr Selenskyj hat überraschend eine Kabinettsumbildung angekündigt. Er begründete dies unter anderem mit einem außenpolitischen Strategiewechsel, um Beziehungen zu Sch… [+1805 chars]",,de,'Putin'
https://www.morgenpost.de/politik/article412556841/putins-neueste-falschmeldung-ueber-russische-erfolge-laesst-tief-blicken.html,https://www.morgenpost.de/politik/article412556841/putins-neueste-falschmeldung-ueber-russische-erfolge-laesst-tief-blicken.html,0,www.morgenpost.de,Putins neueste Falschmeldung über russische Erfolge lässt tief blicken,"Eine strategisch wichtige Stadt will Putin eingenommen haben. Ein Experte und ein Offizier vor Ort stellen klar, wie die Lage wirklich ist.",https://img.sparknews.funkemedien.de/412558728/412558728_1783874029_v16_9_1600.jpeg,2026-07-12T16:28:10Z,,"Am 3. Juli veröffentlicht das russische Präsidialbüro ein Video, in dem ein müde wirkender Wladimir Putin in einem militärischen Kommandoposten zu stehen scheint. Seine Militärs berichten ihm an dies… [+5259 chars]",,de,'Putin'
https://www.bild.de/politik/ausland-und-internationales/aussenminister-von-estland-kann-sein-dass-putin-eines-tages-aus-dem-fenster-springt-6a538e38c7791659c83248c7,https://www.bild.de/politik/ausland-und-internationales/aussenminister-von-estland-kann-sein-dass-putin-eines-tages-aus-dem-fenster-springt-6a538e38c7791659c83248c7,0,www.bild.de,"Estlands Außenminister - „Kann sein, dass Putin aus dem Fenster springt“","Estlands Außenminister sieht Putin unter Druck, sein Rückhalt im Machtapparat bröckelt.","https://images.bild.de/6a538e38c7791659c83248c7/901409628ed185c701b95516aaafd244,2a79ca2b?w=1280",2026-07-12T17:14:16Z,,TTS-Player überspringenArtikel weiterlesenTallinn Die Luft für den Kreml-Chef wird dünner. Estlands Außenminister Margus Tsahkna ist sicher: Wladimir Putin (73) steht massiv unter Druck. Nach Ansicht… [+2081 chars],,de,'Putin'
https://www.bild.de/politik/ausland-und-internationales/ukraine-versenkt-im-asowschen-meer-den-kriegsplan-von-wladimir-putin-6a53b8fc36e98236c4bc663b,https://www.bild.de/politik/ausland-und-internationales/ukraine-versenkt-im-asowschen-meer-den-kriegsplan-von-wladimir-putin-6a53b8fc36e98236c4bc663b,0,www.bild.de,Paul Ronzheimer aus Kiew - Versinkt mit diesen Schiffen Putins Kriegsplan?,Die Ukraine nimmt Putins Schattenflotte ins Visier – und ist dabei nach eigener Darstellung spektakulär erfolgreich!,"https://images.bild.de/6a53b8fc36e98236c4bc663b/473ff44f7f8376a5472be5c4c2435b3e,ccb0b598?w=1280",2026-07-12T18:18:45Z,,"TTS-Player überspringenArtikel weiterlesenKiew Die Ukraine nimmt Putins Schattenflotte ins Visier und ist dabei nach eigener Darstellung spektakulär erfolgreich!
14 russische Schiffe im Asowschen Me… [+2489 chars]",,de,'Krieg'
https://www.jungewelt.de/artikel/525922.ukraine-von-der-straße-weg-in-den-krieg.html,https://www.jungewelt.de/artikel/525922.ukraine-von-der-straße-weg-in-den-krieg.html,0,www.jungewelt.de,Ukraine: Von der Straße weg in den Krieg,"Die brutalen Zwangsrekrutierungen stoßen immer öfter auf vehementen Widerstand – auch jenseits der direkten Angehörigen. Während das medial weitgehend ignoriert wird, kursieren online zahlreiche Videos.",https://www.jungewelt.de/img/1100/224800.jpg,2026-07-12T19:07:18Z,,Vorfälle dieser Art sind in der Ukraine mittlerweile an der Tagesordnung: Am Mittwoch abend kam es in der westukrainischen Stadt Lwiw zu Zusammenstößen zwischen Hunderten von Menschen und Mitarbeiter… [+4355 chars],,de,'Krieg'
https://orf.at/stories/3435609/,https://orf.at/stories/3435609/,0,orf.at,Wettlauf um Venezuelas Öl,"Die Zahl der registrierten Todesopfer nach dem verheerenden Erdbeben in Venezuela ist bis Sonntagabend auf rund 4.500 gestiegen. Trotzdem scheint im Land derzeit Goldgräberstimmung zu herrschen, vor allem, was das Ölgeschäft betrifft. Während die großen Ölkon…",https://ibs.orf.at/news?image=https%3A%2F%2Fassets.orf.at%2Fmims%2F2026%2F28%2F53%2Fcrops%2Fw%3D1200%2Ch%3D630%2Cq%3D75%2F3106152_master_1203053_venezuela_erdbeben_oel_ap.jpg%3Fs%3Db9212a5334530eba30526d30e263c7ed9f28ccca,2026-07-12T21:31:41Z,,"Wird es Prüfungen und Schwierigkeiten geben, von denen wir einige nicht definieren oder vorhersagen können, zum Beispiel ein Erdbeben? Ja. Denn so ist das Leben, wurde der US-Finanzinvestor Joseph He… [+5919 chars]",,de,'Krieg'
https://www.bild.de/sport/fussball/krieg-hand-gottes-beleidigungen-argentinien-gegen-england-ist-mehr-als-fussball-6a5405bd8eaf4a27fe1e47c9,https://www.bild.de/sport/fussball/krieg-hand-gottes-beleidigungen-argentinien-gegen-england-ist-mehr-als-fussball-6a5405bd8eaf4a27fe1e47c9,0,www.bild.de,"Krieg, Hand Gottes, Beleidigungen - Argentinien gegen England ist viel mehr als Fußball",WM 2026: Fußball-Fans in aller Welt freuen sich auf das Halbfinale am Mittwoch. Für viele Argentinier steht viel mehr auf dem Spiel als der Einzug ins Endspiel.,"https://images.bild.de/6a5405bd8eaf4a27fe1e47c9/907d027759135880f4f28ab5770dcffe,4361a1d0?w=1280",2026-07-13T00:36:37Z,,"TTS-Player überspringenArtikel weiterlesenWenn sich im WM-Halbfinale am Mittwoch (21 Uhr, ARD und Magenta TV live) Argentinien und England gegenüberstehen, freuen sich die Fußball-Fans weltweit einfa… [+3678 chars]",,de,'Krieg'
https://www.sueddeutsche.de/politik/liveblog-nahost-iran-news-strasse-von-hormus-guterres-un-usa-li.3513707,https://www.sueddeutsche.de/politik/liveblog-nahost-iran-news-strasse-von-hormus-guterres-un-usa-li.3513707,0,www.sueddeutsche.de,Krieg in Nahost: US-Militär greift weitere Ziele in Iran an,Zum vierten Mal seit Mittwoch starten die USA eine Angriffswelle auf Iran. UN-Generalsekretär Guterres zeigt sich zutiefst besorgt über die „erhebliche Eskalation“.,https://www.sueddeutsche.de/2026/07/12/91e220a8-58b5-4296-804b-62ad23bbe930.jpg?q=60&fm=webp&width=1200&rect=0%2C106%2C2048%2C1152,2026-07-13T02:09:28Z,,"Satellitenbilder legen Forschern zufolge die Vermutung nahe, dass Iran eine bekannte Militärforschungsanlage wieder aufbaut. Entsprechende Aktivitäten seien in den vergangenen Wochen etwa an dem Mili… [+1754 chars]",,de,'Krieg'
https://www.diepresse.com/36397507/iran-krieg-eskaliert-erneut-neue-wendung-in-der-causa-pilnacek-jeden-30,https://www.diepresse.com/36397507/iran-krieg-eskaliert-erneut-neue-wendung-in-der-causa-pilnacek-jeden-30,0,www.diepresse.com,Iran-Krieg eskaliert erneut • Neue Wendung in der Causa Pilnacek • Jeden Tag Höchstwerte über 30 Grad,"Guten Morgen, heute ist Montag, der 13. Juli 2026. Hier sind die wichtigsten Nachrichten zum Start in den Tag.",https://www.diepresse.com/assets_v2/images/diepresse_nachrichten.png,2026-07-13T03:19:02Z,,"Die Presse auf Google als bevorzugte Nachrichtenquelle hinzufügen.
 Das US-Militär hat nach eigenen Angaben erneut Ziele im Iran angegriffen. Die Streitkräfte hätten um 23:00 Uhr MESZ damit begonnen… [+4789 chars]",,de,'Krieg'
https://www.nzz.ch/feuilleton/zeitgeschehen/das-land-das-es-nicht-gibt-putins-russland-betreibt-den-kult-der-sowjetunion-als-hohle-retro-utopie-ld.10012873,https://www.nzz.ch/feuilleton/zeitgeschehen/das-land-das-es-nicht-gibt-putins-russland-betreibt-den-kult-der-sowjetunion-als-hohle-retro-utopie-ld.10012873,0,www.nzz.ch,"Das Land, das es nicht gibt – Putins Russland betreibt den Kult der Sowjetunion als hohle Retro-Utopie","Mangels positiver Lebens- und Gesellschaftsentwürfe ist immer noch die Sowjetunion Russlands geheime Mitte. Doch mit den Realitäten der damaligen Zeit haben die Bilder, die man heute propagiert, wenig zu tun.","https://img-msp-prod.nzz.ch/2026/07/10/3fd3b7ab-fe22-4154-9bd6-1acf7e7ae86a.jpg?width=1200&height=674&fit=bounds&quality=75&auto=webp&crop=3426,1927,x0,y200&wmark=nzz",2026-07-13T03:30:00Z,,"Mangels positiver Lebens- und Gesellschaftsentwürfe ist immer noch die Sowjetunion Russlands geheime Mitte. Doch mit den Realitäten der damaligen Zeit haben die Bilder, die man heute propagiert, weni… [+9973 chars]",,de,'Krieg'
https://www.zeit.de/news/2026-07/13/us-militaer-erklaert-angriffe-auf-iran-vorerst-fuer-beendet,https://www.zeit.de/news/2026-07/13/us-militaer-erklaert-angriffe-auf-iran-vorerst-fuer-beendet,0,www.zeit.de,Iran-Krieg: US-Militär erklärt Angriffe auf Iran vorerst für beendet,Hier finden Sie Informationen zu dem Thema „Iran-Krieg“. Lesen Sie jetzt „US-Militär erklärt Angriffe auf Iran vorerst für beendet“.,https://img.zeit.de/news/2026-07/13/us-militaer-erklaert-angriffe-auf-iran-vorerst-fuer-beendet-image-group/wide__1300x731,2026-07-13T03:53:25Z,,"Das US-Militär hat seine nächtlichen Attacken auf Ziele im Iran nach mehreren Stunden für beendet erklärt. Die Angriffswelle sei vorbei und habe Dutzende Zielobjekte mit Präzisionsmunition getroffen,… [+1850 chars]",,de,'Krieg'
https://www.tagesspiegel.de/internationales/iran-krieg-golfstaaten-melden-beschuss-aus-dem-iran-15832348.html,https://www.tagesspiegel.de/internationales/iran-krieg-golfstaaten-melden-beschuss-aus-dem-iran-15832348.html,0,www.tagesspiegel.de,Iran-Krieg: Golfstaaten melden Beschuss aus dem Iran,Nach US-Angriffen auf iranische Ziele reagieren die Revolutionsgarden erneut mit Attacken auf Militäranlagen in Golfstaaten.,https://www.tagesspiegel.de/images/15832400/alternates/BASE_16_9_W1400/1783920020000/skyline-von-kuwait.jpeg,2026-07-13T03:54:24Z,,"Nach der wiederholten Eskalation im Iran-Krieg haben Staaten am Persischen Golf erneut Raketenbeschuss gemeldet. Bahrain und Kuwait, die zuletzt im Zentrum iranischer Vergeltungsangriffe standen, lös… [+1396 chars]",,de,'Krieg'
https://www.tagesspiegel.de/internationales/iran-krieg-usa-und-iran-treiben-eskalation-am-golf-weiter-voran-15832348.html,https://www.tagesspiegel.de/internationales/iran-krieg-usa-und-iran-treiben-eskalation-am-golf-weiter-voran-15832348.html,0,www.tagesspiegel.de,Iran-Krieg: USA und Iran treiben Eskalation am Golf weiter voran,"Die USA greifen erneut iranische Ziele an, Teheran reagiert mit Angriffen auf mehrere Golfstaaten. Eine Rückkehr zur Waffenruhe liegt im Ungewissen.",https://www.tagesspiegel.de/images/15832814/alternates/BASE_16_9_W1400/1783929599000/iran-krieg-stra-e-von-hormus.jpeg,2026-07-13T03:54:24Z,,Im Konflikt um die Straße von Hormus treiben Washington und Teheran die Eskalation am Persischen Golf weiter voran. Bereits zum vierten Mal binnen einer Woche griff das US-Militär den Iran an. Die im… [+5489 chars],,de,'Krieg'
https://www.tagesspiegel.de/internationales/iran-krieg-trump-setzen-seeblockade-gegen-iranische-hafen-wieder-ein-15832348.html,https://www.tagesspiegel.de/internationales/iran-krieg-trump-setzen-seeblockade-gegen-iranische-hafen-wieder-ein-15832348.html,0,www.tagesspiegel.de,Iran-Krieg: Trump: Setzen Seeblockade gegen iranische Häfen wieder ein,"Das US-Militär soll nach dem Willen von US-Präsident Trump die Straße von Hormus bewachen und damit Durchfahrten garantieren. Wenn es nach ihm geht, fällt dabei auch etwas für die USA ab.",https://www.tagesspiegel.de/images/15834814/alternates/BASE_16_9_W1400/1783954169000/us-prasident-trump.jpeg,2026-07-13T03:54:24Z,,"Kurz nach neuen US-Angriffen auf den Iran hat US-Präsident Donald Trump die Wiederaufnahme der Seeblockade gegen Schiffe angekündigt, die iranische Häfen ansteuern oder von diesen abfahren. Allen and… [+4167 chars]",,de,'Krieg'
https://www.tagesspiegel.de/internationales/iran-krieg-us-militar-erklart-angriffe-auf-iran-vorerst-fur-beendet-15832348.html,https://www.tagesspiegel.de/internationales/iran-krieg-us-militar-erklart-angriffe-auf-iran-vorerst-fur-beendet-15832348.html,0,www.tagesspiegel.de,Iran-Krieg: US-Militär erklärt Angriffe auf Iran vorerst für beendet,"Es war bereits die vierte Angriffswelle der USA, seit die Feindseligkeiten in der Nacht zu Mittwoch wieder aufflammten. Angeblich wurden iranische Flugabwehrsysteme und Raketenstellungen zerstört.",https://www.tagesspiegel.de/images/15832347/alternates/BASE_16_9_W1400/1783914864000/flugzeugtrager-uss-abraham-lincoln.jpeg,2026-07-13T03:54:24Z,,"Das US-Militär hat seine nächtlichen Attacken auf Ziele im Iran nach mehreren Stunden für beendet erklärt. Die Angriffswelle sei vorbei und habe Dutzende Zielobjekte mit Präzisionsmunition getroffen,… [+2468 chars]",,de,'Krieg'
https://www.bild.de/sport/fussball/tv-krieg-um-wm-immer-mehr-amis-schalten-weg-von-fox-6a5456c336e98236c4bc6c16,https://www.bild.de/sport/fussball/tv-krieg-um-wm-immer-mehr-amis-schalten-weg-von-fox-6a5456c336e98236c4bc6c16,0,www.bild.de,TV-Krieg um WM - Immer mehr Amis schalten weg von Fox,WM 2026: In den USA schauen so viele Menschen Fußball wie noch nie. Aber ein Trend bereitet dem übertragenden Sender Fox große Sorge.,"https://images.bild.de/6a5456c336e98236c4bc6c16/051c62ecef1d966defb3aaa45a158d39,cb42baff?w=1280",2026-07-13T04:05:30Z,,TTS-Player überspringenArtikel weiterlesenDie laufende Fußball-WM bricht in den USA alle TV-Rekorde. Das Achtelfinal-Aus der Amis gegen Belgien (1:4) verfolgten im Schnitt rund 30 Millionen Zuschauer… [+2278 chars],,de,'Krieg'
https://www.nzz.ch/pro/die-usa-sind-mit-der-eu-und-der-schweiz-vielschichtig-verflochten-was-das-im-zeichen-von-trumps-drohungen-bedeutet-ld.10014974,https://www.nzz.ch/pro/die-usa-sind-mit-der-eu-und-der-schweiz-vielschichtig-verflochten-was-das-im-zeichen-von-trumps-drohungen-bedeutet-ld.10014974,0,www.nzz.ch,Die USA sind mit der EU und der Schweiz vielschichtig verflochten – was das im Zeichen von Trumps Drohungen bedeutet,"Abhängigkeiten rücken in den Fokus, doch die wirtschaftlichen Interessen an Zusammenarbeit sind trotz aller Asymmetrie der Kräfte zum Glück gegenseitig. Das stärkt Sicherheit und Frieden in der Welt.","https://img-msp-prod.nzz.ch/2026/07/12/901fd33a-125d-4250-8121-5cc50b184fe5.jpg?width=1200&height=674&fit=bounds&quality=75&auto=webp&crop=8640,4859,x0,y901&wmark=nzz",2026-07-13T04:24:39Z,,"Abhängigkeiten rücken in den Fokus, doch die wirtschaftlichen Interessen an Zusammenarbeit sind trotz aller Asymmetrie der Kräfte zum Glück gegenseitig. Das stärkt Sicherheit und Frieden in der Welt.… [+14019 chars]",,de,'Abhängigkeit'
https://www.zeit.de/wirtschaft/2026-07/usa-iran-angriffe-golf-strasse-von-hormus-oelpreis,https://www.zeit.de/wirtschaft/2026-07/usa-iran-angriffe-golf-strasse-von-hormus-oelpreis,0,www.zeit.de,USA und Iran: Ölpreise steigen nach neuen Angriffen am Golf,Die neuen US-Angriffe auf den Iran und iranische Attacken in der Golfregion lassen den Ölpreis steigen. Der Anstieg ist aber deutlich geringer als zu Beginn des Krieges.,https://img.zeit.de/wirtschaft/2026-07/persischer-golf-strasse-von-hormus-iran-oelpreis-foto-1/wide__1300x731,2026-07-13T06:39:10Z,,"Nach den neuen Angriffen der USA auf den Iran und iranischen Attacken in der Golfregion ist der Ölpreis gestiegen. Ein Barrel (159 Liter) der Nordseesorte Brent verteuerte sich um 3,3 Prozent auf 78,… [+915 chars]",,de,'Öl'
https://www.welt.de/politik/ausland/article6a547a28f3b79f72b6bf4d87/ukraine-krieg-kann-gut-sein-dass-putin-eines-tages-aus-dem-fenster-springt-sagt-estlands-aussenminister.html,https://www.welt.de/politik/ausland/article6a547a28f3b79f72b6bf4d87/ukraine-krieg-kann-gut-sein-dass-putin-eines-tages-aus-dem-fenster-springt-sagt-estlands-aussenminister.html,0,www.welt.de,"„Kann gut sein, dass Putin eines Tages aus dem Fenster springt“, sagt Estlands Außenminister",Estlands Außenminister schätzt Wladimir Putin als Kremlchef mit schwindendem Rückhalt ein. Die Gespräche zwischen Washington und Moskau hält Margus Tsahkna zudem für gescheitert. Für Putin sieht er deshalb nur zwei Optionen.,https://images.welt.de/6a547a28f3b79f72b6bf4d87/23d7e32a79957c1651cb2e847a99c3c3-master/ci16x9-w1200/afp-94dq3m7-jpg,2026-07-13T06:56:02Z,,Estlands Außenminister schätzt Wladimir Putin als Kremlchef mit schwindendem Rückhalt ein. Die Gespräche zwischen Washington und Moskau hält Margus Tsahkna zudem für gescheitert. Für Putin sieht er d… [+3505 chars],,de,'Putin'
https://www.faz.net/aktuell/technik-motor/technik/maehdrescher-von-claas-das-glaeserne-korn-accg-200993495.html,https://www.faz.net/aktuell/technik-motor/technik/maehdrescher-von-claas-das-glaeserne-korn-accg-200993495.html,0,www.faz.net,Effizienz in Erntezeiten: Das gläserne Korn,"Der Protein-, Öl- und Wassergehalt des Getreides entscheidet über den Erlös des Landwirts. Mähdrescher von Claas können ihn künftig schon während der Ernte bestimmen. Das bringt Vorteile mit sich.",https://media0.faz.net/image/w1200h627/58fc99414256/w5070h2649x0y629o/202606/43601.0.2281521173/die-maehdrescher-der-lexion.webp,2026-07-13T07:37:49Z,,"Die Landwirte trotzen von Ende Juni bis Anfang August der Sommerhitze und fahren die Ernte ein. Mähdrescher fahren sieben Tage in der Woche über die Felder. Sie ernten Getreide, darunter Gerste, Raps… [+360 chars]",,de,'Öl'
https://www.tagesspiegel.de/internationales/putin-konnte-eines-tages-aus-dem-fenster-springen-estnischer-aussenminister-sieht-erfolgreichen-druck-auf-russland-15832828.html,https://www.tagesspiegel.de/internationales/putin-konnte-eines-tages-aus-dem-fenster-springen-estnischer-aussenminister-sieht-erfolgreichen-druck-auf-russland-15832828.html,0,www.tagesspiegel.de,„Putin könnte eines Tages aus dem Fenster springen“: Estnischer Außenminister sieht erfolgreichen Druck auf Russland,Russland leidet unter wirtschaftlicher Schwäche und ukrainischen Gegenangriffen. Estlands Außenminister Margus Tsahkna meint: Die Strategie des Westens wirkt.,https://www.tagesspiegel.de/images/15832830/alternates/BASE_16_9_W1400/1783930176000/russian-president-putin-chairs-security-council-meeting-in-moscow.jpeg,2026-07-13T08:44:03Z,,Die baltischen Staaten fühlen sich als ehemalige Sowjetländer von der imperialen Politik Wladimir Putins unmittelbar bedroht. Estlands Außenminister Margus Tsahkna hat das Kräfteverhältnis nun aber r… [+2648 chars],,de,'Putin'
https://www.n-tv.de/politik/Auch-bei-Putin-befinden-wir-uns-oft-im-Bereich-der-Psychiatrie-id31078719.html,https://www.n-tv.de/politik/Auch-bei-Putin-befinden-wir-uns-oft-im-Bereich-der-Psychiatrie-id31078719.html,0,www.n-tv.de,"Interview mit Wolodymyr Fessenko: ""Auch bei Putin befinden wir uns oft im Bereich der Psychiatrie""","Der ukrainische Politologe Wolodymyr Fessenko hält einen baldigen Waffenstillstand für unwahrscheinlich: ""Putin will unbedingt als Sieger aus dieser Pattsituation rausgehen, in die er sich selbst gebracht hat. Die aktuelle Kriegsphase wird allerdings mit groß…",https://www.n-tv.de/img/31067974/1783607439/Img_16_9/1200/RUSSIA-JULY-3-EDITORIAL-USE-ONLY-MANDATORY-CREDIT-KREMLIN-PRESS-SERVICE-HANDOUT-NO-MARKETING-NO-ADVERTISING-CAMPAIGNS-DISTRIBUTED-AS-A-SERVICE-TO-CLIENTS-A-screen-grab-taken-from-a-video-shows-Russian-President-Vladimir-Putin-during-a-military-meeting-with-Chief-of-the-General-Staff-of-the-Russian-Armed-Forces-Valery-Gerasimov-and-senior-troop-commanders-at-a-command-center-of-the-Joint-Group-of-Forces-in-Russia-on-July-03-2026.jpg,2026-07-13T09:23:31Z,,"Putin inszeniert sich als Heerführer, nicht als Verhandler. (Foto: picture alliance / Anadolu)
Der ukrainische Politologe Wolodymyr Fessenko sieht die Vergabe einer Produktionslizenz für Patriot-Abw… [+8796 chars]",,de,'Putin'
https://www.zeit.de/news/2026-07/13/raffinerie-schwedt-erhaelt-suedamerika-oel-ueber-polen,https://www.zeit.de/news/2026-07/13/raffinerie-schwedt-erhaelt-suedamerika-oel-ueber-polen,0,www.zeit.de,Pipeline-Sperrung: Raffinerie Schwedt erhält Südamerika-Öl über Polen,Hier finden Sie Informationen zu dem Thema „Pipeline-Sperrung“. Lesen Sie jetzt „Raffinerie Schwedt erhält Südamerika-Öl über Polen“.,https://img.zeit.de/news/2026-07/13/raffinerie-schwedt-erhaelt-suedamerika-oel-ueber-polen-image-group/wide__1300x731,2026-07-13T09:58:47Z,,Die Raffinerie PCK in Schwedt erhält über Polen eine Ladung Öl aus Südamerika. Das teilte der polnische Kraftstoffhändler Unimot Paliwa mit. Die Lieferung über den Hafen von Danzig (Gdansk) sei ein A… [+1083 chars],,de,'Öl'
https://www.telepolis.de/article/US-Senator-Lindsey-Graham-gestorben-Der-haerteste-Falke-im-Kapitol-ist-tot-11362962.html,https://www.telepolis.de/article/US-Senator-Lindsey-Graham-gestorben-Der-haerteste-Falke-im-Kapitol-ist-tot-11362962.html,0,www.telepolis.de,US-Senator Lindsey Graham gestorben: Der härteste Falke im Kapitol ist tot,Der plötzliche Tod von US-Senator Lindsey Graham (71) hinterlässt ein Machtvakuum. Die Ukraine und Israel verlieren ihren lautsten Förderer. Ein Gastbeitrag.,https://heise.cloudimg.io/bound/1200x1200/q85.png-lossy-85.webp-lossy-85.foil1/_www-heise-de_/imgs/18/5/1/1/5/9/3/8/shutterstock_2582617215-391a197e8f9a3c80.jpg,2026-07-13T13:00:00Z,,"Lindsey Graham galt als einer der lautstärksten Falken in der US-Politik
(Bild: Maxim Elramsisy/Shutterstock.com)
Der plötzliche Tod von US-Senator Lindsey Graham (71) hinterlässt ein Machtvakuum. … [+5173 chars]",,de,'Putin'
https://www.telepolis.de/article/Lindsey-Graham-Der-letzte-Kalte-Krieger-11362962.html,https://www.telepolis.de/article/Lindsey-Graham-Der-letzte-Kalte-Krieger-11362962.html,0,www.telepolis.de,Lindsey Graham: Der letzte Kalte Krieger,"US-Senator Lindsey Graham ist mit 71 Jahren gestorben. Sein Tod hinterlässt eine Lücke, die die Ukraine und Israel hart treffen könnte. Ein Gastbeitrag.",https://heise.cloudimg.io/bound/1200x1200/q85.png-lossy-85.webp-lossy-85.foil1/_www-heise-de_/imgs/18/5/1/1/5/9/3/8/shutterstock_2582617215-391a197e8f9a3c80.jpg,2026-07-13T13:00:00Z,,"Lindsey Graham galt als einer der lautstärksten Falken in der US-Politik
(Bild: Maxim Elramsisy/Shutterstock.com)
US-Senator Lindsey Graham ist mit 71 Jahren gestorben. Sein Tod hinterlässt eine Lü… [+5149 chars]",,de,'Krieg'
https://www.bild.de/politik/ausland-und-internationales/russen-hilfe-fuer-die-mullahs-putin-schickt-weltuntergangs-flieger-in-den-iran-6a54cc7c3b82748d495229aa,https://www.bild.de/politik/ausland-und-internationales/russen-hilfe-fuer-die-mullahs-putin-schickt-weltuntergangs-flieger-in-den-iran-6a54cc7c3b82748d495229aa,0,www.bild.de,Russen-Hilfe für die Mullahs - Putin schickt Weltuntergangs-Flieger in den Iran,"Kreml lässt Spezialjet Tu-214PU nach Teheran fliegen, Westen ist in Sorge.","https://images.bild.de/6a54cc7c3b82748d495229aa/7659b1c6384cc41545592cec19e70d4d,e4ff2d6b?w=1280",2026-07-13T13:01:53Z,,TTS-Player überspringenArtikel weiterlesenTeheran Gefährliche Entdeckung auf den Radarschirmen! Kreml-Fürst Wladimir Putin (73) hat sein Weltuntergangsflugzeug in den Iran geschickt. Die Tupolew Tu-2… [+2188 chars],,de,'Putin'
https://www.tagesspiegel.de/internationales/strasse-von-hormus-im-fokus-trump-lasst-irans-hafen-wieder-blockieren-und-will-gebuhr--schifffahrt-protestiert-15834231.html,https://www.tagesspiegel.de/internationales/strasse-von-hormus-im-fokus-trump-lasst-irans-hafen-wieder-blockieren-und-will-gebuhr--schifffahrt-protestiert-15834231.html,0,www.tagesspiegel.de,Straße von Hormus im Fokus: Trump lässt Irans Häfen wieder blockieren und will Gebühr – Schifffahrt protestiert,Der Konflikt zwischen den USA und Teheran eskaliert erneut. Der Plan des Präsidenten für die wichtige Meerenge löst Widerstand aus – auch bei deutschen Reedern. Und der Ölpreis steigt.,https://www.tagesspiegel.de/images/15830783/alternates/BASE_16_9_W1400/1784013827000/us-prasident-trump.jpeg,2026-07-13T13:53:03Z,,Die für den weltweiten Handel wichtige Schifffahrtsroute bleibt einer der größten Streitpunkte im Nahostkonflikt die Straße von Hormus: US-Präsident Donald Trump hat nun die Wiederaufnahme der Seeblo… [+6470 chars],,de,'Öl'
https://www.telepolis.de/article/S-400-fuer-die-VAE-Warum-Russland-dem-tuerkischen-Ruestungsdeal-zustimmen-koennte-11362876.html,https://www.telepolis.de/article/S-400-fuer-die-VAE-Warum-Russland-dem-tuerkischen-Ruestungsdeal-zustimmen-koennte-11362876.html,0,www.telepolis.de,S-400 für die VAE? Warum Russland dem türkischen Rüstungsdeal zustimmen könnte,Die Türkei verhandelt über den Verkauf ihrer S-400-Systeme an die VAE oder Katar. Laut Dimitri Peskov steht eine Entscheidung Putins aber noch aus.,https://heise.cloudimg.io/bound/1200x1200/q85.png-lossy-85.webp-lossy-85.foil1/_www-heise-de_/imgs/18/5/1/1/5/8/9/5/Chebakalex7-cc14453e1ae8b668.jpg,2026-07-13T14:00:00Z,,"S-400. 
(Bild: Chebakalex7, shutterstock)
Die Türkei verhandelt über den Verkauf ihrer S-400-Systeme an die VAE oder Katar. Laut Dimitri Peskov steht eine Entscheidung Putins aber noch aus.
Die tü… [+5448 chars]",,de,'Putin'
https://www.bild.de/politik/ausland-und-internationales/bis-zu-4-euro-fuer-sprit-putin-geht-das-benzin-aus-6a54c8943b82748d49522938,https://www.bild.de/politik/ausland-und-internationales/bis-zu-4-euro-fuer-sprit-putin-geht-das-benzin-aus-6a54c8943b82748d49522938,0,www.bild.de,Putin geht das Benzin aus - Russen zahlen fast 4 Euro für einen Liter Sprit,"Russlands Benzinkrise spitzt sich dramatisch zu: Spritpreise steigen rasant, an Tankstellen bilden sich lange Schlangen, Bauern fürchten um die Ernte.","https://images.bild.de/6a54c8943b82748d49522938/094bc1d1ccdb736a80a2402e0c2934c9,883df0cc?w=1280",2026-07-13T14:11:36Z,,TTS-Player überspringenArtikel weiterlesenMoskau Ausgerechnet im Öl-Land Russland wird Tanken zum Luxus! Ein Video von einer Tankstelle auf der russisch besetzten Krim sorgt derzeit für Aufsehen: Auf… [+2861 chars],,de,'Putin'
https://www.zeit.de/news/2026-07/13/trump-setzen-seeblockade-gegen-iranische-haefen-wieder-ein,https://www.zeit.de/news/2026-07/13/trump-setzen-seeblockade-gegen-iranische-haefen-wieder-ein,0,www.zeit.de,Krieg: Trump: Setzen Seeblockade gegen iranische Häfen wieder ein,Hier finden Sie Informationen zu dem Thema „Krieg“. Lesen Sie jetzt „Trump: Setzen Seeblockade gegen iranische Häfen wieder ein“.,https://img.zeit.de/administratives/sharing/fallback-image-die-zeit/wide__1300x731,2026-07-13T14:30:59Z,,"Im Konflikt um die Straße von Hormus hat US-Präsident Donald Trump die Wiederaufnahme der Seeblockade gegen Schiffe angekündigt, die iranische Häfen ansteuern oder von diesen abfahren. Allen anderen … [+158 chars]",,de,'Krieg'
https://www.tagesschau.de/wirtschaft/konjunktur/stimmung-wohnungsbau-ifo-100.html,https://www.tagesschau.de/wirtschaft/konjunktur/stimmung-wohnungsbau-ifo-100.html,0,www.tagesschau.de,ifo-Umfrage: Unternehmen im Wohnungsbau werden pessimistischer,Wohnungsbau-Unternehmen bewerten ihre Geschäftsaussichten so schlecht wie seit über einem Jahr nicht mehr. Das liegt auch am Iran-Krieg. Können neue Maßnahmen der Bundesregierung helfen?,https://images.tagesschau.de/image/733a09fc-4c20-48d9-be4d-d296e6dd23f0/AAABnisl4_4/AAABnSSvrFg/16x9-big/wohnungsbau-288.jpg?width=1280,2026-07-13T14:46:17Z,,"Stand: 13.07.2026 16:46 Uhr
Wohnungsbau-Unternehmen bewerten ihre Geschäftsaussichten so schlecht wie seit über einem Jahr nicht mehr. Das liegt auch am Iran-Krieg. Können neue Maßnahmen der Bundesr… [+2164 chars]",,de,'Energiepreise'
https://www.faz.net/aktuell/politik/ausland/drohnenangriff-nahe-moskau-drei-tote-im-umland-201024315.html,https://www.faz.net/aktuell/politik/ausland/drohnenangriff-nahe-moskau-drei-tote-im-umland-201024315.html,0,www.faz.net,Russlands Krieg: Im Kreml gibt nur ein Todesfall Anlass zur Freude,"Putins Einpeitscher freuen sich über den Tod von Lindsey Graham. Zuletzt gelang es Russlands Herrscher immer schlechter, Trump zu beeinflussen.",https://media0.faz.net/image/w1200h627/40a3ddf14929/w5726h2991x0y345o/202607/43601.0.2322238388/es-laeuft-nicht-russlands.webp,2026-07-13T14:54:20Z,,"Auch im Moskauer Umland kommt es neuerdings häufig zu Schäden durch ukrainische Drohnenangriffe. Aber dass, wie in der Nacht auf Montag, drei Menschen getötet werden, hatte es zuvor erst zweimal gege… [+5497 chars]",,de,'Krieg'
https://www.faz.net/aktuell/feuilleton/kunst-und-architektur/ausstellung/was-putin-nicht-zerstoeren-konnte-ukrainisches-khanenko-museum-in-franken-201007031.html,https://www.faz.net/aktuell/feuilleton/kunst-und-architektur/ausstellung/was-putin-nicht-zerstoeren-konnte-ukrainisches-khanenko-museum-in-franken-201007031.html,0,www.faz.net,Khanenko Museum in Franken: Was Putin nicht zerstören konnte,Mit dem kriegsbedingt ausgelagerten Kiewer Khanenko-Nationalmuseum ist die bedeutendste Kunstsammlung der Ukraine nun im fränkischen Aschaffenburg zu sehen: Ein einmaliges Erlebnis trotz des traurigen Anlasses.,https://media0.faz.net/image/w1200h627/84b452b38b63/w6218h3248x0y376o/202607/43601.0.2308381033/wie-atmend-juan-de-zurbar-ns.webp,2026-07-13T15:09:49Z,,Unter dem Titel A European Collection  Meisterwerke aus dem Khanenko Museum in Kyjiw sind 73 Gemälde und Skulpturen von Spanien im Westen des Kontinents bis hin zu ukrainischer Kunst im Christian Sch… [+10074 chars],,de,'Putin'
https://www.bild.de/politik/ausland-und-internationales/koalition-mit-ukraine-europa-ruestet-gegen-putins-raketen-auf-6a5504595ab4a8e09ebcdb1e,https://www.bild.de/politik/ausland-und-internationales/koalition-mit-ukraine-europa-ruestet-gegen-putins-raketen-auf-6a5504595ab4a8e09ebcdb1e,0,www.bild.de,Deutschland und Ukraine dabei - Zehn Staaten schmieden Raketenschutz gegen Putin,Europa will sich besser gegen ballistische Raketen schützen. Die Ukraine und neun weitere Staaten planen einen gemeinsamen Raketenschild.,"https://images.bild.de/6a5504595ab4a8e09ebcdb1e/383fafb623fb9ed00d44f8121ccf032d,d57fa562?w=1280",2026-07-13T15:51:22Z,,TTS-Player überspringenArtikel weiterlesenParis Die Ukraine und neun weitere Staaten wollen Europa künftig gemeinsam besser vor Angriffen mit ballistischen Raketen schützen. Die sogenannte Koalition … [+2577 chars],,de,'Putin'
https://www.diepresse.com/36803600/die-europaeer-wehren-sich-gegen-putins-cyber-krieger,https://www.diepresse.com/36803600/die-europaeer-wehren-sich-gegen-putins-cyber-krieger,0,www.diepresse.com,Die Europäer wehren sich gegen Putins Cyber-Krieger [premium],"EU und Briten verhängen neue Sanktionen: Sie nehmen eine Spezialabteilung des russischen Geheimdienstes ins Visier, die mit Internet-Attacken für Chaos sorgen will – auch in Österreich.",https://img.diepresse.com/public/incoming/fng2hc-france-ukraine-russia-conflict-defence-summit/alternates/WEBP_WIDE_1200/FRANCE-UKRAINE-RUSSIA-CONFLICT-DEFENCE-SUMMIT,2026-07-13T15:51:28Z,,"Es ist eine Einheit des russischen Geheimdienstes, die eine ganz besondere Aufgabe hat. Sie führt aus dem Hinterhalt Attacken in Europa durch. Dabei kommen aber nicht bewaffnete Agenten oder Elitesol… [+4705 chars]",,de,'Putin'
https://www.n-tv.de/politik/Trump-kehrt-zu-seiner-alten-Strategie-vor-dem-Waffenstillstand-zurueck-id31081608.html,https://www.n-tv.de/politik/Trump-kehrt-zu-seiner-alten-Strategie-vor-dem-Waffenstillstand-zurueck-id31081608.html,0,www.n-tv.de,"Krieg mit dem Iran: ""Trump kehrt zu seiner alten Strategie vor dem Waffenstillstand zurück""","Das iranische Regime hat kein Interesse an einem stabilen Frieden mit den USA, sagt Regionalexperte Philipp Dienstbier. In Teheran glaube man, als Gewinner aus diesem Krieg hervorgegangen zu sein. ""Was das Regime im Iran auf jeden Fall dazugewonnen hat, ist d…",https://www.n-tv.de/img/31081631/1783968513/Img_16_9/1200/The-Qatari-Armed-Forces-intercept-a-missile-attack-The-United-States-and-Iran-exchanged-strikes-amidst-the-ongoing-conflict-between-them-over-the-Strait-of-Hormuz.jpg,2026-07-13T17:42:30Z,,"12. Juli 2026: Die Armee von Katar wehrt einen Raketenangriff ab. (Foto: picture alliance/dpa)
Das iranische Regime hat kein Interesse an einem stabilen Frieden mit den USA, sagt Regionalexperte Phi… [+9333 chars]",,de,'Krieg'
https://www.nzz.ch/international/trump-verlangt-gebuehren-fuer-strasse-von-hormuz-neue-eskalation-mit-iran-droht-ld.10015267,https://www.nzz.ch/international/trump-verlangt-gebuehren-fuer-strasse-von-hormuz-neue-eskalation-mit-iran-droht-ld.10015267,0,www.nzz.ch,Trump fordert jetzt Gebühren für die Strasse von Hormuz ein: Iran und die USA steuern auf die nächste Eskalation zu,"Das Weisse Haus reklamiert Abgaben in Höhe von 20 Prozent aller beförderten Fracht für sich. Das Geld könnte der Präsident noch gebrauchen, denn der Kongress stemmt sich gegen die weitere Finanzierung des Krieges.","https://img-msp-prod.nzz.ch/2026/07/13/ed5e3d6d-0e89-416f-8ad4-af2a1d995786.jpg?width=1200&height=675&fit=bounds&quality=75&auto=webp&crop=7916,4453,x0,y0&wmark=nzz",2026-07-13T18:00:00Z,,"Das Weisse Haus reklamiert Abgaben in Höhe von 20 Prozent aller beförderten Fracht für sich. Das Geld könnte der Präsident noch gebrauchen, denn der Kongress stemmt sich gegen die weitere Finanzierun… [+4409 chars]",,de,'Krieg'
https://www.zeit.de/news/2026-07/13/us-iran-rahmenabkommen-was-hat-trump-ueberhaupt-erreicht,https://www.zeit.de/news/2026-07/13/us-iran-rahmenabkommen-was-hat-trump-ueberhaupt-erreicht,0,www.zeit.de,Iran-Krieg: US-Iran-Rahmenabkommen: Was hat Trump überhaupt erreicht?,Hier finden Sie Informationen zu dem Thema „Iran-Krieg“. Lesen Sie jetzt „US-Iran-Rahmenabkommen: Was hat Trump überhaupt erreicht?“.,https://img.zeit.de/news/2026-07/13/us-iran-rahmenabkommen-was-hat-trump-ueberhaupt-erreicht-image-group/wide__1300x731,2026-07-13T18:01:57Z,,Vor knapp einem Monat ist das Rahmenabkommen zwischen den USA und dem Iran in Kraft getreten. Es sollte der Startpunkt für vertiefte Verhandlungen mit dem Ziel eines dauerhaften Kriegsendes sein. In … [+5346 chars],,de,'Krieg'
https://www.tagesspiegel.de/internationales/iran-krieg-us-iran-rahmenabkommen-was-hat-trump-uberhaupt-erreicht-15835090.html,https://www.tagesspiegel.de/internationales/iran-krieg-us-iran-rahmenabkommen-was-hat-trump-uberhaupt-erreicht-15835090.html,0,www.tagesspiegel.de,Iran-Krieg: US-Iran-Rahmenabkommen: Was hat Trump überhaupt erreicht?,"Groß war der Jubel von US-Präsident Trump, als er mit der Führung im Iran ein vages Rahmenabkommen erzielte. Knapp einen Monat später stellt sich jedoch die Frage: Was ist davon noch übrig?",https://www.tagesspiegel.de/images/15835089/alternates/BASE_16_9_W1400/1783965781000/us-prasident-trump.jpeg,2026-07-13T18:03:01Z,,Vor knapp einem Monat ist das Rahmenabkommen zwischen den USA und dem Iran in Kraft getreten. Es sollte der Startpunkt für vertiefte Verhandlungen mit dem Ziel eines dauerhaften Kriegsendes sein. In … [+5390 chars],,de,'Krieg'
https://www.faz.net/aktuell/wirtschaft/mehr-wirtschaft/chinesische-arbeiter-in-russland-proteste-wegen-ausbleibender-loehne-201016824.html,https://www.faz.net/aktuell/wirtschaft/mehr-wirtschaft/chinesische-arbeiter-in-russland-proteste-wegen-ausbleibender-loehne-201016824.html,0,www.faz.net,"„Putin, Helfen Sie“: Wenn chinesische Arbeiter in Russland protestieren","Tausende Chinesen arbeiten auf Baustellen und in Fabriken in Russland. Doch weil sie nicht bezahlt werden, kommt es immer wieder zu Protesten. Selbst die Konsulate mahnen schon.",https://media0.faz.net/image/w1200h627/132632cccbe0/w850h444x0y45o/202607/43601.0.2327775323/schon-im-april-auf-der-strasse.webp,2026-07-13T18:05:27Z,,"Die Chinesen sind wütend. Sie protestieren, streiken, posten Videos in ihren sozialen Medien. Seit Monaten sind die Arbeiter aus der Volksrepublik in Ust-Luga, einer Siedlung mit angeschlossenem Seeh… [+8390 chars]",,de,'Putin'
https://www.welt.de/wirtschaft/video6a550cb269ce9e04fa236166/neue-eskalation-am-golf-die-oel-lager-sind-enorm-leer.html,https://www.welt.de/wirtschaft/video6a550cb269ce9e04fa236166/neue-eskalation-am-golf-die-oel-lager-sind-enorm-leer.html,0,www.welt.de,„Die Öl-Lager sind enorm leer“,"Die Eskalation zwischen den USA und dem Iran treibt den Ölpreis auf fast 80 Dollar. US-Präsident Trump fordert 20 Prozent Wegezoll für Frachten durch die Straße von Hormus. „Wir sind anfälliger für einen höheren Ölpreis als vor drei Monaten“, sagt Ascan Iredi…",https://images.welt.de/6a550cb269ce9e04fa236166/9a51ed0cbaf5af5acc231111a25a8790/ci16x9-w1200/iredi-png,2026-07-13T18:51:01Z,,Die Eskalation zwischen den USA und dem Iran treibt den Ölpreis auf fast 80 Dollar. US-Präsident Trump fordert 20 Prozent Wegezoll für Frachten durch die Straße von Hormus. Wir sind anfälliger für ei… [+170 chars],,de,'Öl'
https://www.zeit.de/news/2026-07/13/bayern-talent-jensen-wechselt-nach-spanien,https://www.zeit.de/news/2026-07/13/bayern-talent-jensen-wechselt-nach-spanien,0,www.zeit.de,Fußball-Bundesliga: Bayern-Talent Jensen wechselt nach Spanien,Hier finden Sie Informationen zu dem Thema „Fußball-Bundesliga“. Lesen Sie jetzt „Bayern-Talent Jensen wechselt nach Spanien“.,https://img.zeit.de/news/2026-07/13/bayern-talent-jensen-wechselt-nach-spanien-image-group/wide__1300x731,2026-07-13T19:01:40Z,,"Jonathan Asp Jensen verlässt den FC Bayern München. Der offensive Mittelfeldspieler wechselt zum spanischen Erstliga-Aufsteiger Deportivo A Coruña, wie der deutsche Fußballmeister mitteilte. Bei Depo… [+735 chars]",,de,'Bayern'
https://www.zeit.de/news/2026-07/13/trump-kuendigte-weitere-angriffe-auf-den-iran-an,https://www.zeit.de/news/2026-07/13/trump-kuendigte-weitere-angriffe-auf-den-iran-an,0,www.zeit.de,Iran-Krieg: Trump kündigte weitere Angriffe auf den Iran an,Hier finden Sie Informationen zu dem Thema „Iran-Krieg“. Lesen Sie jetzt „US-Militär: Haben neue Angriffe auf den Iran begonnen“.,https://img.zeit.de/news/2026-07/13/trump-kuendigte-weitere-angriffe-auf-den-iran-an-image-group/wide__1300x731,2026-07-13T21:03:12Z,,"Das US-Militär greift nach eigenen Angaben erneut iranische Ziele an. Um 16.45 US-Ortsküstenzeit (22.45 deutscher Zeit) hätten die Streitkräfte die dritte Nacht in Folge Angriffe gestartet, teilte da… [+1039 chars]",,de,'Krieg'
https://www.tagesspiegel.de/internationales/iran-krieg-us-militar-haben-neue-angriffe-auf-den-iran-begonnen-15835190.html,https://www.tagesspiegel.de/internationales/iran-krieg-us-militar-haben-neue-angriffe-auf-den-iran-begonnen-15835190.html,0,www.tagesspiegel.de,Iran-Krieg: US-Militär: Haben neue Angriffe auf den Iran begonnen,"Der Iran-Krieg ist in den vergangenen Tagen mit gegenseitigen Attacken wieder eskaliert. Nun melden die US-Streitkräfte weitere Angriffe, kurz nachdem US-Präsident Trump diese angekündigt hat.",https://www.tagesspiegel.de/images/15835189/alternates/BASE_16_9_W1400/1783976662000/us-prasident-trump.jpeg,2026-07-13T21:04:22Z,,"Das US-Militär greift nach eigenen Angaben erneut iranische Ziele an. Um 16.45 US-Ortsküstenzeit (22.45 deutscher Zeit) hätten die Streitkräfte die dritte Nacht in Folge Angriffe gestartet, teilte da… [+1093 chars]",,de,'Krieg'
https://www.tagesspiegel.de/internationales/iran-krieg-trump-kundigte-weitere-angriffe-auf-den-iran-an-15835190.html,https://www.tagesspiegel.de/internationales/iran-krieg-trump-kundigte-weitere-angriffe-auf-den-iran-an-15835190.html,0,www.tagesspiegel.de,Iran-Krieg: Trump kündigte weitere Angriffe auf den Iran an,Der Iran-Krieg ist in den vergangenen Tagen mit gegenseitigen Attacken wieder eskaliert. Nun spricht der US-Präsident über neue Pläne für Angriffe.,https://www.tagesspiegel.de/images/15835189/alternates/BASE_16_9_W1400/1783976662000/us-prasident-trump.jpeg,2026-07-13T21:04:22Z,,"US-Präsident Donald Trump hat weitere Angriffe seines Landes auf den Iran angekündigt. Man werde das Land heute Abend hart treffen - genau wie morgen, sagte er am Montagnachmittag (Ortszeit) in einem… [+615 chars]",,de,'Krieg'
https://www.welt.de/politik/ausland/article6a555affbd016e39ef426405/naher-osten-usa-starten-neue-angriffswelle-iran-toetet-offenbar-besatzungsmitglied-auf-oeltanker.html,https://www.welt.de/politik/ausland/article6a555affbd016e39ef426405/naher-osten-usa-starten-neue-angriffswelle-iran-toetet-offenbar-besatzungsmitglied-auf-oeltanker.html,0,www.welt.de,USA starten neue Angriffswelle – Iran tötet offenbar Besatzungsmitglied auf Öltanker,Die USA haben mit einer neuen Angriffswelle auf Ziele im Iran begonnen. Kurz zuvor hatte Donald Trump harte Attacken angekündigt. Die Vereinigten Arabischen Emiraten melden unterdessen iranische Angriffe auf zwei Öltanker.,https://images.welt.de/6a555affbd016e39ef426405/f5837373a9300e50cb86ed6bdd3795c6-master/ci16x9-w1200/dpa-com-260707-935-1464901-jpg,2026-07-13T21:53:15Z,,Die USA haben mit einer neuen Angriffswelle auf Ziele im Iran begonnen. Kurz zuvor hatte Donald Trump harte Attacken angekündigt. Die Vereinigten Arabischen Emiraten melden unterdessen iranische Angr… [+4312 chars],,de,'Öl'
https://www.welt.de/politik/ausland/article6a555affbd016e39ef426405/naher-osten-usa-mit-neuer-angriffswelle-iran-toetet-besatzungsmitglied-auf-oeltanker.html,https://www.welt.de/politik/ausland/article6a555affbd016e39ef426405/naher-osten-usa-mit-neuer-angriffswelle-iran-toetet-besatzungsmitglied-auf-oeltanker.html,0,www.welt.de,USA mit neuer Angriffswelle – Iran tötet Besatzungsmitglied auf Öltanker,Die USA haben eine neue Angriffswelle auf Ziele im Iran durchgeführt. Unterdessen gab es iranische Angriffe auf zwei Öltanker – und auf einen US-Militärstützpunkt in Bahrain.,https://images.welt.de/6a555affbd016e39ef426405/f5837373a9300e50cb86ed6bdd3795c6-master/ci16x9-w1200/dpa-com-260707-935-1464901-jpg,2026-07-13T21:53:15Z,,Die USA haben eine neue Angriffswelle auf Ziele im Iran durchgeführt. Unterdessen gab es iranische Angriffe auf zwei Öltanker und auf einen US-Militärstützpunkt in Bahrain.Das US-Militär hat nach eig… [+5105 chars],,de,'Öl'
https://www.zeit.de/news/2026-07/14/kosten-fuer-pflegeheimplaetze-in-bayern-steigen-immer-weiter,https://www.zeit.de/news/2026-07/14/kosten-fuer-pflegeheimplaetze-in-bayern-steigen-immer-weiter,0,www.zeit.de,Eigenbeteiligung: Kosten für Pflegeheimplätze in Bayern steigen immer weiter,Hier finden Sie Informationen zu dem Thema „Eigenbeteiligung“. Lesen Sie jetzt „Kosten für Pflegeheimplätze in Bayern steigen immer weiter“.,https://img.zeit.de/news/2026-07/14/kosten-fuer-pflegeheimplaetze-in-bayern-steigen-immer-weiter-image-group/wide__1300x731,2026-07-13T22:01:05Z,,Die Bewohnerinnen und Bewohner von Pflegeheimen in Bayern sehen sich schon wieder mit gestiegenen Kosten konfrontiert. Die Zahlungen aus eigener Tasche im ersten Aufenthaltsjahr lagen im landesweiten… [+2763 chars],,de,'Bayern'
https://www.zeit.de/news/2026-07/14/invasive-ameise-breitet-sich-in-bayern-aus,https://www.zeit.de/news/2026-07/14/invasive-ameise-breitet-sich-in-bayern-aus,0,www.zeit.de,Tiere: Invasive Ameise breitet sich in Bayern aus,Hier finden Sie Informationen zu dem Thema „Tiere“. Lesen Sie jetzt „Invasive Ameise breitet sich in Bayern aus“.,https://img.zeit.de/news/2026-07/14/invasive-ameise-breitet-sich-in-bayern-aus-image-group/wide__1300x731,2026-07-14T02:30:06Z,,Diese tiefschwarzen und flinken Krabbler machen sich seit einiger Zeit in Franken unbeliebt: Ameisen der als invasiv geltenden Art Tapinoma magnum - auf Deutsch: Große Drüsenameise. Die Tiere können … [+5034 chars],,de,'Bayern'
https://www.zeit.de/news/2026-07/14/hitze-und-gewitter-mancherorts-unwettergefahr,https://www.zeit.de/news/2026-07/14/hitze-und-gewitter-mancherorts-unwettergefahr,0,www.zeit.de,Sommerwetter in Bayern: Hitze und Gewitter – mancherorts Unwettergefahr,Hier finden Sie Informationen zu dem Thema „Sommerwetter in Bayern“. Lesen Sie jetzt „Hitze und Gewitter – mancherorts Unwettergefahr“.,https://img.zeit.de/news/2026-07/14/hitze-und-gewitter-mancherorts-unwettergefahr-image-group/wide__1300x731,2026-07-14T04:07:12Z,,"Die Hitze hat Bayern weiter im Griff mancherorts drohen am Dienstag aber auch Gewitter, teilweise mit Starkregen, Sturm und Hagel.
In Südbayern gibt es am Dienstag teils Sonne, teils auch dichtere W… [+951 chars]",,de,'Bayern'
https://www.welt.de/geschichte/80-jahre-welt/article6a3d1539afe845031b3ade54/2014-putins-ueberfall-auf-die-krim-ist-mitnichten-taktik-sondern-strategie.html,https://www.welt.de/geschichte/80-jahre-welt/article6a3d1539afe845031b3ade54/2014-putins-ueberfall-auf-die-krim-ist-mitnichten-taktik-sondern-strategie.html,0,www.welt.de,"„Putins Überfall auf die Krim ist mitnichten Taktik, sondern Strategie“",Im Februar 2014 übernahmen „kleine grüne Männchen“ die Macht auf der ukrainischen Schwarzmeerinsel. Der Einsatz der russischen Soldaten ohne Hoheitsabzeichen markierte den Beginn einer Eskalation. Die neue Folge unserer Serie zu 80 Jahren WELT.,https://images.welt.de/6a3d1539afe845031b3ade54/9b7d3e6f39de4357b4ce50a1743ecf9c/ci16x9-w1200/dwosb-80jahrewelt-2014-jpg,2026-07-14T05:53:46Z,,Im Februar 2014 übernahmen kleine grüne Männchen die Macht auf der ukrainischen Schwarzmeerinsel. Der Einsatz der russischen Soldaten ohne Hoheitsabzeichen markierte den Beginn einer Eskalation. Die … [+6623 chars],,de,'Putin'
https://www.zeit.de/news/2026-07/14/polen-kuendigt-erste-manoever-der-koalition-der-willigen-an,https://www.zeit.de/news/2026-07/14/polen-kuendigt-erste-manoever-der-koalition-der-willigen-an,0,www.zeit.de,Ukraine-Krieg: Polen kündigt erste Manöver der «Koalition der Willigen» an,Hier finden Sie Informationen zu dem Thema „Ukraine-Krieg“. Lesen Sie jetzt „Polen kündigt erste Manöver der «Koalition der Willigen» an“.,https://img.zeit.de/news/2026-07/14/polen-kuendigt-erste-manoever-der-koalition-der-willigen-an-image-group/wide__1300x731,2026-07-14T08:06:47Z,,"Erste Militärmanöver der «Koalition der Willigen» zur Unterstützung der Ukraine sollen in diesem Herbst in Polen stattfinden. Das kündigte der polnische Ministerpräsident Donald Tusk in Paris an, nac… [+837 chars]",,de,'Krieg'
https://www.zeit.de/news/2026-07/14/immer-mehr-einkommensmillionaere-in-bayern,https://www.zeit.de/news/2026-07/14/immer-mehr-einkommensmillionaere-in-bayern,0,www.zeit.de,Finanzen: Immer mehr Einkommensmillionäre in Bayern,Hier finden Sie Informationen zu dem Thema „Finanzen“. Lesen Sie jetzt „Immer mehr Einkommensmillionäre in Bayern“.,https://img.zeit.de/news/2026-07/14/immer-mehr-einkommensmillionaere-in-bayern-image-group/wide__1300x731,2026-07-14T10:07:08Z,,In Bayern gibt es immer mehr Einkommensmillionäre. Im Jahr 2022 - aktuellere Daten liegen noch nicht vor - gab es laut Landesamt für Statistik 8.034 von ihnen. Das waren 327 mehr als ein Jahr zuvor. … [+1697 chars],,de,'Bayern'
https://www.zeit.de/gesellschaft/zeitgeschehen/2026-07/schongau-messerattacke-gymnasium-bayern-extremismus,https://www.zeit.de/gesellschaft/zeitgeschehen/2026-07/schongau-messerattacke-gymnasium-bayern-extremismus,0,www.zeit.de,Messerattacke an Welfen-Gymnasium: Ermittler sehen nach Angriff in Schongau Hinweise auf Extremismus,Nach dem Angriff in einer Schule in Bayern gibt es laut Ermittlern Hinweise auf ein extremistisches Motiv. Die Zentralstelle für Terrorismusbekämpfung ermittelt.,https://img.zeit.de/gesellschaft/zeitgeschehen/2026-07/schongau-messerattacke-gymnasium-bayern-extremismus-foto-1/wide__1300x731,2026-07-14T11:26:54Z,,"Die Messerattacke in einer Schule im bayrischen Schongau hatte möglicherweise ein extremistisches Motiv. Die Generalstaatsanwaltschaft München teilte mit, dass die bayrische Zentralstelle zur Bekämpf… [+151 chars]",,de,'Bayern'
https://www.sueddeutsche.de/wirtschaft/strompreise-deutschland-vorteile-preiszonen-li.3515204,https://www.sueddeutsche.de/wirtschaft/strompreise-deutschland-vorteile-preiszonen-li.3515204,0,www.sueddeutsche.de,"Stromnetz: Im Norden billig, im Süden teuer: Was Strompreiszonen bringen","Wenn sich in Norddeutschland die Windräder drehen, ist Strom auch in Bayern günstig. Brandenburgs Ministerpräsident findet das unsinnig und fordert mehrere Preiszonen. Kann das funktionieren?",https://www.sueddeutsche.de/2026/07/14/58292636-3368-49df-8553-55142552e0a1.jpg?q=60&fm=webp&width=1200&rect=0%2C139%2C4000%2C2250,2026-07-14T12:11:52Z,,"Für Dietmar Woidke ist die Sache klar. Wir verschenken hier eigentlich gerade unseren Standortvorteil, sagte Brandenburgs Ministerpräsident im Interview der Süddeutschen Zeitung. Anstatt etwa günstig… [+485 chars]",,de,'Bayern'
https://www.zeit.de/news/2026-07/14/neue-strategie-soll-bayerns-spezialitaeten-besser-vermarkten,https://www.zeit.de/news/2026-07/14/neue-strategie-soll-bayerns-spezialitaeten-besser-vermarkten,0,www.zeit.de,«Genuss Bayern»: Neue Strategie soll Bayerns Spezialitäten besser vermarkten,Hier finden Sie Informationen zu dem Thema „«Genuss Bayern»“. Lesen Sie jetzt „Neue Strategie soll Bayerns Spezialitäten besser vermarkten“.,https://img.zeit.de/news/2026-07/14/neue-strategie-soll-bayerns-spezialitaeten-besser-vermarkten-image-group/wide__1300x731,2026-07-14T12:13:27Z,,"Unter der neuen Dachmarke «Genuss Bayern» sollen regionale Spezialitäten aus Bayern künftig einheitlich vermarktet werden. Ziel sei es, regionale Spezialitäten sichtbarer zu machen, neue Wertschöpfun… [+2121 chars]",,de,'Bayern'
https://www.zeit.de/news/2026-07/14/neue-zeiten-fuer-ns-raubkunst-forschung-in-bayern,https://www.zeit.de/news/2026-07/14/neue-zeiten-fuer-ns-raubkunst-forschung-in-bayern,0,www.zeit.de,NS-Raubkunst: Neue Zeiten für NS-Raubkunst-Forschung in Bayern,Hier finden Sie Informationen zu dem Thema „NS-Raubkunst“. Lesen Sie jetzt „Neue Zeiten für NS-Raubkunst-Forschung in Bayern“.,https://img.zeit.de/news/2026-07/14/neue-zeiten-fuer-ns-raubkunst-forschung-in-bayern-image-group/wide__1300x731,2026-07-14T13:32:55Z,,Rund ein Jahr nach dem Wirbel um den Umgang in Bayern mit NS-Raubkunst stellt sich der Freistaat bei diesem Thema neu auf. Man werde am Institut für Zeitgeschichte (IfZ) in München ein wissenschaftli… [+3986 chars],,de,'Bayern'
https://www.faz.net/aktuell/feuilleton/kunst-und-architektur/resitution-bayern-kuendigt-gravierendere-aenderungen-an-201028876.html,https://www.faz.net/aktuell/feuilleton/kunst-und-architektur/resitution-bayern-kuendigt-gravierendere-aenderungen-an-201028876.html,0,www.faz.net,Provenienzforschung Bayern: Bayern will Picasso-Büste restituieren,In einer Pressekonferenz nach einer Kabinettssitzung mit Markus Söder äußerte sich der bayerische Wissenschafts- und Kunstminister Blume zu Museums- und Restitutionsfragen: Es ändert sich Gravierendes im Freistaat.,https://media0.faz.net/image/w1200h627/d486567ab8a4/w2506h1309x0y831o/202607/43601.0.2334194707/an-ihr-soll-nun-unmittelbar.webp,2026-07-14T13:53:51Z,,"In einer Pressekonferenz am Dienstag berichtete der bayerische Wissenschafts- und Kunstminister Markus Blume zur Halbzeit der Legislaturperiode über die Lage von Kunst und Kultur im Freistaat, wo nac… [+1594 chars]",,de,'Bayern'
https://www.n-tv.de/wirtschaft/US-Inflation-sinkt-ueberraschend-stark-id31085057.html,https://www.n-tv.de/wirtschaft/US-Inflation-sinkt-ueberraschend-stark-id31085057.html,0,www.n-tv.de,"Auf 3,5 Prozent: US-Inflation sinkt überraschend stark",Entspannung bei den Energiepreisen verschafft den US-Verbrauchern etwas Luft: Nach dem kräftigen Preisschub im Frühjahr ist die Inflation im Juni wieder zurückgegangen. Für die Notenbank bleibt das Ziel dennoch außer Reichweite.,https://www.n-tv.de/img/2279188/1734014857/Img_16_9/1200/In-den-USA-ist-die-Inflationsrate-zuletzt-wieder-gestiegen.jpg,2026-07-14T14:53:21Z,,"Der Inflationsdruck in den USA hat im Juni spürbar nachgelassen, wozu eine Deeskalation am Persischen Golf beitrug. (Foto: Mark Lennihan/AP/dpa)
Entspannung bei den Energiepreisen verschafft den US-… [+2208 chars]",,de,'Energiepreise'
https://www.zeit.de/news/2026-07/14/strasse-von-hormus-trump-rueckt-von-gebuehrenidee-wieder-ab,https://www.zeit.de/news/2026-07/14/strasse-von-hormus-trump-rueckt-von-gebuehrenidee-wieder-ab,0,www.zeit.de,Krieg: Straße von Hormus: Trump rückt von Gebührenidee wieder ab,Hier finden Sie Informationen zu dem Thema „Krieg“. Lesen Sie jetzt „Straße von Hormus: Trump rückt von Gebührenidee wieder ab“.,https://img.zeit.de/administratives/sharing/fallback-image-die-zeit/wide__1300x731,2026-07-14T15:32:47Z,,Nur einen Tag nach der Ankündigung einer Gebühr für die sichere Durchfahrt von Schiffen durch die Straße von Hormus rückt US-Präsident Donald Trump wieder von seiner Idee ab. Nach «äußerst produktive… [+241 chars],,de,'Krieg'
https://www.welt.de/wirtschaft/video6a565cab664e99bc41e92e01/niedrigere-us-inflationsrate-der-preisdruck-hat-im-juni-etwas-nachgelassen.html,https://www.welt.de/wirtschaft/video6a565cab664e99bc41e92e01/niedrigere-us-inflationsrate-der-preisdruck-hat-im-juni-etwas-nachgelassen.html,0,www.welt.de,„Der Preisdruck hat im Juni etwas nachgelassen“,"Die Eskalation im Iran-Konflikt sorgt für Unsicherheit an den Märkten. US-Inflation schwächt sich ab, bleibt aber ein Thema für die Notenbank. „Die US-Wirtschaft bleibt in einer Phase des inflationären Wachstums“, sagt Johannes Mayr, Chefvolkswirt bei Eyb & W…",https://images.welt.de/6a565cab664e99bc41e92e01/196fc32f160e0aea221803b699d313ba/ci16x9-w1200/boese-1407-02-png,2026-07-14T16:28:29Z,,"Die Eskalation im Iran-Konflikt sorgt für Unsicherheit an den Märkten. US-Inflation schwächt sich ab, bleibt aber ein Thema für die Notenbank. Die US-Wirtschaft bleibt in einer Phase des inflationäre… [+149 chars]",,de,'Inflation'
https://www.zeit.de/news/2026-07/14/gewitter-in-mittelfranken-und-oberpfalz,https://www.zeit.de/news/2026-07/14/gewitter-in-mittelfranken-und-oberpfalz,0,www.zeit.de,Sommerwetter in Bayern: Gewitter in Mittelfranken und Oberpfalz,Hier finden Sie Informationen zu dem Thema „Sommerwetter in Bayern“. Lesen Sie jetzt „Gewitter in Mittelfranken und Oberpfalz“.,https://img.zeit.de/news/2026-07/14/gewitter-in-mittelfranken-und-oberpfalz-image-group/wide__1300x731,2026-07-14T18:07:04Z,,In Franken und der Oberpfalz sind die erwarteten Gewitter eingetroffen. Im Raum Nürnberg gab es nach Angaben des Polizeipräsidiums Mittelfranken mehrere Einsätze. Einen Überblick über die Schäden hat… [+616 chars],,de,'Bayern'
https://www.faz.net/aktuell/wirtschaft/mehr-wirtschaft/fed-chef-kevin-warsh-verspricht-regimewechsel-201030495.html,https://www.faz.net/aktuell/wirtschaft/mehr-wirtschaft/fed-chef-kevin-warsh-verspricht-regimewechsel-201030495.html,0,www.faz.net,Auftritt im Kongress: Neuer Fed-Chef verspricht „Regimewechsel“,"Kevin Warsh stellt den Amerikanern in seiner ersten Anhörung vor dem Kongress ein Ende hoher Inflationsraten in Aussicht. Und er beteuert, sich nicht von Donald Trump unter Druck setzen zu lassen.",https://media0.faz.net/image/w1200h627/b9b3cf5e6a0f/w6144h3210x0y172o/202607/43601.0.2335120451/keine-toleranz-fuer-inflation.webp,2026-07-14T20:27:40Z,,Kevin Warsh verspricht Amerikanern ein Ende hoher Inflationsraten. In seiner mit Spannung erwarteten ersten Anhörung als Chef der Federal Reserve am Dienstag sagte er: Die Notenbank kann und wird Pre… [+4792 chars],,de,'Inflation'
https://www.zeit.de/news/2026-07/15/trump-droht-iran-mit-angriffen-auf-kraftwerke-und-bruecken,https://www.zeit.de/news/2026-07/15/trump-droht-iran-mit-angriffen-auf-kraftwerke-und-bruecken,0,www.zeit.de,Iran-Krieg: Trump droht Iran mit Angriffen auf Kraftwerke und Brücken,Hier finden Sie Informationen zu dem Thema „Iran-Krieg“. Lesen Sie jetzt „Trump droht Iran mit Angriffen auf Kraftwerke und Brücken“.,https://img.zeit.de/news/2026-07/15/trump-droht-iran-mit-angriffen-auf-kraftwerke-und-bruecken-image-group/wide__1300x731,2026-07-15T01:16:06Z,,"US-Präsident Donald Trump hat dem Iran mit Angriffen auf die zivile Infrastruktur des Landes gedroht. Nächste Woche würden alle Kraftwerke und Brücken zerstört, «es sei denn, sie kommen an den Verhan… [+1770 chars]",,de,'Krieg'
https://www.zeit.de/news/2026-07/15/sonne-wolken-und-gewitter,https://www.zeit.de/news/2026-07/15/sonne-wolken-und-gewitter,0,www.zeit.de,"Sommer in Bayern: Sonne, Wolken und Gewitter","Hier finden Sie Informationen zu dem Thema „Sommer in Bayern“. Lesen Sie jetzt „Sonne, Wolken und Gewitter“.",https://img.zeit.de/news/2026-07/15/sonne-wolken-und-gewitter-image-group/wide__1300x731,2026-07-15T04:00:16Z,,"Bayern steht laut Deutschem Wetterdienst ein eher unruhiger Tag bevor: Die Meteorologen erwarten landesweit einen Mix aus Sonne und Wolken, im Süden mit steigendem Schauer- und Gewitterrisiko im Lauf… [+447 chars]",,de,'Bayern'
https://www.zeit.de/wirtschaft/2026-07/lebensmittelpreise-inflation-anstieg-2020-2025-gxe,https://www.zeit.de/wirtschaft/2026-07/lebensmittelpreise-inflation-anstieg-2020-2025-gxe,0,www.zeit.de,Lebensmittelpreise: Lebensmittelpreise in Deutschland seit 2020 über 36 Prozent gestiegen,Die Preise für Lebensmittel sind innerhalb des Zeitraums 2020 bis 2025 deutlich stärker angestiegen als die allgemeine Inflation. Sie erhöhten sich um rund 36 Prozent.,https://img.zeit.de/wirtschaft/2026-07/lebensmittelpreise-inflation-anstieg-2020-2025-foto-1/wide__1300x731,2026-07-15T04:30:03Z,,"Nach Angaben der Bundesregierung sind die Preise für Lebensmittel seit 2020 deutlich stärker gestiegen als die allgemeine Inflation. Seit Anfang 2020 bis Mitte 2025 erhöhten sie sich um insgesamt 36,… [+1076 chars]",,de,'Inflation'
https://www.zeit.de/news/2026-07/15/reichtum-oel-und-allmacht-der-sultan-von-brunei-wird-80,https://www.zeit.de/news/2026-07/15/reichtum-oel-und-allmacht-der-sultan-von-brunei-wird-80,0,www.zeit.de,"Prunk wie im Märchen: Reichtum, Öl und Allmacht: Der Sultan von Brunei wird 80","Hier finden Sie Informationen zu dem Thema „Prunk wie im Märchen“. Lesen Sie jetzt „Reichtum, Öl und Allmacht: Der Sultan von Brunei wird 80“.",https://img.zeit.de/news/2026-07/15/reichtum-oel-und-allmacht-der-sultan-von-brunei-wird-80-image-group/wide__1300x731,2026-07-15T05:30:04Z,,"Vergoldete Kuppeln, Tausende Luxusautos und ein Palast, der größer ist als manches Dorf: Kaum ein Herrscher verkörpert märchenhaften Reichtum so sehr wie Sultan Hassanal Bolkiah von Brunei. Seit fast… [+5154 chars]",,de,'Öl'
https://www.diepresse.com/37382497/ezb-ratsmitglied-kocher-sehen-derzeit-keine-zweitrundeneffekte,https://www.diepresse.com/37382497/ezb-ratsmitglied-kocher-sehen-derzeit-keine-zweitrundeneffekte,0,www.diepresse.com,EZB-Ratsmitglied Kocher: Sehen derzeit keine Zweitrundeneffekte,"„Wir sehen aktuell ​keine Zweitrundeneffekte, müssen unsere Geldpolitik jedoch auch an den Inflationserwartungen ausrichten“, sagt Österreichs Notenbankchef Martin Kocher.",https://img.diepresse.com/public/incoming/s3j3jh-pk-oenb-realwirtschaftliche-prognose-interimsprognose-kocher-jpg/alternates/WEBP_WIDE_1200/PK%20OENB%20REALWIRTSCHAFTLICHE%20PROGNOSE%20-%20INTERIMSPROGNOSE%20-%20KOCHER%20.jpg,2026-07-15T06:09:49Z,,"Die Presse auf Google als bevorzugte Nachrichtenquelle hinzufügen.
 Österreichs Notenbankchef Martin Kocher betont angesichts gestiegener Ölpreise durch den Iran-Krieg die Handlungsbereitschaft der … [+1760 chars]",,de,'Energiepreise'
https://www.zeit.de/news/2026-07/15/ab-2029-bayern-strukturiert-staatsmuseen-um,https://www.zeit.de/news/2026-07/15/ab-2029-bayern-strukturiert-staatsmuseen-um,0,www.zeit.de,Museumsreform: Ab 2029: Bayern strukturiert Staatsmuseen um,Hier finden Sie Informationen zu dem Thema „Museumsreform“. Lesen Sie jetzt „Ab 2029: Bayern strukturiert Staatsmuseen um“.,https://img.zeit.de/news/2026-07/15/ab-2029-bayern-strukturiert-staatsmuseen-um-image-group/wide__1300x731,2026-07-15T07:52:10Z,,"Die staatlichen Kunstmuseen in Bayern sollen unabhängiger werden. Das Ziel: mehr Selbständigkeit, wirtschaftliche Verantwortung und Freiheit - und weniger Staat. Gelingen soll das, indem sich die 18 … [+2134 chars]",,de,'Bayern'
https://www.dwdl.de/zahlenzentrale/107171/bayern_1_faellt_unter_millionenmarke_radio_nrw_baut_vorsprung_aus/,https://www.dwdl.de/zahlenzentrale/107171/bayern_1_faellt_unter_millionenmarke_radio_nrw_baut_vorsprung_aus/,0,www.dwdl.de,"Bayern 1 fällt unter Millionen-Marke, Radio NRW baut Vorsprung aus","Auch weiterhin bleibt die Radio-Nutzung konstant hoch, wie aus den neuen Daten der Audio-MA hervorgeht. Allerdings gelang es keinem Einzelsender mehr, die Millionen-Marke zu überspringen, nachdem Bayern 1 kräftg verlor. Weiter an der Spitze bleibt Radio NRW.",https://www.dwdl.de/images/1752657678_audio-ma.jpg,2026-07-15T09:58:00Z,,"Es ist wieder Zeugnis-Tag für die Radiobranche. Die gute Nachricht vorweg: Die am Mittwoch veröffentlichten Ergebnisse der Arbeitsgemeinschaft Media-Analyse (AGMA) belegen, dass die Audio-Nutzung wei… [+8280 chars]",,de,'Bayern'
https://www.telepolis.de/article/Gegen-Putins-Oreshnik-Fuenf-EU-Ruestungsriesen-planen-Allianz-fuer-das-Weltall-11365601.html,https://www.telepolis.de/article/Gegen-Putins-Oreshnik-Fuenf-EU-Ruestungsriesen-planen-Allianz-fuer-das-Weltall-11365601.html,0,www.telepolis.de,Gegen Putins Oreshnik: Fünf EU-Rüstungsriesen planen Allianz für das Weltall,"Mit Projekt Bliksem EXO wollen Destinus, MBDA, Airbus, Thales und Safran teure Abhängigkeit von US-Systemen beenden. Erste Weltraumtests sind für 2027 geplant.",https://heise.cloudimg.io/bound/1200x1200/q85.png-lossy-85.webp-lossy-85.foil1/_www-heise-de_/imgs/18/5/1/1/7/2/6/1/shutterstock_2391403893-5e06ff98edb7046d.jpg,2026-07-15T10:10:00Z,,"Symbolbild
(Bild: Mike Mareen / Shutterstock.com)
Mit Projekt Bliksem EXO wollen Destinus, MBDA, Airbus, Thales und Safran teure Abhängigkeit von US-Systemen beenden. Erste Weltraumtests sind für 2… [+3413 chars]",,de,'Abhängigkeit'
https://www.faz.net/aktuell/gesellschaft/care-pakete-vor-80-jahren-kam-die-erste-hilfslieferung-nach-deutschland-accg-200924179.html,https://www.faz.net/aktuell/gesellschaft/care-pakete-vor-80-jahren-kam-die-erste-hilfslieferung-nach-deutschland-accg-200924179.html,0,www.faz.net,"Hilfe nach dem Krieg: „Sie bitten flehentlichst, sie doch nicht verhungern zu lassen“","Schokolade, Öl und Vollfett-Milchpulver befanden sich in den Care-Paketen, die vor 80 Jahren erstmals verteilt wurden. Sie linderten den Hunger von Millionen Europäern – auch den von Peter Molt und Anita Stapel.",https://media0.faz.net/image/w1200h627/4785f2c3c872/w4683h2446x0y94o/202606/43601.0.2248471235/die-botschaft-von-einer.webp,2026-07-15T10:29:52Z,,"Achtzig Jahre ist es bald her, dass seine Familie in Stuttgart das erste Care-Paket bekam. Peter Molt hat diesen Festtag noch genau vor Augen. Für die Verteilung war seine Tante zuständig. Sie stellt… [+378 chars]",,de,'Öl'
https://www.zeit.de/news/2026-07/15/deutschland-beteiligt-sich-an-manoever-der-ukraine-koalition,https://www.zeit.de/news/2026-07/15/deutschland-beteiligt-sich-an-manoever-der-ukraine-koalition,0,www.zeit.de,Ukraine-Krieg: Deutschland beteiligt sich an Manöver der Ukraine-Koalition,Hier finden Sie Informationen zu dem Thema „Ukraine-Krieg“. Lesen Sie jetzt „Deutschland beteiligt sich an Manöver der Ukraine-Koalition“.,https://img.zeit.de/news/2026-07/15/deutschland-beteiligt-sich-an-manoever-der-ukraine-koalition-image-group/wide__1300x731,2026-07-15T10:39:15Z,,Deutschland wird sich doch an dem ersten Manöver der von Ukraine-Verbündeten gegründeten «Koalition der Willigen» beteiligen. Am Freitag werde man in einer Sitzung des deutsch-französischen Sicherhei… [+2012 chars],,de,'Krieg'
https://www.bild.de/sport/fussball/fc-bayern-saudi-klubs-wollen-diesen-bayern-star-6a560877714bf8869b95eb8f,https://www.bild.de/sport/fussball/fc-bayern-saudi-klubs-wollen-diesen-bayern-star-6a560877714bf8869b95eb8f,0,www.bild.de,Sie waren schon an der Säbener Straße - Saudis wollen Bayern-Star!,Sudis haben ihre Fühler nach einem Bayern-Star ausgestreckt. Sie waren sogar schon an der Säbener Straße.,"https://images.bild.de/6a560877714bf8869b95eb8f/28fff3d65b02557e1b1dcfe92d5a3e74,2f7ac22e?w=1280",2026-07-15T10:45:55Z,,"Saudi-Klubs haben ihre Fühler nach einem Bayern-Star ausgestreckt, waren seinetwegen sogar schon in München an der Säbener Straße. 
Mit BILDplus erfahren Sie alle Details.",,de,'Bayern'
https://www.bild.de/news/ausland/kurz-nach-ihrer-hochzeit-influencerin-30-stirbt-nach-crash-mit-ski-legende-6a574e0cb95fa94b3abc222e,https://www.bild.de/news/ausland/kurz-nach-ihrer-hochzeit-influencerin-30-stirbt-nach-crash-mit-ski-legende-6a574e0cb95fa94b3abc222e,0,www.bild.de,Kurz nach ihrer Hochzeit - Influencerin stirbt nach Crash mit Ski-Legende,Influencerin Laura Härtig (30) aus Bayern erlag am Sonntagabend ihren schweren Verletzungen – 19 Tage nach einem tragischen Crash in den Dolomiten.,"https://images.bild.de/6a574e0cb95fa94b3abc222e/2c34b671baf6b502cf7e4523bff3ed7b,d3c4a14d?w=1280",2026-07-15T10:48:46Z,,"TTS-Player überspringenArtikel weiterlesenPenzberg/Canazei Trauer um Outdoor-Influencerin Laura Viktoria Härtig (30). Die junge Frau aus Bayern erlag am Sonntagabend ihren schweren Verletzungen, 19 T… [+2055 chars]",,de,'Bayern'
https://www.zeit.de/news/2026-07/15/bayern-am-samstagabend-auf-schalke-fca-zweimal-sonntags,https://www.zeit.de/news/2026-07/15/bayern-am-samstagabend-auf-schalke-fca-zweimal-sonntags,0,www.zeit.de,Fußball-Bundesliga: Bayern am Samstagabend auf Schalke - FCA zweimal sonntags,Hier finden Sie Informationen zu dem Thema „Fußball-Bundesliga“. Lesen Sie jetzt „Bayern am Samstagabend auf Schalke - FCA zweimal sonntags“.,https://img.zeit.de/news/2026-07/15/bayern-am-samstagabend-auf-schalke-fca-zweimal-sonntags-image-group/wide__1300x731,2026-07-15T10:52:51Z,,Der deutsche Fußball-Meister FC Bayern München gastiert nach der Saisoneröffnung am 28. August gegen den VfB Stuttgart beim FC Schalke 04. Das Duell mit dem Aufsteiger wird am 5. September um 18.30 U… [+854 chars],,de,'Bayern'
https://www.faz.net/aktuell/wirtschaft/unternehmen/business-liveticker-basf-hebt-nach-gewinnsprung-jahresziele-an-faz-200452404.html,https://www.faz.net/aktuell/wirtschaft/unternehmen/business-liveticker-basf-hebt-nach-gewinnsprung-jahresziele-an-faz-200452404.html,0,www.faz.net,Business-Ticker: BASF hebt nach Gewinnsprung Jahresziele an,"Zweites Quartal besser als erwartet +++ Deutsche-Bank-Razzia in Frankfurter Privatkundenfiliale +++ IT-Unternehmen IBM erlöst weniger als erwartet +++ US-Inflation sinkt auf 3,5 Prozent +++ Neuigkeiten im Unternehmen-Liveblog.",https://media0.faz.net/image/w1200h627/4c3fed80159e/w6144h3210x0y443o/202607/43601.0.2337242413/ludwigshafen-ein-schornstein.webp,2026-07-15T11:26:37Z,,"Die Inflation in den USA hat sich nach einem deutlichen Anstieg im Frühjahr wieder abgekühlt, berichtet die Nachrichtenagentur AFP. Sie ging im Juni auf 3,5 Prozent im Vergleich zum Vorjahreszeitraum… [+1339 chars]",,de,'Inflation'
https://www.focus.de/panorama/fuehrerschein-weg-wegen-blutdruck-arznei-mann-aus-bayern-erlebt-buerokratie-horror_f60728e0-4902-471e-85d9-4cb3217ccfb2.html,https://www.focus.de/panorama/fuehrerschein-weg-wegen-blutdruck-arznei-mann-aus-bayern-erlebt-buerokratie-horror_f60728e0-4902-471e-85d9-4cb3217ccfb2.html,0,www.focus.de,Führerschein weg wegen Blutdruck-Arznei? Mann aus Bayern erlebt Bürokratie-Horror,Alexander Schiechel (49) wollte sich ehrenamtlich bei einem Fahrprojekt für Jugendliche engagieren. Statt einer Zusage bekam er Ärger mit dem Landratsamt.,"https://quadro.burda-forward.de/ctf/939da109-38bd-40d9-aa60-280010e2ceeb.0c3fdab5-d43a-4284-a4e1-066c4c5d6b1d.png?im=RegionOfInterestCrop=(1200,630),regionOfInterest=(674,324)&hash=22b9add499113d5ff0b75417fae13687dd9758cd072b293552a7b767cb7c62f6",2026-07-15T11:34:00Z,,"Alexander Schiechel hat nichts falsch gemacht. Im Gegenteil. Er wollte Gutes tun und sich ehrenamtlich engagieren. Doch dann geriet er in die Mühlen der deutschen Bürokratie.
Seine Hilfsbereitschaft… [+12642 chars]",,de,'Bayern'
https://www.focus.de/sport/fussball/kane-letzte-hoffnung-nach-44-jahren-droht-bayerns-historische-wm-final-serie-zu-reissen_2e1bdcce-2fbf-4a89-99f5-143908257be0.html,https://www.focus.de/sport/fussball/kane-letzte-hoffnung-nach-44-jahren-droht-bayerns-historische-wm-final-serie-zu-reissen_2e1bdcce-2fbf-4a89-99f5-143908257be0.html,0,www.focus.de,Kane letzte Hoffnung: Nach 44 Jahren droht Bayerns historische WM-Final-Serie zu reißen,Mit dem WM-Aus von Michael Olise und Dayot Upamecano ist Harry Kane der letzte verbliebene Bayern-Profi im Turnier. Und die letzte Hoffnung auf eine Serie.,"https://quadro.burda-forward.de/ctf/973f3966-f341-43ec-8271-9fef12bd5b1f.c78424e6-6d15-4099-83f4-db9a57dac32d.jpg?im=RegionOfInterestCrop=(1200,630),regionOfInterest=(2245,1164)&hash=b87a93e493ed6d18af33f9df25bd701b3451780a2100e2219932e653990f7689",2026-07-15T11:43:00Z,,"Der englische Kapitän trifft am Mittwochabend mit den Three Lions auf Titelverteidiger Argentinien. Nur wenn England das Finale erreicht, bleibt die beeindruckende Bayern-Serie bestehen.
Bayerns Fin… [+1935 chars]",,de,'Bayern'
https://www.bild.de/sport/fussball/ex-bayern-trainer-heute-im-wm-halbfinale-deutsche-daten-sollen-tuchel-zum-weltmeister-machen-6a56532188b6b373594b1b34,https://www.bild.de/sport/fussball/ex-bayern-trainer-heute-im-wm-halbfinale-deutsche-daten-sollen-tuchel-zum-weltmeister-machen-6a56532188b6b373594b1b34,0,www.bild.de,Ex-Bayern-Trainer heute im WM-Halbfinale - Deutsche Daten sollen Tuchel zum Weltmeister machen,Thomas Tuchel ist mit England auf WM-Titelkurs. Der Trainer setzt dabei auch auf deutsche Daten. Jetzt trifft er im Halbfinale auf Argentinien.,"https://images.bild.de/6a56532188b6b373594b1b34/dd66079508bfa4cf0300fd1aa2dd1a7c,bf8b990?w=1280",2026-07-15T11:50:11Z,,"TTS-Player überspringenArtikel weiterlesenEine nette Begrüßung fällt anders aus. Als der englische Fußball-Verband FA im Herbst 2024 bekannt gab, dass mit Thomas Tuchel (52) ausgerechnet ein Deutsche… [+4493 chars]",,de,'Bayern'
https://www.sueddeutsche.de/bayern/bayern-zehntausende-jobs-industrie-gefaehrdet-li.3516495,https://www.sueddeutsche.de/bayern/bayern-zehntausende-jobs-industrie-gefaehrdet-li.3516495,0,www.sueddeutsche.de,Wirtschaft in Bayern: Zehntausende Jobs in Bayerns Industrie gefährdet,Die Metall- und Elektroindustrie ist Bayerns wichtigster Wirtschaftszweig – und seit sieben Jahren nahezu kontinuierlich in der Krise. Doch auch in anderen Wirtschaftszweigen sieht es schlecht aus.,https://www.sueddeutsche.de/2026/06/01/bd48e814-b657-408e-819e-cdae54761830.jpg?q=60&fm=webp&width=1200&rect=0%2C206%2C4000%2C2250,2026-07-15T12:02:53Z,,"Grund ist die anhaltende schlechte Lage des wichtigsten Wirtschaftszweigs in Bayern. Auch in diesem Jahr ist die Produktion der bayerischen Industrie insgesamt bislang geschrumpft, wie das Landesamt … [+2420 chars]",,de,'Bayern'
https://www.zeit.de/news/2026-07/15/das-sind-die-plaene-der-museumsreform-in-bayern,https://www.zeit.de/news/2026-07/15/das-sind-die-plaene-der-museumsreform-in-bayern,0,www.zeit.de,Museumsreform: Das sind die Pläne der Museumsreform in Bayern,Hier finden Sie Informationen zu dem Thema „Museumsreform“. Lesen Sie jetzt „Das sind die Pläne der Museumsreform in Bayern“.,https://img.zeit.de/news/2026-07/15/das-sind-die-plaene-der-museumsreform-in-bayern-image-group/wide__1300x731,2026-07-15T12:16:14Z,,"Bayern reformiert seine staatlichen Kunstmuseen. Das Ziel: «eine Abkehr vom Behördenstatus» und mehr Autonomie und Freiheit für die Häuser, wie Kunstminister Markus Blume (CSU) im Landtag bei der Vor… [+5366 chars]",,de,'Bayern'
https://www.focus.de/sport/fussball/vincent-kompany-ist-beim-fc-bayern-jetzt-maechtiger-als-es-pep-guardiola-je-war_f5e41503-0624-446d-9323-06af82bfe172.html,https://www.focus.de/sport/fussball/vincent-kompany-ist-beim-fc-bayern-jetzt-maechtiger-als-es-pep-guardiola-je-war_f5e41503-0624-446d-9323-06af82bfe172.html,0,www.focus.de,"Vincent Kompany ist beim FC Bayern jetzt mächtiger, als es Pep Guardiola je war",Vincent Kompany hat sich beim FC Bayern eine starke Position erarbeitet. Der Belgier soll mehr Einfluss als Pep Guardiola haben – und wird überall eingebunden.,"https://quadro.burda-forward.de/ctf/799cdf59-38fe-45b8-9e46-6bf6428a2f0e.ebdd8eb3-fd14-49fa-b959-585a0809cb27.jpeg?im=RegionOfInterestCrop=(1200,630),regionOfInterest=(769,352)&hash=77b23888f8cf4db50f7fa4390b207edb2c58b70db04a9a476e8ea45db3986c77",2026-07-15T12:30:00Z,,"Demnach werde Kompany bei zentralen Themen wie Transfers, Kaderplanung und der sportlichen Ausrichtung eng in sämtliche Entscheidungsprozesse eingebunden. Sein Wort besitzt innerhalb der Vereinsführu… [+2384 chars]",,de,'Bayern'
https://www.sueddeutsche.de/bayern/bayern-bio-landwirtschaft-ziel-30-prozent-li.3515894,https://www.sueddeutsche.de/bayern/bayern-bio-landwirtschaft-ziel-30-prozent-li.3515894,0,www.sueddeutsche.de,Agrarpolitik: Bayerns Staatsregierung verfehlt ihr Bio-Ziel,"Vor sieben Jahren haben CSU und Freie Wähler gesetzlich verankert, dass es bis 2030 in Bayern 30 Prozent Öko-Landwirtschaft geben soll. Nun haben sie sich offenkundig davon verabschiedet.",https://www.sueddeutsche.de/2026/07/15/d1223abb-8e5a-4d12-b4aa-139242e3cac7.jpg?q=60&fm=webp&width=1200&rect=0%2C183%2C4000%2C2250,2026-07-15T13:25:16Z,,"Was die zentrale Forderung des Volksbegehrens angeht, ist Schwarz-Orange inzwischen krachend gescheitert. Das ist das Ziel: 30 Prozent Bio-Landwirtschaft bis 2030. Das muss man so sagen, auch wenn es… [+3858 chars]",,de,'Bayern'
https://www.faz.net/aktuell/feuilleton/kunstmarkt/nachlass-der-herzoege-in-bayern-auktion-bei-scheublein-201032900.html,https://www.faz.net/aktuell/feuilleton/kunstmarkt/nachlass-der-herzoege-in-bayern-auktion-bei-scheublein-201032900.html,0,www.faz.net,Auktionserfolg in München: Der Adel bleibt den Bietern lieb und teuer,Die Versteigerung aus dem Nachlass der Herzöge in Bayern geriet für das Münchner Auktionshaus Scheublein zum Triumph. Objekte mit Bezug zum Kaiserhaus erzielten besonders hohe Preise.,https://media0.faz.net/image/w1200h627/f40d60e8901e/w892h466x52y364o/202606/43601.0.2204259483/fuer-15-200-euro-brutto-in-ein.webp,2026-07-15T13:31:00Z,,"Schlag auf Schlag ging es, als das Auktionshaus Scheublein in München Nachlässe der Herzöge in Bayern versteigerte. Am Ende der Versteigerung waren 96 Prozent der 1028 Lose, die oft mehrere Objekte i… [+1323 chars]",,de,'Bayern'
https://www.zeit.de/news/2026-07/15/bericht-bayern-zugang-saibari-in-muenchen-gelandet,https://www.zeit.de/news/2026-07/15/bericht-bayern-zugang-saibari-in-muenchen-gelandet,0,www.zeit.de,Fußball-Bundesliga: Bericht: Bayern-Zugang Saibari in München gelandet,Hier finden Sie Informationen zu dem Thema „Fußball-Bundesliga“. Lesen Sie jetzt „Bericht: Bayern-Zugang Saibari in München gelandet“.,https://img.zeit.de/news/2026-07/15/bericht-bayern-zugang-saibari-in-muenchen-gelandet-image-group/wide__1300x731,2026-07-15T13:33:04Z,,Der marokkanische Fußball-Nationalspieler Ismael Saibari ist in München eingetroffen. Der Zugang des deutschen Meisters FC Bayern München landete nach «Bild»-Informationen am Mittwoch mit einem Priva… [+772 chars],,de,'Bayern'
https://www.nzz.ch/international/iran-die-usa-wollen-eine-alternativ-zu-hormuz-schaffen-ld.10015362,https://www.nzz.ch/international/iran-die-usa-wollen-eine-alternativ-zu-hormuz-schaffen-ld.10015362,0,www.nzz.ch,"Mittelmeer statt Hormuz? Wie die USA versuchen, über den Irak und Syrien eine Alternative zur Meerenge zu schaffen","Das maritime Nadelöhr ist wieder geschlossen, die Energiepreise schnellen in die Höhe. Doch schon bald könnte die Strasse von Hormuz ihre Bedeutung für die Weltwirtschaft verlieren.","https://img-msp-prod.nzz.ch/2026/07/15/0c282a9d-2012-4ad7-9522-1cbf7c105a29.jpg?width=1200&height=674&fit=bounds&quality=75&auto=webp&crop=2893,1627,x282,y712&wmark=nzz",2026-07-15T13:55:00Z,,"Das maritime Nadelöhr ist wieder geschlossen, die Energiepreise schnellen in die Höhe. Doch schon bald könnte die Strasse von Hormuz ihre Bedeutung für die Weltwirtschaft verlieren.
Kommentieren
Zu… [+6058 chars]",,de,'Energiepreise'
https://www.zeit.de/politik/ausland/2026-07/drohnen-ukraine-revolution-ulrike-franke,https://www.zeit.de/politik/ausland/2026-07/drohnen-ukraine-revolution-ulrike-franke,0,www.zeit.de,Ulrike Franke: Was kommt als Nächstes? »Drohnenschwärme«,"Drohnen haben Krieg auf Arten verändert, die niemand erwartet hatte, sagt die Forscherin Ulrike Franke. Jeder Soldat müsse sie verstehen – ob als Operateur oder Gejagter.",https://img.zeit.de/politik/ausland/2026-07/drohnen-ukraine-revolution-ulrike-franke-bild/wide__1300x731,2026-07-15T14:00:58Z,,"Die deutsche Politologin Ulrike Franke hat in ihrer Doktorarbeit 
untersucht, wie Drohnen die Kriegsführung verändern. Sie forscht zu 
Verteidigungs- und Sicherheitspolitik und arbeitet beim Europe… [+341 chars]",,de,'Krieg'
https://www.focus.de/finanzen/news/europa-kauft-so-viel-russisches-gas-wie-noch-nie_edac266a-28b9-43ae-959e-215de56dcc9d.html,https://www.focus.de/finanzen/news/europa-kauft-so-viel-russisches-gas-wie-noch-nie_edac266a-28b9-43ae-959e-215de56dcc9d.html,0,www.focus.de,Europa kauft so viel russisches Gas wie noch nie,"Rekordimporte von russischem LNG, leere Speicher, Fracking-Debatte: Deutschland steuert 2027 in einen Energie-Stresstest.","https://quadro.burda-forward.de/ctf/cf2a12f1-a4d8-474d-acbe-5c495919a49a.f1dd18be-9c72-44b9-9fea-efefe42abc56.jpg?im=RegionOfInterestCrop=(1200,630),regionOfInterest=(2305,1133)&hash=5c4e2bb41d34635459c258ad9fc831c5db6775e22295ff9892151ab90e14c4a1",2026-07-15T14:15:00Z,,Ausgerechnet in den letzten Monaten vor dem vollständigen Importverbot kauft Europa so viel verflüssigtes Erdgas aus Russland wie nie zuvor. Im ersten Halbjahr 2026 importierten die EU-Staaten nach D… [+6476 chars],,de,'Gasspeicher'
https://www.welt.de/politik/plus6a574cc30fae4e2165e35c49/big-tech-und-berater-ein-dossier-zwei-lobbyfirmen-und-der-kampf-um-europas-daten.html,https://www.welt.de/politik/plus6a574cc30fae4e2165e35c49/big-tech-und-berater-ein-dossier-zwei-lobbyfirmen-und-der-kampf-um-europas-daten.html,0,www.welt.de,"Ein Dossier, zwei Lobbyfirmen und der Kampf um Europas Daten",Europa will beim Thema Daten seine Abhängigkeit von den großen US-Tech-Konzernen verringern. Den Unternehmen droht ein Milliardenmarkt wegzubrechen. Mitten in der Situation gibt es eine Auseinandersetzung zwischen Lobby-Unternehmen.,https://images.welt.de/6a574cc30fae4e2165e35c49/0ec13e4656b77c5b724cd42d917fb4e2-master/ci16x9-w1200/gettyimages-1068311498-jpg,2026-07-15T15:57:59Z,,Die WELT als ePaper: Die vollständige Ausgabe steht Ihnen bereits am Vorabend zur Verfügung so sind Sie immer hochaktuell informiert. Weitere Informationen https://epaper.welt.de,,de,'Abhängigkeit'
https://www.zeit.de/news/2026-07/15/eu-haelt-trotz-hoher-oel-preise-an-russland-preisdeckel-fest,https://www.zeit.de/news/2026-07/15/eu-haelt-trotz-hoher-oel-preise-an-russland-preisdeckel-fest,0,www.zeit.de,Ukraine-Krieg: EU hält trotz hoher Öl-Preise an Russland-Preisdeckel fest,Hier finden Sie Informationen zu dem Thema „Ukraine-Krieg“. Lesen Sie jetzt „EU hält trotz hoher Öl-Preise an Russland-Preisdeckel fest“.,https://img.zeit.de/news/2026-07/15/eu-haelt-trotz-hoher-oel-preise-an-russland-preisdeckel-fest-image-group/wide__1300x731,2026-07-15T16:36:11Z,,Die EU wird ihr Sanktionssystem zur Begrenzung von Russlands Einnahmen aus Ölexporten trotz der gestiegenen Weltmarktpreise wegen des Iran-Kriegs vorerst nicht lockern. Vertreter der Mitgliedstaaten … [+2042 chars],,de,'Krieg'
https://taz.de/Reaktion-auf-den-Irankrieg/!6196214/,https://taz.de/Reaktion-auf-den-Irankrieg/!6196214/,0,taz.de,Reaktion auf den Irankrieg: Die Umgehungsstraße von Hormus,"Die Golfstaaten beginnen mit dem Aufbau von alternativen Häfen und Pipelines, um die Blockade der Straße von Hormus zu umgehen. Es geht um Öl und Düngemittel.",https://taz.de/picture/8611851/1200/555200204.jpeg,2026-07-15T16:37:00Z,,"Die Golfstaaten beginnen mit dem Aufbau von alternativen Häfen und Pipelines, um die Blockade der Straße von Hormus zu umgehen. Es geht um Öl und Düngemittel. mehr...",,de,'Öl'
https://www.zeit.de/news/2026-07/15/rosatom-drohne-toetet-chefingenieur-des-akw-saporischschja,https://www.zeit.de/news/2026-07/15/rosatom-drohne-toetet-chefingenieur-des-akw-saporischschja,0,www.zeit.de,Ukraine-Krieg: Rosatom: Drohne tötet Chefingenieur des AKW Saporischschja,Hier finden Sie Informationen zu dem Thema „Ukraine-Krieg“. Lesen Sie jetzt „Rosatom: Drohne tötet Chefingenieur des AKW Saporischschja“.,https://img.zeit.de/news/2026-07/15/rosatom-drohne-toetet-chefingenieur-des-akw-saporischschja-image-group/wide__1300x731,2026-07-15T18:39:50Z,,Eine ukrainische Drohne soll nach russischen Angaben den Chefingenieur des besetzten Atomkraftwerks Saporischschja in der Südostukraine getötet haben. «Eine Drohne der ukrainischen Streitkräfte griff… [+1515 chars],,de,'Krieg'
https://www.zeit.de/news/2026-07/16/energiekonzern-chef-soll-ukrainische-regierung-fuehren,https://www.zeit.de/news/2026-07/16/energiekonzern-chef-soll-ukrainische-regierung-fuehren,0,www.zeit.de,Regierungsumbau im Krieg: Energiekonzern-Chef soll ukrainische Regierung führen,Hier finden Sie Informationen zu dem Thema „Regierungsumbau im Krieg“. Lesen Sie jetzt „Energiekonzern-Chef soll ukrainische Regierung führen“.,https://img.zeit.de/news/2026-07/16/energiekonzern-chef-soll-ukrainische-regierung-fuehren-image-group/wide__1300x731,2026-07-16T01:28:33Z,,Mitten im Krieg gegen den Angreifer Russland gibt es in der Ukraine die nächste Regierungsumbildung. Präsident Wolodymyr Selenskyj will nach der Entlassung des gesamten Ministerkabinetts den bisherig… [+6082 chars],,de,'Krieg'
https://www.zeit.de/news/2026-07/16/bayern-bei-stromer-neuzulassungen-nur-unterdurchschnittlich,https://www.zeit.de/news/2026-07/16/bayern-bei-stromer-neuzulassungen-nur-unterdurchschnittlich,0,www.zeit.de,Alternative Antriebe: Bayern bei Stromer-Neuzulassungen nur unterdurchschnittlich,Hier finden Sie Informationen zu dem Thema „Alternative Antriebe“. Lesen Sie jetzt „Bayern bei Stromer-Neuzulassungen nur unterdurchschnittlich“.,https://img.zeit.de/news/2026-07/16/bayern-bei-stromer-neuzulassungen-nur-unterdurchschnittlich-image-group/wide__1300x731,2026-07-16T02:00:32Z,,"In Bayern werden mehr Elektroautos verkauft. Im ersten Halbjahr machten reine Stromer 23,6 Prozent der Pkw-Neuzulassungen im Freistaat aus, wie aus Zahlen des Kraftfahrt-Bundesamtes hervorgeht. Insge… [+684 chars]",,de,'Bayern'
https://www.derstandard.at/story/3000000331526/speicherstand-niedrig-eu-staaten-muessen-beim-befuellen-aufs-gaspedal-treten,https://www.derstandard.at/story/3000000331526/speicherstand-niedrig-eu-staaten-muessen-beim-befuellen-aufs-gaspedal-treten,0,www.derstandard.at,Speicherstand niedrig: EU-Staaten müssen beim Befüllen aufs Gaspedal treten,"Die Gasspeicher der EU-Staaten füllen sich im heurigen Sommer langsamer als in den vergangenen Jahren. Hintergrund ist auch, aber nicht nur der Krieg in Nahost",https://i.ds.at/kN5oMg/rs:fill:1200:600/plain/lido-images/2026/07/15/5541c5d6-4b12-4732-8392-560e98f09e1c.jpg,2026-07-16T03:00:00Z,,"Sie entscheiden darüber, wie Sie unsere Inhalte nutzen wollen. Ihr Gerät erlaubt uns derzeit leider nicht, die entsprechenden Optionen anzuzeigen.
Bitte deaktivieren Sie sämtliche Hard- und Software… [+180 chars]",,de,'Gasspeicher'
https://www.zeit.de/news/2026-07/16/gewittergefahr-bleibt,https://www.zeit.de/news/2026-07/16/gewittergefahr-bleibt,0,www.zeit.de,Wetter in Bayern: Gewittergefahr bleibt,Hier finden Sie Informationen zu dem Thema „Wetter in Bayern“. Lesen Sie jetzt „Gewittergefahr bleibt“.,https://img.zeit.de/news/2026-07/16/gewittergefahr-bleibt-image-group/wide__1300x731,2026-07-16T04:02:59Z,,"Auch in den kommenden Tagen wird das Wetter in Bayern nicht ungetrübt-sommerlich. Immer wieder gibt es Gewitter und Regenschauer, wie aus den Informationen des Deutschen Wetterdienstes (DWD) hervorge… [+605 chars]",,de,'Bayern'
https://www.morgenpost.de/kultur/tv-streaming/article412591515/markus-lanz-aeussert-zweifel-schuetzt-das-voelkerrecht-die-falschen.html,https://www.morgenpost.de/kultur/tv-streaming/article412591515/markus-lanz-aeussert-zweifel-schuetzt-das-voelkerrecht-die-falschen.html,0,www.morgenpost.de,Markus Lanz äußert Zweifel: „Schützt das Völkerrecht die Falschen?“,"Hilft das Völkerrecht Putin und Netanjahu sogar? Bei „Lanz“ wird durch drei Rechtsexperten deutlich: Es kommt darauf an, wen man fragt.",https://img.sparknews.funkemedien.de/412579761/412579761_1784086398_v16_9_1600.jpeg,2026-07-16T04:20:52Z,,"Zuletzt gab es in den deutschen Talkshows kaum eine außenpolitische Diskussion, in der es nicht früher oder später angesprochen wurde: das Völkerrecht. Ukraine, Iran, Gaza, Venezuela: In fast jeder a… [+3891 chars]",,de,'Putin'
https://www.zeit.de/news/2026-07/16/polizei-meldet-wenig-unwetterschaeden-in-bayern,https://www.zeit.de/news/2026-07/16/polizei-meldet-wenig-unwetterschaeden-in-bayern,0,www.zeit.de,Bäume stürzen auf Straßen: Polizei meldet wenig Unwetterschäden in Bayern,Hier finden Sie Informationen zu dem Thema „Bäume stürzen auf Straßen“. Lesen Sie jetzt „Polizei meldet wenig Unwetterschäden in Bayern“.,https://img.zeit.de/news/2026-07/16/polizei-meldet-wenig-unwetterschaeden-in-bayern-image-group/wide__1300x731,2026-07-16T05:46:54Z,,"Das Gewitter in der Nacht ist in Bayern weitgehend ohne Folgen geblieben. Nur in Schwaben stürzten ein paar Bäume um, wie das Polizeipräsidium Schwaben Süd/West mitteilte. In den restlichen Teilen Ba… [+268 chars]",,de,'Bayern'
https://noe.orf.at/stories/3362909/,https://noe.orf.at/stories/3362909/,0,noe.orf.at,Windräder: Volksbefragung abgelehnt,"Über die Errichtung von acht geplanten Windrädern in Traismauer (Bezirk St. Pölten) wird seit Monaten heftig diskutiert. Am Mittwochabend stimmte der Gemeinderat für einen Partnerschafts-Vertrag mit dem Errichter der Windräder, die Volksbefragung abgelehnt.",https://ibs.orf.at/noe?image=https%3A%2F%2Foekastatic.orf.at%2Fmims%2F2023%2F22%2F95%2Fcrops%2Fw%3D1200%2Ch%3D627%2Cq%3D75%2F1807438_master_673395_ki_windrad_klima_energie_vik.jpg%3Fs%3Dbbb3db4035b210a9a01a2f94afc8bee5c6b02909,2026-07-16T06:21:31Z,,"Bis nach Mitternacht dauerte die Gemeinderatssitzung in Traismauer am Mittwochabend, es war die Fortsetzung der vergangenen Woche. Denn: Bereits letzten Donnerstag sollten in der Gemeinderatssitzung … [+1278 chars]",,de,'Windräder'
https://www.focus.de/politik/ausland/russland-mangelt-es-an-luftabwehrsystemen_129b972b-d648-4a9d-be51-135718865aa8.html,https://www.focus.de/politik/ausland/russland-mangelt-es-an-luftabwehrsystemen_129b972b-d648-4a9d-be51-135718865aa8.html,0,www.focus.de,Russland hat zu wenige Flugabwehrsysteme: Putin verlegt Schutz aus dem Norden ins Zentrum,Russland zieht laut Satellitenbildern S-300- und S-400-Systeme aus dem Norden ab. Experten sehen darin ein Zeichen für wachsenden Druck durch ukrainische Drohnenangriffe.,"https://quadro.burda-forward.de/ctf/0a7b7a1d-4ba4-48f7-821e-e24a517cb96e.fbdffdd2-c696-4dee-9f0a-e2cb7ddf7e0a.jpeg?im=RegionOfInterestCrop=(1200,630),regionOfInterest=(405,184)&hash=2723d875c13d3dac7d4d5f8a2bce4475699c04f269b9c16f53d858919ee7665e",2026-07-16T07:17:00Z,,"Russland hat mehrere Flugabwehrsysteme aus dem hohen Norden abgezogen. Der norwegische Barents Observer berichtet, bei Sewerodwinsk seien mindestens 20 mobile Systeme der Typen S-300 und S-400 von fr… [+1980 chars]",,de,'Putin'
https://www.bild.de/politik/inland/sigmar-gabriel-glaubt-mit-merkel-gaebe-es-keinen-ukraine-krieg-6a58645568b3d6515268a4d0,https://www.bild.de/politik/inland/sigmar-gabriel-glaubt-mit-merkel-gaebe-es-keinen-ukraine-krieg-6a58645568b3d6515268a4d0,0,www.bild.de,Ex-Vizekanzler meldet sich zu Wort - Gabriel: Mit Merkel gäbe es keinen Ukraine-Krieg,"Gabriel plädiert für Verhandlungen mit Wladimir Putin, lobt Merkel als Vermittlerin und kritisiert die SPD als ""lebensmüde"".","https://images.bild.de/6a58645568b3d6515268a4d0/668296dff8ded1d9c5821c960178c0a0,80a50116?w=1280",2026-07-16T07:48:36Z,,"TTS-Player überspringenArtikel weiterlesenBerlin Ex-Außenminister und -Vizekanzler Sigmar Gabriel (66, SPD) warnt vor einer zu großen Angst vor Wladimir Putin. In einem Interview mit der Neuen Zürche… [+2551 chars]",,de,'Krieg'
https://www.bild.de/politik/ausland-und-internationales/ukraine-selenskyj-entlaesst-verteidigungsminister-wirkt-wie-verrat-6a58711ffdddcf083cdf00ad,https://www.bild.de/politik/ausland-und-internationales/ukraine-selenskyj-entlaesst-verteidigungsminister-wirkt-wie-verrat-6a58711ffdddcf083cdf00ad,0,www.bild.de,Selenskyj entlässt Kriegsminister - „Das wirkt wie Verrat“,"Fedorows Entlassung verursacht Proteste. Hintergrund: Machtkampf um Militärreform, Mobilisierung und politische Rivalität.","https://images.bild.de/6a58711ffdddcf083cdf00ad/454b2ad23b8b96d2a61f70411d03b32b,71019caf?w=1280",2026-07-16T08:03:04Z,,TTS-Player überspringenArtikel weiterlesenKiew Hinter der Entlassung des ukrainischen Verteidigungsministers steckt offenbar ein heftiger Machtkampf an der Spitze von Politik und Militär. Präsident W… [+3030 chars],,de,'Krieg'
https://www.zeit.de/wirtschaft/2026-07/geldanlage-krieg-kriegsgewinnler-hedge-versicherung-kleinanleger,https://www.zeit.de/wirtschaft/2026-07/geldanlage-krieg-kriegsgewinnler-hedge-versicherung-kleinanleger,0,www.zeit.de,Geldanlage im Krieg: Kriegsgewinnler wie ich,"Der Irankrieg hat ein Massenphänomen geboren: zocken auf die Eskalation. Kleinanleger feiern Rekordgewinne. Ist es unmoralisch, am Unglück der Welt mitzuverdienen?",https://img.zeit.de/wirtschaft/2026-07/hormuz-krieg-spekulation-oel-bild/wide__1300x731,2026-07-16T08:36:51Z,,"Ich habe in diesem Krieg schon gewonnen. Im März, als die US-amerikanischen Bomber Richtung Iran flogen, sicherte ich mein kleines Depot gegen die Weltlage ab mit fünf Klicks auf einer Handelsplattfo… [+369 chars]",,de,'Krieg'
https://www.tagesschau.de/investigativ/kontraste/baku-russland-putin-deutschland-geheimtreffen-100.html,https://www.tagesschau.de/investigativ/kontraste/baku-russland-putin-deutschland-geheimtreffen-100.html,0,www.tagesschau.de,Geheime Schatten-Diplomatie - Hintertür nach Moskau?,"Offiziell wurde der ""Petersburger Dialog"" von deutscher Seite aufgelöst, dennoch haben sich erneut deutsche Ex-Politiker mit Putin-Getreuen getroffen. Warum machen sie das - und was weiß die Bundesregierung? Von C. Humbs und M. Pohl.",https://images.tagesschau.de/image/001e92dc-8958-4350-9bf0-4c1406f5d1c5/AAABn2oabuE/AAABnSSvrFg/16x9-big/baku-innenstadt-100.jpg?width=1280,2026-07-16T10:53:00Z,,"Stand: 16.07.2026 12:53 Uhr
Offiziell wurde der ""Petersburger Dialog"" von deutscher Seite aufgelöst, dennoch haben sich erneut deutsche Ex-Politiker mit Putin-Getreuen getroffen. Warum machen sie da… [+5782 chars]",,de,'Putin'
https://www.diepresse.com/37771722/iran-krieg-mehr-als-23-mio-kinder-koennten-in-die-armut-abrutschen,https://www.diepresse.com/37771722/iran-krieg-mehr-als-23-mio-kinder-koennten-in-die-armut-abrutschen,0,www.diepresse.com,Iran-Krieg: Mehr als 23 Mio. Kinder könnten in die Armut abrutschen,"Sollte der Iran-Krieg und die Spannungen in der Straße von Hormuz weiter andauern, hätte das schwere wirtschaftliche Folgen für Millionen Kinder, so UNICEF.",https://img.diepresse.com/public/incoming/n9k91e-imago-images-0857629845/alternates/WEBP_WIDE_1200/imago%20images%200857629845,2026-07-16T11:03:22Z,,"Die Presse auf Google als bevorzugte Nachrichtenquelle hinzufügen.
 Die anhaltenden Spannungen im Nahen Osten und die damit verbundenen Störungen der Schifffahrt haben laut UNICEF schwerwiegende und… [+3790 chars]",,de,'Energiepreise'
https://www.zeit.de/zeit-magazin/wochenmarkt/2026-07/minzeis-schokolade-rezept-wochenmarkt,https://www.zeit.de/zeit-magazin/wochenmarkt/2026-07/minzeis-schokolade-rezept-wochenmarkt,0,www.zeit.de,Minzeis: Kühl wie Kindheitstage,"Unsere Autorin vermisst das Minzeis ihrer Jugend. Also hat sie es rekreiert – ohne Aromapaste, sondern mit ätherischem Öl. Erfrischend wie eh und je!",https://img.zeit.de/zeit-magazin/wochenmarkt/2026-07/minzeis-schokolade-rezept-wochenmarkt-bild/wide__1300x731,2026-07-16T11:13:43Z,,"Früher gab es dieses eine Grün, das es heute zwischen all den besonderen Eissorten kaum noch gibt. Ich werde ganz nostalgisch, wenn ich daran zurückdenke. Ein Minzgrün,
 das mit echter Minze ungefäh… [+477 chars]",,de,'Öl'
https://www.tagesspiegel.de/internationales/mussen-darauf-vorbereitet-sein-putin-konnte-bald-eine-zwangsmobilisierung-starten--selenskyj-besorgt-15845427.html,https://www.tagesspiegel.de/internationales/mussen-darauf-vorbereitet-sein-putin-konnte-bald-eine-zwangsmobilisierung-starten--selenskyj-besorgt-15845427.html,0,www.tagesspiegel.de,„Müssen darauf vorbereitet sein“: Putin könnte bald eine Zwangsmobilisierung starten – Selenskyj besorgt,"Es wird damit gerechnet, dass der Kreml bald eine Maßnahme anordnet, die er lange vermieden hat. Das sorgt sowohl in der Ukraine, als auch in Russland für Unruhe.",https://www.tagesspiegel.de/images/15845942/alternates/BASE_16_9_W1400/1784195522000/russia-politics.jpeg,2026-07-16T11:18:26Z,,"Wer einen Krieg gewinnen will, muss vorausdenken. In der Ukraine hat man den Sommer gedanklich darum längst verlassen. Derzeit mag die Verteidigung relativ gut gelingen Russland kommt nur langsam vor… [+4464 chars]",,de,'Putin'
https://www.zeit.de/news/2026-07/16/sportboot-kentert-in-mainzer-jachthafen-oel-ausgelaufen,https://www.zeit.de/news/2026-07/16/sportboot-kentert-in-mainzer-jachthafen-oel-ausgelaufen,0,www.zeit.de,Feuerwehreinsatz: Sportboot kentert in Mainzer Jachthafen - Öl ausgelaufen,Hier finden Sie Informationen zu dem Thema „Feuerwehreinsatz“. Lesen Sie jetzt „Sportboot kentert in Mainzer Jachthafen - Öl ausgelaufen“.,https://img.zeit.de/news/2026-07/16/sportboot-kentert-in-mainzer-jachthafen-oel-ausgelaufen-image-group/wide__1300x731,2026-07-16T12:24:40Z,,"Ein in einem Jachthafen gekentertes Sportboot hat für einen Einsatz der Feuerwehr in Mainz gesorgt. Aus dem Boot sei beim Absinken ein Gemisch aus Öl und Kraftstoffen in das Hafenbecken ausgelaufen, … [+501 chars]",,de,'Öl'
https://www.focus.de/politik/ausland/satellitenbilder-zeigen-luecke-putin-verlegt-flugabwehrsysteme-aus-dem-norden_129b972b-d648-4a9d-be51-135718865aa8.html,https://www.focus.de/politik/ausland/satellitenbilder-zeigen-luecke-putin-verlegt-flugabwehrsysteme-aus-dem-norden_129b972b-d648-4a9d-be51-135718865aa8.html,0,www.focus.de,Satellitenbilder zeigen Lücke: Putin verlegt Flugabwehrsysteme aus dem Norden,Russland zieht laut Satellitenbildern S-300- und S-400-Systeme aus dem Norden ab. Experten sehen darin ein Zeichen für wachsenden Druck durch ukrainische Drohnenangriffe.,"https://quadro.burda-forward.de/ctf/0a7b7a1d-4ba4-48f7-821e-e24a517cb96e.fbdffdd2-c696-4dee-9f0a-e2cb7ddf7e0a.jpeg?im=RegionOfInterestCrop=(1200,630),regionOfInterest=(405,184)&hash=2723d875c13d3dac7d4d5f8a2bce4475699c04f269b9c16f53d858919ee7665e",2026-07-16T13:07:00Z,,"Russland hat mehrere Flugabwehrsysteme aus dem hohen Norden abgezogen. Der norwegische Barents Observer berichtet, bei Sewerodwinsk seien mindestens 20 mobile Systeme der Typen S-300 und S-400 von fr… [+1980 chars]",,de,'Putin'
https://www.zeit.de/news/2026-07/16/geburtenziffer-in-bayern-geht-zurueck,https://www.zeit.de/news/2026-07/16/geburtenziffer-in-bayern-geht-zurueck,0,www.zeit.de,Landesamt für Statistik: Geburtenziffer in Bayern geht zurück,Hier finden Sie Informationen zu dem Thema „Landesamt für Statistik“. Lesen Sie jetzt „Geburtenziffer in Bayern geht zurück“.,https://img.zeit.de/news/2026-07/16/geburtenziffer-in-bayern-geht-zurueck-image-group/wide__1300x731,2026-07-16T13:07:34Z,,Die durchschnittliche Kinderzahl pro Frau in Bayern ist im Vorjahr zurückgegangen - und zwar auf den niedrigsten Stand seit 2006. Die sogenannte zusammengefasste Geburtenziffer oder Total Fertility R… [+1757 chars],,de,'Bayern'
https://www.welt.de/politik/deutschland/article6a58d4508e06d6769140efbd/sigmar-gabriel-waere-angela-merkel-kanzlerin-geblieben-haette-es-keinen-ukraine-krieg-gegeben.html,https://www.welt.de/politik/deutschland/article6a58d4508e06d6769140efbd/sigmar-gabriel-waere-angela-merkel-kanzlerin-geblieben-haette-es-keinen-ukraine-krieg-gegeben.html,0,www.welt.de,"„Wäre Angela Merkel Kanzlerin geblieben, hätte es keinen Ukraine-Krieg gegeben“",Nach Einschätzung von Sigmar Gabriel ist es an der Zeit für Verhandlungen mit Wladimir Putin. Für besonders geeignet hält er Angela Merkel. Außerdem bewertet der frühere Vizekanzler die Leistung der schwarz-roten Koalition.,https://images.welt.de/6a58d4508e06d6769140efbd/cb39914d0da6778011ab2e9480d3d022-master/ci16x9-w1200/dpa-com-20090101-251230-935-1048365-jpg,2026-07-16T13:46:34Z,,Nach Einschätzung von Sigmar Gabriel ist es an der Zeit für Verhandlungen mit Wladimir Putin. Für besonders geeignet hält er Angela Merkel. Außerdem bewertet der frühere Vizekanzler die Leistung der … [+4348 chars],,de,'Krieg'
https://www.faz.net/aktuell/finanzen/hohe-tagesgeldzinsen-so-schlaegt-ihr-geld-wieder-die-inflation-201037170.html,https://www.faz.net/aktuell/finanzen/hohe-tagesgeldzinsen-so-schlaegt-ihr-geld-wieder-die-inflation-201037170.html,0,www.faz.net,Hohe Tagesgeldzinsen: Sparen lohnt sich,"Wer Kunde einer Sparkasse oder Volksbank ist, sollte nach rechts und links schauen. Auch mit Tagesgeld lässt sich der Inflation ein Schnäppchen schlagen.",https://media0.faz.net/image/w1200h627/60b01c2f8e3b/w6144h3210x0y763o/202607/43601.0.2342112821/im-richtigen-konto-laesst-sich.webp,2026-07-16T14:03:01Z,,"Immer mehr ausländische Banken drängen auf den deutschen Privatkundenmarkt. Gibt es nicht schon genug Banken in Deutschland? Das sicherlich, aber aus Sicht des Sparers eben nicht die richtigen. Gerad… [+1286 chars]",,de,'Energiepreise'
https://www.morgenpost.de/politik/article412592785/trump-steht-vor-russland-test-wie-sehr-weist-er-putin-in-die-schranken.html,https://www.morgenpost.de/politik/article412592785/trump-steht-vor-russland-test-wie-sehr-weist-er-putin-in-die-schranken.html,0,www.morgenpost.de,Trump steht vor Russland-Test: Wie sehr weist er Putin in die Schranken?,"Im US-Kongress steht die Mehrheit. Das Sanktionsgesetz könnte Russland Milliarden kosten. Entscheidend ist, ob Trump Ausnahmen zulässt.",https://img.sparknews.funkemedien.de/412599187/412599187_1784211490_v16_9_1600.jpeg,2026-07-16T14:04:43Z,,"Lindsey Grahams letzter politischer Triumph liegt ausgerechnet in den Händen jenes Mannes, den er jahrelang umwarb und bearbeitete. Wenige Stunden vor seinem Tod stand der republikanische Senator auf… [+5491 chars]",,de,'Putin'
https://www.zeit.de/news/2026-07/16/bayern-sieht-berliner-plaene-gegen-steuerbetrug-skeptisch,https://www.zeit.de/news/2026-07/16/bayern-sieht-berliner-plaene-gegen-steuerbetrug-skeptisch,0,www.zeit.de,Finanzen: Bayern sieht Berliner Pläne gegen Steuerbetrug skeptisch,Hier finden Sie Informationen zu dem Thema „Finanzen“. Lesen Sie jetzt „Bayern sieht Berliner Pläne gegen Steuerbetrug skeptisch“.,https://img.zeit.de/news/2026-07/16/bayern-sieht-berliner-plaene-gegen-steuerbetrug-skeptisch-image-group/wide__1300x731,2026-07-16T14:36:23Z,,"Der Aktionsplan der Bundesregierung zum Kampf gegen Steuerbetrug und Geldwäsche stößt in Bayern auf große Skepsis. «Es ist kein guter Stil, im Alleingang Ankündigungen zu machen, die die Länder dann … [+2306 chars]",,de,'Bayern'
https://www.tagesschau.de/ausland/asien/doha-130.html,https://www.tagesschau.de/ausland/asien/doha-130.html,0,www.tagesschau.de,Iran-Krieg: Golfstaaten fürchten neue Eskalation,"Die US-Militärbasen in Kuwait, Bahrain und Jordanien werden seit Ausbruch des Kriegs von Iran immer wieder angegriffen - auch jetzt. Dort stellt sich die bange Frage: Sind die Attacken der Auftakt zu größeren Kampfhandlungen? Von Moritz Behrendt.",https://images.tagesschau.de/image/957f1694-09fd-407e-b9bf-02c49c395e23/AAABn2ueLvU/AAABnSSvrFg/16x9-big/kuwait-150.jpg?width=1280,2026-07-16T16:41:56Z,,"Stand: 16.07.2026 18:41 Uhr
Die US-Militärbasen in Kuwait, Bahrain und Jordanien werden seit Ausbruch des Kriegs von Iran immer wieder angegriffen - auch jetzt. Dort stellt sich die bange Frage: Sin… [+2965 chars]",,de,'Krieg'
https://www.diepresse.com/37420393/wie-eine-winzige-insel-zu-asiens-drehkreuz-fuer-russisches-oel-geworden,https://www.diepresse.com/37420393/wie-eine-winzige-insel-zu-asiens-drehkreuz-fuer-russisches-oel-geworden,0,www.diepresse.com,Wie eine winzige Insel zu Asiens Drehkreuz für russisches Öl geworden ist [premium],"Über eine kleine Insel gelangen russischer Diesel, Schweröl und weitere Erdölprodukte im Milliardenwert auf wichtige Märkte der Region.",https://img.diepresse.com/public/incoming/y2t8c0-imago852484347jpg/alternates/WEBP_WIDE_1200/imago852484347.jpg,2026-07-16T18:02:19Z,,"Seit der Westen Sanktionen gegen russische Ölexporte verhängt hat, suchen russische Konzerne immer wieder nach neuen Möglichkeiten und Routen. Eine davon führt inzwischen über eine kleine asiatische … [+8146 chars]",,de,'Öl'
https://www.bild.de/sport/fussball/4-monate-raus-nach-op-bayern-supertalent-zurueck-im-team-training-6a58dd328e06d6769140f088,https://www.bild.de/sport/fussball/4-monate-raus-nach-op-bayern-supertalent-zurueck-im-team-training-6a58dd328e06d6769140f088,0,www.bild.de,4 Monate raus nach OP - Bayern-Supertalent zurück im Team-Training!,München – Endlich ist die Leidenszeit vorbei! Am Donnerstagnachmittag stieg am Bayern Campus das Training der U23. Wieder voll dabei: Wisdom Mike (17)! D...,"https://images.bild.de/6a58dd328e06d6769140f088/e7bd04b5c0d3dacdf397156e36a6af0d-landscape,e626ec47?w=1280",2026-07-16T18:29:16Z,,TTS-Player überspringenArtikel weiterlesenMünchen Endlich ist die Leidenszeit vorbei! Am Donnerstagnachmittag stieg am Bayern Campus das Training der U23. Wieder voll dabei: Wisdom Mike (17)! Das Sup… [+1502 chars],,de,'Gas'
https://www.sueddeutsche.de/politik/usa-amerikaner-trump-rede-an-die-nation-wirtschaft-inflation-li.3517165,https://www.sueddeutsche.de/politik/usa-amerikaner-trump-rede-an-die-nation-wirtschaft-inflation-li.3517165,0,www.sueddeutsche.de,US-Wirtschaft: Zu Hause ist es auch schön,Die Amerikaner machen wegen der hohen Energiepreise in diesem Sommer lieber Urlaub in den USA – und geben ihrem Präsidenten die Schuld an der schlechten Wirtschaftslage.  Das könnte seine Republikaner die Zwischenwahlen kosten.,https://www.sueddeutsche.de/2024/02/27/02eb8b58-9431-4b44-9d1b-d743eec0c671.jpeg?q=60&fm=webp&width=1200&rect=0%2C112%2C2119%2C1192,2026-07-17T02:47:50Z,,"Die Wirtschaft entscheidet über Wahlen, das ist eine so alte wie allgemeingültige Wahrheit. Die Menschen wählen mit ihren Brieftaschen, heißt es in den USA. Das ist zwar ein etwas schiefes Bild, aber… [+423 chars]",,de,'Energiepreise'
https://www.welt.de/wirtschaft/article6a58901cf127abe2ae48fca9/uniper-chef-verkuendung-der-gaskraftwende-der-deutsche-markt-ist-wieder-investierbar.html,https://www.welt.de/wirtschaft/article6a58901cf127abe2ae48fca9/uniper-chef-verkuendung-der-gaskraftwende-der-deutsche-markt-ist-wieder-investierbar.html,0,www.welt.de,Die Verkündung der Gaskraftwende – „Der deutsche Markt ist wieder investierbar“,"Das neue deutsche Kraftwerksgesetz verändert die Energiewende-Lage vollkommen, erklärt Uniper-Chef Lewis im Gespräch mit WELT. Und er reagiert: Der Ausbau erneuerbarer Energien rutscht auf der Prioritätenliste runter.",https://images.welt.de/6a58901cf127abe2ae48fca9/9710c1e008f18940dfe3bd8402ce1171/ci16x9-w1200/384342509-jpg,2026-07-17T03:04:57Z,,"Das neue deutsche Kraftwerksgesetz verändert die Energiewende-Lage vollkommen, erklärt Uniper-Chef Lewis im Gespräch mit WELT. Und er reagiert: Der Ausbau erneuerbarer Energien rutscht auf der Priori… [+9922 chars]",,de,'Gas'
https://www.zeit.de/politik/ausland/2026-07/russland-ukraine-krieg-taktik-5vor8,https://www.zeit.de/politik/ausland/2026-07/russland-ukraine-krieg-taktik-5vor8,0,www.zeit.de,Russland: Mit der Nuklearoption aus dem Ukraine-Schlamassel,"Höchste Zeit für den Einsatz der Atombombe, findet ein Kreml-Berater. In Moskau reibt man sich die Augen. Würde Wladimir Putin so etwas ernsthaft in Betracht ziehen?",https://img.zeit.de/politik/2026-07/russland-ukraine-krieg-taktik-5vor8/wide__1300x731,2026-07-17T05:55:04Z,,"Viel
vorzuzeigen hat er nicht. Nach viereinhalb Jahren Krieg gegen die Ukraine steht
Wladimir Putin mit seinen Truppen also in Pokrowsk und vor Konstantiniwka. Der
Herrscher kündet von Triumphen, … [+429 chars]",,de,'Putin'
https://www.derstandard.at/story/3000000331749/inflation-bei-32-prozent-abgehobene-ticketpreise-machen-flugreisen-teurer,https://www.derstandard.at/story/3000000331749/inflation-bei-32-prozent-abgehobene-ticketpreise-machen-flugreisen-teurer,0,www.derstandard.at,"Inflation bei 3,2 Prozent: Abgehobene Ticketpreise machen Flugreisen teurer","Die Teuerung lässt wegen gesunkener Spritpreise etwas nach. Dienstleistungen bleiben ein Inflationstreiber, besonders die Preise für Flugreisen sind nur schwer zu stemmen",https://i.ds.at/_v8MQw/rs:fill:1200:600/plain/lido-images/2026/07/07/8db22825-00c3-4ae9-9276-429f950c8eb3.jpg,2026-07-17T07:06:19Z,,"Nicht nur in Österreich, auch in Deutschland sind die Preise für Flugtickets rasant gestiegen.
IMAGO/Michael Bihlmayer
Die Inflation hat sich im Juni zwar leicht rückläufig gezeigt, aber dennoch is… [+1044 chars]",,de,'Inflation'
https://www.tagesschau.de/ausland/europa/russland-nadeschdin-gericht-100.html,https://www.tagesschau.de/ausland/europa/russland-nadeschdin-gericht-100.html,0,www.tagesschau.de,Putin-Kritiker Nadeschdin vor Gericht,"Boris Nadeschdin ist einer der letzten russischen Oppositionellen, die offen Kritik äußern und noch nicht im Exil oder Gefängnis sind. Nun muss er vor Gericht - und fürchtet eine Haftstrafe. Von Philip Raillon.",https://images.tagesschau.de/image/fdd6b3d5-15e4-4d27-8030-34070d5149e0/AAABleDe5ek/AAABnSSvrFg/16x9-big/nadeschdin-108.jpg?width=1280,2026-07-17T07:19:56Z,,"Stand: 17.07.2026 09:19 Uhr
Boris Nadeschdin ist einer der letzten russischen Oppositionellen, die offen Kritik äußern und noch nicht im Exil oder Gefängnis sind. Nun muss er vor Gericht - und fürch… [+4167 chars]",,de,'Putin'
https://orf.at/stories/3436453/,https://orf.at/stories/3436453/,0,orf.at,"Inflation im Juni auf 3,2 Prozent gefallen",,https://orf.at/mojo/1_4_1/storyserver//news/common/images/og-fallback-news.png,2026-07-17T07:23:14Z,,"Die Inflation ist im Juni laut Daten der Statistik Austria auf 3,2 Prozent gefallen. Im Mai lag die Teuerungsrate noch bei 3,7 Prozent. Die Schnellschätzung für Juni wurde damit bestätigt.
Ausschlag… [+453 chars]",,de,'Inflation'
https://www.diepresse.com/37969678/inflation-im-juni-auf-3-2-prozent-gefallen,https://www.diepresse.com/37969678/inflation-im-juni-auf-3-2-prozent-gefallen,0,www.diepresse.com,"Inflation im Juni auf 3,2 Prozent gefallen",Ein schwächerer Preisauftrieb bei Treibstoffen und Heizöl dämpft die anhaltende Teuerung in Österreich.,https://www.diepresse.com/assets_v2/images/diepresse_nachrichten.png,2026-07-17T07:38:06Z,,"Die Presse auf Google als bevorzugte Nachrichtenquelle hinzufügen.
 Die Inflation in Österreich ist im Juni laut Daten der Statistik Austria auf 3,2 Prozent gefallen. Im Mai lag die Teuerungsrate no… [+541 chars]",,de,'Inflation'
https://www.zeit.de/2026/31/eisbach-muenchen-englischer-garten-schwimmen-verbote-unfaelle,https://www.zeit.de/2026/31/eisbach-muenchen-englischer-garten-schwimmen-verbote-unfaelle,0,www.zeit.de,Eisbach in München: Bayern geht baden,"Der Münchner Eisbach ist überfüllt von Schwimmern, der Bikini gehört längst zum Stadtbild. Jetzt kann man sich auch im Haus der Kunst Badehosen anziehen.",https://img.zeit.de/2026/31/bayern-geht-baden-bild-1/wide__1300x731,2026-07-17T08:49:06Z,,"Schließen
Artikelzusammenfassung
In München herrscht derzeit eine ungewöhnliche Nacktheit, die Stadt ist zum Freibad geworden, der Eisbach lockt mit seinen reißenden Wellen. Trotz Verbots tummeln s… [+654 chars]",,de,'Bayern'
https://www.nzz.ch/international/zu-ehren-von-lindsey-nach-dem-ploetzlichen-tod-von-senator-graham-stehen-die-russland-sanktionen-kurz-vor-dem-durchbruch-ld.10015633,https://www.nzz.ch/international/zu-ehren-von-lindsey-nach-dem-ploetzlichen-tod-von-senator-graham-stehen-die-russland-sanktionen-kurz-vor-dem-durchbruch-ld.10015633,0,www.nzz.ch,«Zu Ehren von Lindsey»: Nach dem plötzlichen Tod von Senator Graham stehen die Russland-Sanktionen kurz vor dem Durchbruch,"Schon lange plant der amerikanische Kongress neue Sanktionen gegen Moskau und Strafzölle gegen Käufer von russischem Öl und Gas. Präsident Trump sperrte sich dagegen, doch nun, nach dem Ableben seines persönlichen Freundes, äussert er sich wohlwollend.","https://img-msp-prod.nzz.ch/2026/07/17/3f8c484b-ea53-4812-928e-d0bb29c17904.jpg?width=1200&height=675&fit=bounds&quality=75&auto=webp&crop=8192,4608,x0,y382&wmark=nzz",2026-07-17T08:50:52Z,,"Schon lange plant der amerikanische Kongress neue Sanktionen gegen Moskau und Strafzölle gegen Käufer von russischem Öl und Gas. Präsident Trump sperrte sich dagegen, doch nun, nach dem Ableben seine… [+5348 chars]",,de,'Gas'
https://www.zeit.de/news/2026-07/17/jahreshauptversammlung-des-fc-bayern-muenchen-im-november,https://www.zeit.de/news/2026-07/17/jahreshauptversammlung-des-fc-bayern-muenchen-im-november,0,www.zeit.de,Fußball-Bundesliga: Jahreshauptversammlung des FC Bayern München im November,Hier finden Sie Informationen zu dem Thema „Fußball-Bundesliga“. Lesen Sie jetzt „Jahreshauptversammlung des FC Bayern München im November“.,https://img.zeit.de/news/2026-07/17/jahreshauptversammlung-des-fc-bayern-muenchen-im-november-image-group/wide__1300x731,2026-07-17T10:02:30Z,,"Der FC Bayern München wird seine Jahreshauptversammlung in der zweiten Novemberhälfte abhalten. Wie der deutsche Fußball-Rekordmeister mitteilte, wird das jährliche Mitgliedertreffen am Wochenende de… [+399 chars]",,de,'Bayern'
https://www.zeit.de/news/2026-07/17/von-oel-und-gas-zu-strom-eu-kommission-prueft-ziel-fuer-2040,https://www.zeit.de/news/2026-07/17/von-oel-und-gas-zu-strom-eu-kommission-prueft-ziel-fuer-2040,0,www.zeit.de,Energie: Von Öl und Gas zu Strom: EU-Kommission prüft Ziel für 2040,Hier finden Sie Informationen zu dem Thema „Energie“. Lesen Sie jetzt „Von Öl und Gas zu Strom: EU-Kommission prüft Ziel für 2040“.,https://img.zeit.de/news/2026-07/17/von-oel-und-gas-zu-strom-eu-kommission-prueft-ziel-fuer-2040-image-group/wide__1300x731,2026-07-17T11:24:24Z,,"Anlagen in Industrie, Gebäuden und Verkehr sollen nach dem Willen der Europäischen Kommission künftig häufiger mit Strom betrieben werden. Die Brüsseler Behörde prüft ein Elektrifizierungsziel von 46… [+2940 chars]",,de,'Öl'
https://www.tagesspiegel.de/wirtschaft/energie-von-ol-und-gas-zu-strom-eu-kommission-pruft-ziel-fur-2040-15850197.html,https://www.tagesspiegel.de/wirtschaft/energie-von-ol-und-gas-zu-strom-eu-kommission-pruft-ziel-fur-2040-15850197.html,0,www.tagesspiegel.de,Energie: Von Öl und Gas zu Strom: EU-Kommission prüft Ziel für 2040,Europa soll unabhängiger von fossilen Energieträgern werden. Damit könnte man auch klimaschädliche Emissionen einsparen. Dafür soll unter anderem Strom erschwinglicher werden.,https://www.tagesspiegel.de/images/15850196/alternates/BASE_16_9_W1400/1784287540000/elektroautos.jpeg,2026-07-17T11:25:40Z,,"Anlagen in Industrie, Gebäuden und Verkehr sollen nach dem Willen der Europäischen Kommission künftig häufiger mit Strom betrieben werden. Die Brüsseler Behörde prüft ein Elektrifizierungsziel von 46… [+3000 chars]",,de,'fossile Energie'
https://www.n-tv.de/politik/Russische-Behoerden-nehmen-Blogger-Monate-nach-Putin-Kritik-fest-id31097343.html,https://www.n-tv.de/politik/Russische-Behoerden-nehmen-Blogger-Monate-nach-Putin-Kritik-fest-id31097343.html,0,www.n-tv.de,Zehn Jahre Haft möglich: Russische Behörden nehmen Blogger Monate nach Putin-Kritik fest,"Bekannt wird Ilja Remeslo durch seine scharfe Kritik am Oppositionellen Nawalny. Im März folgt die Kehrtwende: Öffentlich wirft er Putin einen ""scheiternden Krieg"" in der Ukraine vor. Nun wird er dafür verhaftet. Er ist nicht der Einzige, der sich wegen eines…",https://www.n-tv.de/img/30727541/1784297882/Img_16_9/1200/Ilja Remeslo Bild.jpg,2026-07-17T12:18:04Z,,"Zehn Jahre Haft möglichRussische Behörden nehmen Blogger Monate nach Putin-Kritik fest
Ilja Remeslo veröffentlichte in den sozialen Medien ein Manifest, in dem er den Ukraine-Krieg verurteilt. (Foto… [+2943 chars]",,de,'Putin'
https://www.tagesschau.de/ausland/europa/russland-kremlkritiker-nadeschdin-geldstrafe-100.html,https://www.tagesschau.de/ausland/europa/russland-kremlkritiker-nadeschdin-geldstrafe-100.html,0,www.tagesschau.de,Russland: Kriegsgegner Nadeschdin zu Bußgeld verurteilt,Ein russisches Gericht hat den Oppositionspolitiker Nadeschdin zu einem Bußgeld verurteilt. Der erklärte Kriegsgegner sieht im Vorgehen der Behörden politische Motive - im Zusammenhang mit der bald anstehenden Wahl.,https://images.tagesschau.de/image/62964064-f436-4a57-84dd-c82f474fcb57/AAABn28eQw4/AAABnSSvrFg/16x9-big/nadeschdin-116.jpg?width=1280,2026-07-17T13:50:45Z,,"Stand: 17.07.2026 15:50 Uhr
Ein russisches Gericht hat den Oppositionspolitiker Nadeschdin zu einem Bußgeld verurteilt. Der erklärte Kriegsgegner sieht im Vorgehen der Behörden politische Motive - i… [+2218 chars]",,de,'Putin'
https://www.welt.de/wirtschaft/plus6a58cd4d8e06d6769140ef16/altersvorsorge-die-neue-rente-rechnen-sie-hier-aus-wie-viel-fuer-sie-drin-ist.html,https://www.welt.de/wirtschaft/plus6a58cd4d8e06d6769140ef16/altersvorsorge-die-neue-rente-rechnen-sie-hier-aus-wie-viel-fuer-sie-drin-ist.html,0,www.welt.de,"Die neue Rente – Rechnen Sie hier aus, wie viel für Sie drin ist","Die geplante Kapitalrente verknüpft die gesetzliche Rente mit der Kraft der weltweiten Börsen. Rendite, Inflation und steigendes Rentenalter greifen ineinander. Der exklusive WELT-Rechner zeigt, welche Zusatzrente Sie erwarten dürfen.",https://images.welt.de/6a58cd4d8e06d6769140ef16/565f0d0a4a754726e921aecad7dc7c38/ci16x9-w1200/dwosb-widget-wi-kapitalrente-ag-jpg,2026-07-17T15:17:15Z,,"Die geplante Kapitalrente verknüpft die gesetzliche Rente mit der Kraft der weltweiten Börsen. Rendite, Inflation und steigendes Rentenalter greifen ineinander. Der exklusive WELT-Rechner zeigt, welc… [+34 chars]",,de,'Inflation'
https://www.diepresse.com/37536816/wie-ein-teheraner-baecker-gegen-den-hunger-kaempft,https://www.diepresse.com/37536816/wie-ein-teheraner-baecker-gegen-den-hunger-kaempft,0,www.diepresse.com,Wie ein Teheraner Bäcker gegen den Hunger kämpft [premium],"Die Kühlschränke sind leer, die Gefängnisse voll. Die Iraner versuchen, nicht zu verzweifeln. Nicht allen gelingt es: „Der Krieg des Regimes mit den USA und Israel mag irgendwann enden, aber der mit seinem eigenen Volk endet nie“, sagt Sarvenaz.",https://img.diepresse.com/public/incoming/j08xlx-imago805822952jpg/alternates/WEBP_WIDE_1200/imago805822952.jpg,2026-07-17T16:53:04Z,,"Es ist Abend in Teheran. Ein Mann, der ein Geschäft für Computerzubehör besitzt, verpackt die Bestellungen des Tages. Alle paar Minuten unterbricht er seine Arbeit, um auf seinem Mobiltelefon den akt… [+10769 chars]",,de,'Inflation'
https://www.n-tv.de/wirtschaft/Hohe-Oelpreise-und-schwaechelnde-Chip-Werte-druecken-Stimmung-an-Wall-Street-id31099338.html,https://www.n-tv.de/wirtschaft/Hohe-Oelpreise-und-schwaechelnde-Chip-Werte-druecken-Stimmung-an-Wall-Street-id31099338.html,0,www.n-tv.de,Auch Netflix mit Kursrutsch: Hohe Ölpreise und schwächelnde Chip-Werte drücken Stimmung an Wall Street,"Die Ölpreise steigen nach erneuten Angriffen im Nahen Osten weiter an. Anleger fürchten, dass dies die Weltkonjunktur schwächen könnte. Am Aktienmarkt belastet derweil ein enttäuschender Ausblick den Kurs von Netflix.",https://www.n-tv.de/img/31099343/1784328559/Img_16_9/1200/Traders-work-on-the-floor-of-the-New-York-Stock-Exchange-on-Wall-Street-on-Wednesday-June-24-2026-in-New-York-City.jpg,2026-07-17T20:50:10Z,,"Anleger sorgen sich laut Finanzexperten zunehmend vor einer Überhitzung des KI-Booms. (Foto: picture alliance / newscom)
Die Ölpreise steigen nach erneuten Angriffen im Nahen Osten weiter an. Anlege… [+3470 chars]",,de,'Öl'
https://www.zeit.de/news/2026-07/18/berichte-ueber-neue-explosionen-im-iran,https://www.zeit.de/news/2026-07/18/berichte-ueber-neue-explosionen-im-iran,0,www.zeit.de,Iran-Krieg: Berichte über neue Explosionen im Iran,Hier finden Sie Informationen zu dem Thema „Iran-Krieg“. Lesen Sie jetzt „Berichte über neue Explosionen im Iran“.,https://img.zeit.de/news/2026-07/18/berichte-ueber-neue-explosionen-im-iran-image-group/wide__1300x731,2026-07-17T23:49:19Z,,"Nach Beginn der neuen Angriffswelle des US-Militärs auf Ziele im Iran melden örtliche Medien Explosionen in mehreren Gebieten des Landes. Während das US-Militär keine Angaben dazu machte, wo es attac… [+1458 chars]",,de,'Gas'
https://www.zeit.de/news/2026-07/18/umfrage-haelfte-aller-bayern-will-vorzeitig-in-rente-gehen,https://www.zeit.de/news/2026-07/18/umfrage-haelfte-aller-bayern-will-vorzeitig-in-rente-gehen,0,www.zeit.de,Arbeitsleben: Umfrage: Hälfte aller Bayern will vorzeitig in Rente gehen,Hier finden Sie Informationen zu dem Thema „Arbeitsleben“. Lesen Sie jetzt „Umfrage: Hälfte aller Bayern will vorzeitig in Rente gehen“.,https://img.zeit.de/news/2026-07/18/umfrage-haelfte-aller-bayern-will-vorzeitig-in-rente-gehen-image-group/wide__1300x731,2026-07-18T03:00:11Z,,Fast die Hälfte aller Beschäftigten in Bayern will einer Umfrage zufolge vorzeitig in Rente gehen. Demnach planen 47 Prozent einen vorgezogenen Ausstieg aus dem Erwerbsleben. 31 Prozent möchten bis z… [+3171 chars],,de,'Bayern'
https://www.morgenpost.de/bezirke/pankow/article412602751/waehrend-berlin-schlaeft-zeigt-pankow-wie-energiewende-geht.html,https://www.morgenpost.de/bezirke/pankow/article412602751/waehrend-berlin-schlaeft-zeigt-pankow-wie-energiewende-geht.html,0,www.morgenpost.de,"Während Berlin schläft, zeigt Pankow, wie Energiewende geht","Der Bezirk will vier neue Windräder bauen. Auf Pläne des Senats wartet man nicht. Richtig so, findet unsere Autorin.",https://img.sparknews.funkemedien.de/412608723/412608723_1784301559_v16_9_1600.jpeg,2026-07-18T06:00:00Z,,"Bis 2032 müssen 446 Hektar Fläche in Berlin für Windenergie ausgewiesen werden. Das schreibt das Bundesgesetz vor. Das heißt nicht, dass dort zwangsläufig Windräder gebaut werden. Doch Berlin muss zu… [+1614 chars]",,de,'Windräder'
https://ooe.orf.at/stories/3363220/,https://ooe.orf.at/stories/3363220/,0,ooe.orf.at,„Windräder strenger geprüft als Rechenzentren“,"Das geplante Google-Rechenzentrum in Kronstorf (Bezirk Linz-Land) sorgt weiter für politische Diskussionen. Nachdem neue Zahlen zum möglichen Stromverbrauch bekannt geworden sind, fordern SPÖ, Grüne und Umweltorganisationen strengere Regeln für Umweltverträgl…",https://ibs.orf.at/ooe?image=https%3A%2F%2Foekastatic.orf.at%2Fmims%2F2026%2F17%2F46%2Fcrops%2Fw%3D1200%2Ch%3D627%2Cq%3D75%2F3013358_master_1165546_abd_20260423_abd0099.hr.jpg%3Fs%3Dfb70e391ff1ce8cfab43e54c2fab5058de0af22a,2026-07-18T08:00:11Z,,"Die Debatte rund um das geplante Google-Rechenzentrum in Kronstorf verlagert sich zunehmend auf die Frage, ob Großprojekte dieser Art künftig verpflichtend einer Umweltverträglichkeitsprüfung unterzo… [+2468 chars]",,de,'Windräder'
https://www.zeit.de/news/2026-07/18/bayern-koalition-will-gehoerlosengeld-doch-einfuehren,https://www.zeit.de/news/2026-07/18/bayern-koalition-will-gehoerlosengeld-doch-einfuehren,0,www.zeit.de,Koalition: Bayern-Koalition will Gehörlosengeld doch einführen,Hier finden Sie Informationen zu dem Thema „Koalition“. Lesen Sie jetzt „Bayern-Koalition will Gehörlosengeld doch einführen“.,https://img.zeit.de/news/2026-07/18/bayern-koalition-will-gehoerlosengeld-doch-einfuehren-image-group/wide__1300x731,2026-07-18T13:53:24Z,,"Trotz weiterhin angespannter Haushaltslage wollen CSU und Freie Wähler noch in dieser Wahlperiode ein Gehörlosengeld in Bayern einführen. «Das haben wir auch nochmal gemeinsam beschlossen», sagte CSU… [+1645 chars]",,de,'Bayern'
https://www.zeit.de/news/2026-07/18/eintracht-frankfurt-verpflichtet-aseko-vom-fc-bayern-muenchen,https://www.zeit.de/news/2026-07/18/eintracht-frankfurt-verpflichtet-aseko-vom-fc-bayern-muenchen,0,www.zeit.de,Fußball-Bundesliga: Eintracht Frankfurt verpflichtet Aseko vom FC Bayern München,Hier finden Sie Informationen zu dem Thema „Fußball-Bundesliga“. Lesen Sie jetzt „Eintracht Frankfurt verpflichtet Aseko vom FC Bayern München“.,https://img.zeit.de/news/2026-07/18/eintracht-frankfurt-verpflichtet-aseko-vom-fc-bayern-muenchen-image-group/wide__1300x731,2026-07-18T14:21:29Z,,Fußball-Bundesligist Eintracht Frankfurt hat den Mittelfeldspieler Noel Aseko unter Vertrag genommen. Der 20-Jährige wechselt vom FC Bayern München an den Main und hat bei Eintracht Frankfurt einen V… [+868 chars],,de,'Bayern'
https://www.zeit.de/news/2026-07/18/us-militaer-zwei-weitere-us-soldaten-im-iran-krieg-getoetet,https://www.zeit.de/news/2026-07/18/us-militaer-zwei-weitere-us-soldaten-im-iran-krieg-getoetet,0,www.zeit.de,Konflikte: US-Militär: Zwei weitere US-Soldaten im Iran-Krieg getötet,Hier finden Sie Informationen zu dem Thema „Eskalation im Iran-Krieg“. Lesen Sie jetzt „US-Militär: Zwei weitere US-Soldaten im Iran-Krieg getötet“.,https://img.zeit.de/news/2026-07/18/us-militaer-zwei-weitere-us-soldaten-im-iran-krieg-getoetet-image-group/wide__1300x731,2026-07-18T17:30:00Z,,"Erstmals seit der jüngsten Eskalation im Iran-Krieg sind nach Angaben des US-Militärs zwei US-Soldaten getötet worden. Sie seien am Freitag bei einem Einsatz in Jordanien ums Leben gekommen, als sich… [+2612 chars]",,de,'Krieg'
https://www.diepresse.com/37094968/wie-entsteht-eigentlich-eine-konjunkturprognose,https://www.diepresse.com/37094968/wie-entsteht-eigentlich-eine-konjunkturprognose,0,www.diepresse.com,Wie entsteht eigentlich eine Konjunkturprognose? [premium],"Ob Wachstum, Inflation oder Budget: Wirtschaftsprognosen basieren auf vielen Annahmen. Aber was tun, wenn Pandemien und Kriege die Zukunft unberechenbar machen?",https://img.diepresse.com/public/incoming/jqg2wi-kein-titel/alternates/WEBP_WIDE_1200/kein%20Titel,2026-07-18T17:47:18Z,,"Anfang 2020 stießen die Konjunkturforscher des Wirtschaftsforschungsinstituts (Wifo) an ihre Grenzen. Die Frühjahrsprognose war gerade in Arbeit, da schwappte die Coronapandemie nach Europa. Niemand … [+5682 chars]",,de,'Inflation'
https://www.zeit.de/news/2026-07/19/massiver-russischer-raketenangriff-auf-kiew,https://www.zeit.de/news/2026-07/19/massiver-russischer-raketenangriff-auf-kiew,0,www.zeit.de,Ukraine-Krieg: Massiver russischer Raketenangriff auf Kiew,Hier finden Sie Informationen zu dem Thema „Ukraine-Krieg“. Lesen Sie jetzt „Massiver russischer Raketenangriff auf Kiew“.,https://img.zeit.de/news/2026-07/19/massiver-russischer-raketenangriff-auf-kiew-image-group/wide__1300x731,2026-07-18T23:34:49Z,,Die ukrainische Hauptstadt Kiew ist vom russischen Militär massiv mit ballistischen Raketen angegriffen worden. Dutzende Explosionen teils von Flugabwehrraketen waren in der Nacht im Zentrum der Drei… [+671 chars],,de,'Krieg'
https://www.focus.de/immobilien/wohnen/leere-gasspeicher-vor-dem-winter-versorger-im-dilemma_b5b8e425-eb95-47db-839a-76ba7a1b5452.html,https://www.focus.de/immobilien/wohnen/leere-gasspeicher-vor-dem-winter-versorger-im-dilemma_b5b8e425-eb95-47db-839a-76ba7a1b5452.html,0,www.focus.de,Leere Gasspeicher vor dem Winter: Versorger im Dilemma,"Seit der Iran die Straße von Hormus wieder blockiert, steigen die Gaspreise stärker als die Ölpreise. Für Verbraucher könnte das ein Problem werden.","https://quadro.burda-forward.de/ctf/15b1743d-a334-4b16-8012-2a383d3ad7e3.a5c2761d-4718-4bf5-bc27-f14436c32dd8.jpg?im=RegionOfInterestCrop=(1200,630),regionOfInterest=(2056,1911)&hash=15212de0f2922121dd0033912fca1760b2fcf39387f1f1269e390abed2c31581",2026-07-19T05:49:00Z,,Um rund 20 Prozent sind die europäischen Gaspreise am niederländischen Handelspunkt TTF seit Ende Juni gestiegen. Allein in den vergangenen Tagen schossen sie um fünf Euro pro Megawattstunde nach obe… [+4033 chars],,de,'Öl'
https://www.zeit.de/news/2026-07/19/kaltfront-bringt-gewitter-und-abkuehlung-nach-bayern,https://www.zeit.de/news/2026-07/19/kaltfront-bringt-gewitter-und-abkuehlung-nach-bayern,0,www.zeit.de,Wetter: Kaltfront bringt Gewitter und Abkühlung nach Bayern,Hier finden Sie Informationen zu dem Thema „Wetter“. Lesen Sie jetzt „Kaltfront bringt Gewitter und Abkühlung nach Bayern“.,https://img.zeit.de/news/2026-07/19/kaltfront-bringt-gewitter-und-abkuehlung-nach-bayern-image-group/wide__1300x731,2026-07-19T05:55:00Z,,"Erst mal ist Schluss mit sonnigem Badewetter: Nach schwülwarmem Sommerwetter bringt eine Kaltfront Bayern Schauer, Gewitter - und deutliche Abkühlung. Nach Angaben des Deutschen Wetterdienstes (DWD) … [+888 chars]",,de,'Bayern'
https://www.sueddeutsche.de/politik/deutschland-staatsraeson-medien-politik-israel-gaza-kai-ambos-fabian-goldmann-li.3514937,https://www.sueddeutsche.de/politik/deutschland-staatsraeson-medien-politik-israel-gaza-kai-ambos-fabian-goldmann-li.3514937,0,www.sueddeutsche.de,Gaza-Krieg und die Folgen: Die falsch verstandene Staatsräson,Wie gehen deutsche Politiker und Medien mit dem Gaza-Krieg um? Der Völkerrechtler Kai Ambos und der Journalist Fabian Goldmann sehen eine deutliche Einseitigkeit zugunsten Israels. Die Folgen wiegen schwer.,https://www.sueddeutsche.de/2026/07/14/c60f6f94-244b-4a96-b7fa-82dadc726103.jpg?q=60&fm=webp&width=1200&rect=0%2C209%2C4000%2C2250,2026-07-19T07:25:30Z,,"Die Debatte um die sogenannte Staatsräson hat sich seit dem 7. Oktober 2023 intensiviert. Gemeint ist damit ein deutscher Diskurs, der auf Angela Merkels Diktum von israelischer Sicherheit als deutsc… [+393 chars]",,de,'Krieg'
https://www.politico.eu/podcast/berlin-playbook-podcast/die-arktis-im-fokus-und-putin-unter-druck-mit-florence-gaub/,https://www.politico.eu/podcast/berlin-playbook-podcast/die-arktis-im-fokus-und-putin-unter-druck-mit-florence-gaub/,0,www.politico.eu,Die Arktis im Fokus und Putin unter Druck. Mit Florence Gaub,"Florence Gaub vom NATO Defense College in Rom und Gordon Repinski analysieren den jüngsten NATO-Gipfel und die ständige Krisenbewältigung des Verteidigungsbündnisses. Sie blicken auf die Ukraine, die den Krieg zunehmend auf russisches Territorium verlagert un…","https://www.politico.eu/cdn-cgi/image/width=1200,height=630,fit=crop,quality=80,onerror=redirect/wp-content/uploads/2026/05/21/Berlin-Playbook-Thumbnail-1.jpg",2026-07-19T07:40:27Z,,"Florence Gaub vom NATO Defense College in Rom und Gordon Repinski analysieren den jüngsten NATO-Gipfel und die ständige Krisenbewältigung des Verteidigungsbündnisses. Sie blicken auf die Ukraine, die… [+1584 chars]",,de,'Krieg'
https://www.focus.de/politik/ausland/f-35-kaempfen-als-gaebe-es-keine-luftabwehr-russische-experten-widersprechen-putins-behauptung-die-su-57-sei-der-beste-kampfjet-der-welt_01e836f6-1115-4614-9eed-d79026f3aa71.html,https://www.focus.de/politik/ausland/f-35-kaempfen-als-gaebe-es-keine-luftabwehr-russische-experten-widersprechen-putins-behauptung-die-su-57-sei-der-beste-kampfjet-der-welt_01e836f6-1115-4614-9eed-d79026f3aa71.html,0,www.focus.de,"„F-35 kämpfen, als gäbe es keine Luftabwehr“: Russische Experten widersprechen Putins Behauptung, die Su-57 sei der beste Kampfjet der Welt","Putin preist die Su-57 als besten Kampfjet der Welt. Doch aus Russland kommt scharfer Widerspruch, vor allem mit Blick auf ihren Einsatz im Krieg gegen die Ukraine.","https://quadro.burda-forward.de/ctf/e168220d-8554-4300-ad78-629d7a386075.1eb85fbb-b641-464d-b212-b0664e8dad28.jpg?im=RegionOfInterestCrop=(1200,630),regionOfInterest=(2226,1467)&hash=4efc16df798a29a70633b1f790a6b8995a333706a32e9ff9165e54e3c278608a",2026-07-19T07:46:00Z,,"Wladimir Putins Lob für die Su-57 stößt in Russland auf Widerspruch. Militäranalysten und Kommentatoren bestreiten, dass der Kampfjet seinen Ansprüchen gerecht wird. Dabei verweisen sie vor allem auf… [+3407 chars]",,de,'Putin'
https://taz.de/-Nachrichten-im-Ukraine-Krieg-/!6197275/,https://taz.de/-Nachrichten-im-Ukraine-Krieg-/!6197275/,0,taz.de,+++ Nachrichten im Ukraine-Krieg +++: Massiver russischer Raketenangriff auf Kiew,Russland greift die ukrainische Hauptstadt erneut mit ballistischen Raketen an. Selenskyj verspricht Entscheidung über Armeeführung.,https://taz.de/picture/8618988/1200/41700860.jpeg,2026-07-19T07:56:00Z,,Russland greift die ukrainische Hauptstadt erneut mit ballistischen Raketen an. Selenskyj verspricht Entscheidung über Armeeführung. mehr...,,de,'Krieg'
https://www.telepolis.de/article/Sanierung-ohne-Daemmung-Wie-Wintergaerten-alte-Wohnblocks-retten-koennen-11368583.html,https://www.telepolis.de/article/Sanierung-ohne-Daemmung-Wie-Wintergaerten-alte-Wohnblocks-retten-koennen-11368583.html,0,www.telepolis.de,Sanierung ohne Dämmung: Wie Wintergärten alte Wohnblocks retten können,60 % weniger Energieverbrauch und mehr Wohnraum: Das französische Sanierungskonzept von Lacaton & Vassal fordert das deutsche Passivhaus heraus.,https://heise.cloudimg.io/bound/1200x1200/q85.png-lossy-85.webp-lossy-85.foil1/_www-heise-de_/imgs/18/5/1/1/8/7/7/3/Cite___Manifeste_2-e2b20be5145b02c5.jpg,2026-07-19T08:00:00Z,,"Cité Manifeste, Mulhouse 2005. Bild: Reinhard Huschke
60 % weniger Energieverbrauch und mehr Wohnraum: Das französische Sanierungskonzept von Lacaton &amp; Vassal fordert das deutsche Passivhaus her… [+13149 chars]",,de,'Winter'
https://taz.de/Proteste-in-der-Ukraine/!6197261/,https://taz.de/Proteste-in-der-Ukraine/!6197261/,0,taz.de,"Proteste in der Ukraine: „Im Krieg, aber nicht für so einen Mist“",In der Ukraine hält die Empörung über die Absetzung von Verteidigungsminister Mychajlo Fedorow an. Er hatte das Land im Krieg gegen Russland gestärkt.,https://taz.de/picture/8618917/1200/0261.jpeg,2026-07-19T08:03:00Z,,In der Ukraine hält die Empörung über die Absetzung von Verteidigungsminister Mychajlo Fedorow an. Er hatte das Land im Krieg gegen Russland gestärkt. mehr...,,de,'Krieg'
https://www.zeit.de/news/2026-07/19/brasilien-stuermer-antony-bereut-bayern-absage-nicht,https://www.zeit.de/news/2026-07/19/brasilien-stuermer-antony-bereut-bayern-absage-nicht,0,www.zeit.de,Spanien statt München: Brasilien-Stürmer Antony bereut Bayern-Absage nicht,Hier finden Sie Informationen zu dem Thema „Spanien statt München“. Lesen Sie jetzt „Brasilien-Stürmer Antony bereut Bayern-Absage nicht“.,https://img.zeit.de/news/2026-07/19/brasilien-stuermer-antony-bereut-bayern-absage-nicht-image-group/wide__1300x731,2026-07-19T09:14:40Z,,Vor knapp einem Jahr wollte der FC Bayern den Stürmer Antony von Manchester United nach München holen - dieser aber entschied sich für Betis Sevilla in Spanien. Mit seiner damaligen Wahl ist der Bras… [+1063 chars],,de,'Bayern'
https://www.sueddeutsche.de/politik/leihmutterschaft-spahn-usa-ukraine-georgien-li.3517540,https://www.sueddeutsche.de/politik/leihmutterschaft-spahn-usa-ukraine-georgien-li.3517540,0,www.sueddeutsche.de,Leihmutterschaft: Warum ein deutsches Paar für ein  Kind in die Ukraine will,"Jens Spahn hat es gezeigt: Für Paare mit Kinderwunsch sind die USA ein wichtiges Land, aber ein teures. Auch deshalb boomt schon lange der Markt in der Ukraine, nicht einmal der Krieg hat ihn zerstört.",https://www.sueddeutsche.de/2026/07/19/a545e552-7bb1-4606-a32e-03d9b775347f.jpg?q=60&fm=webp&width=1200&rect=0%2C66%2C4000%2C2250,2026-07-19T09:24:54Z,,"Mit Shannon Boff fing alles an, vor 40 Jahren war das, in den USA. Boff war eine junge Mutter aus Redford Township in Michigan, als sie 1986 ein weiteres Kind auf die Welt brachte. Nur war es diesmal… [+146 chars]",,de,'Krieg'
https://www.sueddeutsche.de/projekte/artikel/politik/netanjahu-iran-trump-israel-e893328/,https://www.sueddeutsche.de/projekte/artikel/politik/netanjahu-iran-trump-israel-e893328/,0,www.sueddeutsche.de,Benjamin Netanjahu: Der Krieg seines Lebens,Benjamin Netanjahus gesamte politische Biografie lief auf diesen einen Moment zu: den Sturz des Mullah-Regimes in Iran. Jetzt könnte genau dieser Krieg seine Karriere beenden.,"https://www.sueddeutsche.de/projekte/artikel/politik/netanjahu-iran-trump-israel-e893328/6d4511b09cf4db36189f7cf35c95ce55701ccff41462a912b8396775274d6d85_w2400_h1256_r0,0,5500,2878_q70.jpg",2026-07-19T10:00:00Z,,"Es ist einer dieser Termine, ein Sonntag Anfang Juli, sehr langsam geht Benjamin Netanjahu seinem Publikum entgegen, die Leute filmen jeden seiner Schritte. Netanjahu betritt einen Saal voller Gleich… [+223 chars]",,de,'Krieg'
https://www.derstandard.at/story/3000000331712/gefluechtet-aus-syrien-jetzt-unternehmer-ich-hab-mir-gedacht-boah-so-ein-geschaeft,https://www.derstandard.at/story/3000000331712/gefluechtet-aus-syrien-jetzt-unternehmer-ich-hab-mir-gedacht-boah-so-ein-geschaeft,0,www.derstandard.at,"Geflüchtet aus Syrien, jetzt Unternehmer: ""Ich hab mir gedacht, boah, so ein Geschäft""",Louai Abdul Fattah ist vor dem Krieg in Syrien geflüchtet und in Österreich gelandet. Seinen Traum – ein eigenes Fotogeschäft – hat er sich erfüllt,https://i.ds.at/YYG04A/rs:fill:1200:600/plain/lido-images/2026/07/16/c9582e4e-f38e-4814-9f86-cd01d8ed5cd6.jpg,2026-07-19T10:05:31Z,,"Sie entscheiden darüber, wie Sie unsere Inhalte nutzen wollen. Ihr Gerät erlaubt uns derzeit leider nicht, die entsprechenden Optionen anzuzeigen.
Bitte deaktivieren Sie sämtliche Hard- und Software… [+180 chars]",,de,'Krieg'
https://www.sueddeutsche.de/politik/usa-iran-trump-hormus-bandar-abbas-li.3517539,https://www.sueddeutsche.de/politik/usa-iran-trump-hormus-bandar-abbas-li.3517539,0,www.sueddeutsche.de,Krieg im Nahen Osten: USA und Iran attackieren sich jede Nacht,"Die USA und Iran überziehen sich mit Angriffen. Die US-Armee bombardiert nun auch zivile Infrastruktur, in der Straße von Hormus fährt kaum ein Schiff und erstmals seit Langem sterben wieder US-Soldaten.",https://www.sueddeutsche.de/2026/07/17/0d2231d6-3c4c-46ab-9e2b-40c0f9451272.jpg?q=60&fm=webp&width=1200&rect=0%2C0%2C3500%2C1969,2026-07-19T10:39:21Z,,"Ein Waffenstillstand war es längst nicht mehr, seit mehr als einer Woche verging keine Nacht, ohne dass die USA und das iranische Regime einander angriffen. Am Wochenende fühlte sich Irans Oberster F… [+217 chars]",,de,'Krieg'
https://www.bild.de/politik/inland/iran-krieg-treibt-oelpreis-hoch-jetzt-knallt-der-spritpreis-wieder-rauf-6a5ca2cdfcf158a602b3b5d2,https://www.bild.de/politik/inland/iran-krieg-treibt-oelpreis-hoch-jetzt-knallt-der-spritpreis-wieder-rauf-6a5ca2cdfcf158a602b3b5d2,0,www.bild.de,Iran-Krieg treibt Ölpreis hoch - Jetzt knallt der Spritpreis wieder rauf,Iran-Krieg treibt Ölpreis hoch: Diesel und Super werden in Deutschland deutlich teurer.,"https://images.bild.de/6a5ca2cdfcf158a602b3b5d2/ad1e179201031b4d11c2c770e1bd7949,700f40b0?w=1280",2026-07-19T11:09:19Z,,TTS-Player überspringenArtikel weiterlesenBerlin Der Iran-Krieg eskaliert und Deutschlands Autofahrer bekommen die Folgen an der Zapfsäule zu spüren! Am Sonntag kostete ein Liter Super im bundesweite… [+1824 chars],,de,'Krieg'
https://www.welt.de/kultur/literarischewelt/article6a4f3b31fe4170d03593add6/neapel-1944-noch-ein-tag-leben-bevor-sie-gegen-die-deutschen-in-den-krieg-muessen.html,https://www.welt.de/kultur/literarischewelt/article6a4f3b31fe4170d03593add6/neapel-1944-noch-ein-tag-leben-bevor-sie-gegen-die-deutschen-in-den-krieg-muessen.html,0,www.welt.de,"Noch ein Tag Leben, bevor sie gegen die Deutschen in den Krieg müssen","Neapel hungert, aber für Syphilis-Kranke gibt es endlich Penicillin. Und obwohl diese Stadt todkrank ist, ist sie quicklebendig. John Horne Burns hat über seine Zeit als Soldat in Italien einen brillanten Roman hinterlassen.",https://images.welt.de/6a4f3b31fe4170d03593add6/bbcdd78ae4b7ebc594c604d41173be1d-master/ci16x9-w1200/539877785-jpg,2026-07-19T11:13:31Z,,"Neapel hungert, aber für Syphilis-Kranke gibt es endlich Penicillin. Und obwohl diese Stadt todkrank ist, ist sie quicklebendig. John Horne Burns hat über seine Zeit als Soldat in Italien einen brill… [+6533 chars]",,de,'Krieg'
https://taz.de/Krieg-in-Nahost/!6197384/,https://taz.de/Krieg-in-Nahost/!6197384/,0,taz.de,Krieg in Nahost: Elf Tote bei israelischen Angriffen im Gazastreifen,Seit Beginn der sogenannten Waffenruhe im Herbst 2025 wurden mehr als 1.100 Menschen in Gaza getötet. Unter den Opfern sollen auch drei Kinder sein.,https://taz.de/picture/8619488/1200/41700912.jpeg,2026-07-19T11:36:00Z,,Seit Beginn der sogenannten Waffenruhe im Herbst 2025 wurden mehr als 1.100 Menschen in Gaza getötet. Unter den Opfern sollen auch drei Kinder sein. mehr...,,de,'Krieg'
https://www.n-tv.de/ratgeber/So-koennen-Sie-beim-Waeschetrocknen-Strom-sparen-id31066037.html,https://www.n-tv.de/ratgeber/So-koennen-Sie-beim-Waeschetrocknen-Strom-sparen-id31066037.html,0,www.n-tv.de,Auf Trockner verzichten?: So können Sie beim Wäschetrocknen Strom sparen,"Wie bekommt man feuchte Wäsche schnell wieder trocken - mit möglichst wenig Stromverbrauch? Ein Teil der Antwort liegt in der Waschmaschine. Tipps für alle, die Zeit und Energie sparen wollen.",https://www.n-tv.de/img/31066071/1783590009/Img_16_9/1200/Waesche-auf-dem-Waeschestaender-Hand-mit-Waescheklammer-Muenchen-Oktober-2024-Deutschland-Muenchen-Oktober-2024-Waesche-auf-dem-Waeschestaender-Waesche-trocknet-in-der-Wohnung-Hand-haelt-Waescheklammer-Laundry-on-the-clothes-horse-hand-with-clothespin-Munich-October-2024-Germany-Munich-October-2024-laundry-on-the-clothes-horse-laundry-drying-in-the-apartment-hand-holding-clothespin.jpg,2026-07-19T17:00:11Z,,"Beim Stromverbrauch von Wäschetrocknern gibt es große Unterschiede - die Anschaffung eines sparsameren Modells kann sich langfristig lohnen. (Foto: dpa)
Wie bekommt man feuchte Wäsche schnell wieder… [+2288 chars]",,de,'Energie sparen'
https://www.faz.net/aktuell/gesellschaft/kriminalitaet/bayern-unbekannter-attackiert-besucher-auf-einem-dorffest-201045389.html,https://www.faz.net/aktuell/gesellschaft/kriminalitaet/bayern-unbekannter-attackiert-besucher-auf-einem-dorffest-201045389.html,0,www.faz.net,Bayern: Unbekannter attackiert Besucher auf einem Dorffest – acht Verletzte,"Ein Unbekannter verletzt mehrere Menschen auf einem Dorffest im bayerischen Egling, dann verschwindet er. Die Fahndung dauert noch an.",https://media0.faz.net/image/w1200h627/f9066958260d/w6000h3135x0y433o/202607/43601.0.2351132701/bayern-egling-teile-einer-bar.webp,2026-07-19T19:29:51Z,,Auf einem Dorffest mit rund 700 Besuchern in Egling im Landkreis Bad Tölz-Wolfratshausen sind acht Menschen verletzt worden. Ein 16-Jähriger wurde von einem Unbekannten mit einem Messer attackiert un… [+3037 chars],,de,'Bayern'
https://www.zeit.de/news/2026-07/19/us-militaer-informiert-ueber-tod-eines-weiteren-soldaten,https://www.zeit.de/news/2026-07/19/us-militaer-informiert-ueber-tod-eines-weiteren-soldaten,0,www.zeit.de,Eskalation im Iran-Krieg: US-Militär informiert über Tod eines weiteren Soldaten,Hier finden Sie Informationen zu dem Thema „Eskalation im Iran-Krieg“. Lesen Sie jetzt „US-Militär informiert über Tod eines weiteren Soldaten“.,https://img.zeit.de/news/2026-07/19/us-militaer-informiert-ueber-tod-eines-weiteren-soldaten-image-group/wide__1300x731,2026-07-19T19:49:12Z,,Das US-Militär hat den Tod eines weiteren seiner Soldaten im Iran-Krieg gemeldet. Am Samstag sei ein US-Soldat im Nordirak bei einer kontrollierten Sprengung nicht detonierter Kampfmittel aus einer a… [+1030 chars],,de,'Krieg'
https://www.zeit.de/news/2026-07/20/angriff-mit-lenkbomben-erneut-tote-in-saporischschja,https://www.zeit.de/news/2026-07/20/angriff-mit-lenkbomben-erneut-tote-in-saporischschja,0,www.zeit.de,Ukraine-Krieg: Angriff mit Lenkbomben – Erneut Tote in Saporischschja,Hier finden Sie Informationen zu dem Thema „Ukraine-Krieg“. Lesen Sie jetzt „Angriff mit Lenkbomben – Erneut Tote in Saporischschja“.,https://img.zeit.de/news/2026-07/20/angriff-mit-lenkbomben-erneut-tote-in-saporischschja-image-group/wide__1300x731,2026-07-19T23:11:21Z,,Bei einem russischen Luftangriff auf das südostukrainische Gebiet Saporischschja sind in der gleichnamigen Gebietshauptstadt mindestens zwei Menschen getötet worden. Mindestens 42 weitere wurden bei … [+592 chars],,de,'Krieg'
https://www.zeit.de/news/2026-07/20/neunte-nacht-in-folge-us-angriffe-gegen-iran-gehen-weiter,https://www.zeit.de/news/2026-07/20/neunte-nacht-in-folge-us-angriffe-gegen-iran-gehen-weiter,0,www.zeit.de,Iran-Krieg: Neunte Nacht in Folge: US-Angriffe gegen Iran gehen weiter,Hier finden Sie Informationen zu dem Thema „Iran-Krieg“. Lesen Sie jetzt „Neunte Nacht in Folge: US-Angriffe gegen Iran gehen weiter“.,https://img.zeit.de/news/2026-07/20/neunte-nacht-in-folge-us-angriffe-gegen-iran-gehen-weiter-image-group/wide__1300x731,2026-07-19T23:39:47Z,,"Das US-Militär hat nach eigenen Angaben die neunte Nacht in Folge Ziele im Iran attackiert. Die Angriffe seien um 19.00 Uhr US-Ostküstenzeit (2.30 Uhr Ortszeit im Iran) aufgenommen worden, teilte das… [+991 chars]",,de,'Krieg'
https://www.zeit.de/news/2026-07/20/finke-will-konsequent-auf-russische-nadelstiche-reagieren,https://www.zeit.de/news/2026-07/20/finke-will-konsequent-auf-russische-nadelstiche-reagieren,0,www.zeit.de,Öltransporte: Finke will konsequent auf russische Nadelstiche reagieren,Hier finden Sie Informationen zu dem Thema „Öltransporte“. Lesen Sie jetzt „Finke will konsequent auf russische Nadelstiche reagieren“.,https://img.zeit.de/news/2026-07/20/finke-will-konsequent-auf-russische-nadelstiche-reagieren-image-group/wide__1300x731,2026-07-20T02:30:06Z,,"Schleswig-Holsteins Innenministerin Magdalena Finke will konsequenter gegen mutmaßliche Schiffe der russischen Schattenflotte vorgehen. «Wir sind bereits dabei, die Befugnisse nachzuschärfen sowohl b… [+4339 chars]",,de,'Öl'
https://www.zeit.de/news/2026-07/20/wetter-in-bayern-kuehle-luft-und-meist-trocken,https://www.zeit.de/news/2026-07/20/wetter-in-bayern-kuehle-luft-und-meist-trocken,0,www.zeit.de,Vorhersage: Wetter in Bayern: Kühle Luft und meist trocken,Hier finden Sie Informationen zu dem Thema „Vorhersage“. Lesen Sie jetzt „Wetter in Bayern: Kühle Luft und meist trocken“.,https://img.zeit.de/news/2026-07/20/wetter-in-bayern-kuehle-luft-und-meist-trocken-image-group/wide__1300x731,2026-07-20T04:25:57Z,,Nach einigen Schauern und Gewittern in den vergangenen Tagen soll es nun etwas trockener bleiben. Nur vereinzelt sollen laut Deutschem Wetterdienst (DWD) zum Wochenstart Tropfen vom Himmel kommen. Di… [+507 chars],,de,'Bayern'
https://www.golem.de/sonstiges/zustimmung/auswahl.html?from=https://www.golem.de/news/molniya-russische-drohnen-mit-magnet-kompass-gefunden-2607-211046.html&referer=https://t.co/c0077651e1,https://www.golem.de/sonstiges/zustimmung/auswahl.html?from=https://www.golem.de/news/molniya-russische-drohnen-mit-magnet-kompass-gefunden-2607-211046.html&referer=https://t.co/c0077651e1,0,www.golem.de,Molniya: Russische Drohnen mit Magnet-Kompass gefunden,"Weil GPS-Störsender im Ukraine-Krieg zum Dauerzustand geworden sind, greifen einige russische Drohnen-Einheiten zu einer simplen Lösung. (Drohne, GPS)",,2026-07-20T06:58:01Z,,"Besuchen Sie Golem.de wie gewohnt mit Werbung und Tracking,
 indem Sie der Nutzung aller Cookies zustimmen.
 Details zum Tracking finden Sie im Privacy Center.
Skript wurde nicht geladen. Informat… [+607 chars]",,de,'Krieg'
https://www.derstandard.de/story/3000000327738/land-der-sonne-land-der-winde-wie-das-burgenland-zum-erneuerbaren-vorreiter-wurde,https://www.derstandard.de/story/3000000327738/land-der-sonne-land-der-winde-wie-das-burgenland-zum-erneuerbaren-vorreiter-wurde,0,www.derstandard.de,"Land der Sonne, Land der Winde: Wie das Burgenland zum Erneuerbaren-Vorreiter wurde","Während viele Bundesländer über Windräder streiten, baut das Burgenland sie einfach. Warum Österreichs kleinstes Flächenland zum Labor der Energiewende geworden ist.",https://i.ds.at/M42lnQ/rs:fill:1200:600/plain/lido-images/2026/07/15/937f9c94-68f2-4976-a797-16da4975c099.jpg,2026-07-20T07:00:00Z,,"Sie entscheiden darüber, wie Sie unsere Inhalte nutzen wollen. Ihr Gerät erlaubt uns derzeit leider nicht, die entsprechenden Optionen anzuzeigen.
Bitte deaktivieren Sie sämtliche Hard- und Software… [+180 chars]",,de,'Windräder'
https://www.tagesschau.de/wirtschaft/finanzen/marktberichte/marktbericht-dax-dow-jones-396.html,https://www.tagesschau.de/wirtschaft/finanzen/marktberichte/marktbericht-dax-dow-jones-396.html,0,www.tagesschau.de,Marktbericht: Schafft der DAX heute die Stabilisierung?,Nach tagelangen US-Angriffen auf Iran und Vergeltungsschlägen in der Region droht der Konflikt weiter außer Kontrolle zu geraten. Das treibt am Morgen die Ölpreise auf den höchsten Stand seit Juni.,https://images.tagesschau.de/image/b67c6b6d-ed89-46e7-9b57-495550086b8e/AAABn1pS1lI/AAABnSSvrFg/16x9-big/boerse-524.jpg?width=1280,2026-07-20T07:40:00Z,,"Stand: 20.07.2026 09:40 Uhr
Nach tagelangen US-Angriffen auf Iran und Vergeltungsschlägen in der Region droht der Konflikt weiter außer Kontrolle zu geraten. Das treibt am Morgen die Ölpreise auf de… [+4438 chars]",,de,'Inflation'
https://www.faz.net/aktuell/politik/ukraine/vor-der-wahl-ist-putins-regime-in-schwierigkeiten-201025701.html,https://www.faz.net/aktuell/politik/ukraine/vor-der-wahl-ist-putins-regime-in-schwierigkeiten-201025701.html,0,www.faz.net,Wahlen in Russland: Ein Ende von Putins Regime ist nicht absehbar,"Viele Russen sind unzufrieden mit dem Krieg, langen Schlangen vor den  Tankstellen und Internetblockaden. Trotzdem verliert Putin nicht die Kontrolle.",https://media0.faz.net/image/w1200h627/6720534ca770/w7788h4069x0y312o/202607/43601.0.2321611256/an-dieser-moskauer-tankstelle.webp,2026-07-20T08:03:17Z,,"In zwei Monaten findet in Russland eine Parlamentswahl statt. Alles wird sein wie immer: Gegner des Kremls werden nicht zugelassen, die ungefähren Stimmanteile der Machtpartei Einiges Russland und de… [+4463 chars]",,de,'Krieg'
https://www.zeit.de/news/2026-07/20/einen-tag-nach-wm-endspiel-bayern-starten-vorbereitung,https://www.zeit.de/news/2026-07/20/einen-tag-nach-wm-endspiel-bayern-starten-vorbereitung,0,www.zeit.de,Fußball-Rekordmeister: Einen Tag nach WM-Endspiel: Bayern starten Vorbereitung,Hier finden Sie Informationen zu dem Thema „Fußball-Rekordmeister“. Lesen Sie jetzt „Einen Tag nach WM-Endspiel: Bayern starten Vorbereitung“.,https://img.zeit.de/news/2026-07/20/einen-tag-nach-wm-endspiel-bayern-starten-vorbereitung-image-group/wide__1300x731,2026-07-20T12:57:58Z,,"Tom Bischof ließ die Fensterscheibe herunter, schrieb kurz Autogramme und lächelte für Erinnerungsfotos. Der U21-Nationalmannschaftskapitän war einer der wenigen Profis des FC Bayern München, den die… [+3388 chars]",,de,'Bayern'
https://www.welt.de/politik/ausland/plus6a5792d068b3d65152689c91/verhandlungen-stocken-schaerfere-eu-sanktionen-gegen-russland-drohen-an-sonderwuenschen-zu-scheitern.html,https://www.welt.de/politik/ausland/plus6a5792d068b3d65152689c91/verhandlungen-stocken-schaerfere-eu-sanktionen-gegen-russland-drohen-an-sonderwuenschen-zu-scheitern.html,0,www.welt.de,Schärfere EU-Sanktionen gegen Russland drohen an Sonderwünschen zu scheitern,"Öffentlich fordern europäische Politiker neue Sanktionen gegen Russland, vor allem beim Öl. Aber die Verhandlungen in Brüssel über das 21. Paket zeigen ein anderes Bild. Immer mehr Länder verlangen Ausnahmen.",https://images.welt.de/6a5792d068b3d65152689c91/b4ac8cef4c7b445d6ae12d0e14153b3f-master/ci16x9-w1200/1782385839457-afp-b8ab6g3-jpg,2026-07-20T13:35:03Z,,"Öffentlich fordern europäische Politiker neue Sanktionen gegen Russland, vor allem beim Öl. Aber die Verhandlungen in Brüssel über das 21. Paket zeigen ein anderes Bild. Immer mehr Länder verlangen A… [+8 chars]",,de,'Öl'
https://www.zeit.de/news/2026-07/20/eu-kommission-fuer-aussetzung-von-strafe-bei-methan-verstoessen,https://www.zeit.de/news/2026-07/20/eu-kommission-fuer-aussetzung-von-strafe-bei-methan-verstoessen,0,www.zeit.de,Nach Druck der US-Gaslobby: EU-Kommission für Aussetzung von Strafe bei Methan-Verstößen,Hier finden Sie Informationen zu dem Thema „Nach Druck der US-Gaslobby“. Lesen Sie jetzt „EU-Kommission für Aussetzung von Strafe bei Methan-Verstößen“.,https://img.zeit.de/news/2026-07/20/eu-kommission-fuer-aussetzung-von-strafe-bei-methan-verstoessen-image-group/wide__1300x731,2026-07-20T14:58:09Z,,Nach erheblichem Druck der US-Gaslobby will die EU-Kommission die Durchsetzung von Klimaschutzvorschriften in der Öl- und Gasindustrie vorübergehend abschwächen. Konkret empfiehlt die Behörde den Mit… [+2339 chars],,de,'Gas'
https://www.zeit.de/news/2026-07/20/nach-langem-poker-laimer-verlaengert-langfristig-bei-bayern,https://www.zeit.de/news/2026-07/20/nach-langem-poker-laimer-verlaengert-langfristig-bei-bayern,0,www.zeit.de,Fußball-Rekordmeister: Nach langem Poker: Laimer verlängert langfristig bei Bayern,Hier finden Sie Informationen zu dem Thema „Fußball-Rekordmeister“. Lesen Sie jetzt „Nach langem Poker: Laimer verlängert langfristig bei Bayern“.,https://img.zeit.de/news/2026-07/20/nach-langem-poker-laimer-verlaengert-langfristig-bei-bayern-image-group/wide__1300x731,2026-07-20T16:06:29Z,,"Der FC Bayern hat sich nach monatelangem Poker mit Konrad Laimer geeinigt und Österreichs WM-Teilnehmer langfristig gebunden. Der 29-Jährige unterschreibt einen Vertrag bis Sommer 2029, wie der Rekor… [+1785 chars]",,de,'Bayern'
https://www.welt.de/politik/ausland/article6a5e5a62dde33743432a74de/rotes-meer-risiko-einer-regionalen-eskalation-pro-iranische-huthi-drohen-saudi-arabien-mit-seeblockade.html,https://www.welt.de/politik/ausland/article6a5e5a62dde33743432a74de/rotes-meer-risiko-einer-regionalen-eskalation-pro-iranische-huthi-drohen-saudi-arabien-mit-seeblockade.html,0,www.welt.de,„Risiko einer regionalen Eskalation“ – Pro-iranische Huthi drohen Saudi-Arabien mit Seeblockade,Die Huthi im Jemen greifen nach der Öl-Lebensader Saudi-Arabiens und drohen mit einer Seeblockade im Roten Meer. Die UN sehen die Freiheit der Schifffahrt in Gefahr und warnen vor einer regionalen Eskalation.,https://images.welt.de/6a5e5a62dde33743432a74de/cc9ab398d1ef672e7facb74f2d4317fc-master/ci16x9-w1200/apdpa-7d4fb396bad1455e812c2dc97f476791-jpg,2026-07-20T17:58:02Z,,Die Huthi im Jemen greifen nach der Öl-Lebensader Saudi-Arabiens und drohen mit einer Seeblockade im Roten Meer. Die UN sehen die Freiheit der Schifffahrt in Gefahr und warnen vor einer regionalen Es… [+1884 chars],,de,'Öl'
https://www.zeit.de/news/2026-07/21/zwei-radfahrer-rutschen-auf-oelspur-aus-verkehr-lahmgelegt,https://www.zeit.de/news/2026-07/21/zwei-radfahrer-rutschen-auf-oelspur-aus-verkehr-lahmgelegt,0,www.zeit.de,Verkehrsunfall: Zwei Radfahrer rutschen auf Ölspur aus - Verkehr lahmgelegt,Hier finden Sie Informationen zu dem Thema „Verkehrsunfall“. Lesen Sie jetzt „Zwei Radfahrer rutschen auf Ölspur aus - Verkehr lahmgelegt“.,https://img.zeit.de/news/2026-07/21/zwei-radfahrer-rutschen-auf-oelspur-aus-verkehr-lahmgelegt-image-group/wide__1300x731,2026-07-20T22:02:50Z,,"Die Ölspur eines defekten Linienbusses hat den Verkehr in Wuppertal-Oberbarmen lahmgelegt. Zwei Radfahrer seien auf der Spur ausgerutscht, teilte die Feuerwehr mit. Sie seien am Montagabend medizinis… [+561 chars]",,de,'Öl'
https://www.zeit.de/news/2026-07/21/wetter-in-bayern-bleibt-mild,https://www.zeit.de/news/2026-07/21/wetter-in-bayern-bleibt-mild,0,www.zeit.de,Vorhersage: Wetter in Bayern bleibt mild,Hier finden Sie Informationen zu dem Thema „Vorhersage“. Lesen Sie jetzt „Wetter in Bayern bleibt mild“.,https://img.zeit.de/news/2026-07/21/wetter-in-bayern-bleibt-mild-image-group/wide__1300x731,2026-07-21T03:57:09Z,,"Es bleibt vergleichsweise mild in Bayern. Für diesen Dienstag kündigt der Deutsche Wetterdienst (DWD) höchstens 25 Grad im Raum Aschaffenburg an. Im Frankenwald werden sogar nur 19 Grad erwartet. 
N… [+357 chars]",,de,'Bayern'
https://www.focus.de/immobilien/wohnen/leere-gasspeicher-vor-dem-winter-werden-zum-problem-fuer-versorger_b5b8e425-eb95-47db-839a-76ba7a1b5452.html,https://www.focus.de/immobilien/wohnen/leere-gasspeicher-vor-dem-winter-werden-zum-problem-fuer-versorger_b5b8e425-eb95-47db-839a-76ba7a1b5452.html,0,www.focus.de,Leere Gasspeicher vor dem Winter werden zum Problem für Versorger,"Seit der Iran die Straße von Hormus wieder blockiert, steigen die Gaspreise stärker als die Ölpreise. Für Verbraucher kann das ein Problem bedeuten.","https://quadro.burda-forward.de/ctf/15b1743d-a334-4b16-8012-2a383d3ad7e3.a5c2761d-4718-4bf5-bc27-f14436c32dd8.jpg?im=RegionOfInterestCrop=(1200,630),regionOfInterest=(2056,1911)&hash=15212de0f2922121dd0033912fca1760b2fcf39387f1f1269e390abed2c31581",2026-07-21T05:09:00Z,,Um rund 20 Prozent sind die europäischen Gaspreise am niederländischen Handelspunkt TTF seit Ende Juni gestiegen. Allein in den vergangenen Tagen schossen sie um fünf Euro pro Megawattstunde nach obe… [+4033 chars],,de,'Gas'
https://www.zeit.de/wirtschaft/2026-07/digitalisierung-umwelt-kuenstliche-intelligenz-klimaschaden-emissionshandel,https://www.zeit.de/wirtschaft/2026-07/digitalisierung-umwelt-kuenstliche-intelligenz-klimaschaden-emissionshandel,0,www.zeit.de,Digitalisierung und Umwelt: Die KI wird ein Ökokiller,"Die Nutzung künstlicher Intelligenz droht den Planeten zu zerstören, wenn sich nichts ändert, meint unser Gastautor. Diskutieren Sie jetzt live mit ihm!",https://img.zeit.de/wirtschaft/2026-07/digitalisierung-umwelt-kuenstliche-intelligenz-klimaschaden-emissionshandel-bild/wide__1300x731,2026-07-21T07:58:53Z,,"Der
Jurist und Rechtsphilosoph Felix Ekardt arbeitet als Leiter der Leipziger Forschungsstelle Nachhaltigkeit und Klimapolitik
sowie Professor an der Uni Rostock und forscht zu Politik, Recht und E… [+6356 chars]",,de,'fossile Energie'
https://www.computerbase.de/artikel/netzpolitik/mythos-kill-switch-trump-warum-eu-open-source.98405/,https://www.computerbase.de/artikel/netzpolitik/mythos-kill-switch-trump-warum-eu-open-source.98405/,0,www.computerbase.de,"Trumps Kill Switch: Wie die EU Alternativen zu MS365, ChatGPT und Co. aufbauen will","Dass die Trump-Administration Anthropics Top-Modelle Fable 5 und Mythos 5 sperrte, ist gravierend für Europa. Technologie-Blockaden sind kein hypothetisches Szenario mehr. Die EU hat bereits einen Plan gegen die Big-Tech-Abhängigkeit vorgelegt. Wie Open Sourc…",https://pics.computerbase.de/1/2/3/7/9/8-4b3c51f6ea03ff01/article-1280x720.49274e90.jpg,2026-07-21T08:00:00Z,,"Dass die Trump-Administration Anthropics Top-Modelle Fable 5 und Mythos 5 sperrte, ist gravierend für Europa. Technologie-Blockaden sind kein hypothetisches Szenario mehr. Die EU hat bereits einen Pl… [+3485 chars]",,de,'Abhängigkeit'
https://www.welt.de/kultur/article6a5f108998910276e1594bb5/jazzsommer-berlin-wie-es-einmal-war-und-haette-werden-koennen.html,https://www.welt.de/kultur/article6a5f108998910276e1594bb5/jazzsommer-berlin-wie-es-einmal-war-und-haette-werden-koennen.html,0,www.welt.de,"Berlin, wie es einmal war und hätte werden können","Al Di Meola und Brad Mehldau, Till Brönner und Dee Dee Bridgewater: Ein hochkarätig besetztes Festival im Berliner Gasometer erinnert an die ehemalige deutsche Jazzhauptstadt.",https://images.welt.de/6a5f108998910276e1594bb5/c1c7b8886df6624f830302ec4c9227b1/ci16x9-w1200/492644210-jpg,2026-07-21T09:18:03Z,,"Al Di Meola und Brad Mehldau, Till Brönner und Dee Dee Bridgewater: Ein hochkarätig besetztes Festival im Berliner Gasometer erinnert an die ehemalige deutsche Jazzhauptstadt.Es gab tatsächlich mal e… [+6004 chars]",,de,'Gasspeicher'
https://www.zeit.de/news/2026-07/21/bayern-baut-auch-am-kader-geruechte-um-musiala-oder-olise,https://www.zeit.de/news/2026-07/21/bayern-baut-auch-am-kader-geruechte-um-musiala-oder-olise,0,www.zeit.de,Fußball-Rekordmeister: Bayern baut - auch am Kader? Gerüchte um Musiala oder Olise,Hier finden Sie Informationen zu dem Thema „Fußball-Rekordmeister“. Lesen Sie jetzt „Bayern baut - auch am Kader? Gerüchte um Musiala oder Olise“.,https://img.zeit.de/news/2026-07/21/bayern-baut-auch-am-kader-geruechte-um-musiala-oder-olise-image-group/wide__1300x731,2026-07-21T10:27:29Z,,"Beim FC Bayern wird gebaut. Vor allem am Vereinsgelände, aber auch am Kader. Zum Trainingsauftakt verlängerten die Münchner nach langwierigen Verhandlungen mit dem österreichischen WM-Teilnehmer Konr… [+4761 chars]",,de,'Bayern'
https://www.zeit.de/news/2026-07/21/eu-stellt-unterstuetzung-fuer-kunstbiennale-in-venedig-ein,https://www.zeit.de/news/2026-07/21/eu-stellt-unterstuetzung-fuer-kunstbiennale-in-venedig-ein,0,www.zeit.de,Wegen Russlands Teilnahme: EU stellt Unterstützung für Kunstbiennale in Venedig ein,Hier finden Sie Informationen zu dem Thema „Kunst und Krieg“. Lesen Sie jetzt „EU stellt Unterstützung für Kunstbiennale in Venedig ein“.,https://img.zeit.de/news/2026-07/21/eu-stellt-unterstuetzung-fuer-kunstbiennale-in-venedig-ein-image-group/wide__1300x731,2026-07-21T11:57:52Z,,Die EU stellt die Förderung der Kunstbiennale von Venedig wegen der umstrittenen Teilnahme Russlands ein. Die Europäische Exekutivagentur für Bildung und Kultur (EACEA) habe nach der rechtlichen Bewe… [+3276 chars],,de,'Krieg'
https://t3n.de/news/alternative-zu-batterien-so-will-china-200-kilowattstunden-strom-mit-einem-schwungrad-speichern-1753777/,https://t3n.de/news/alternative-zu-batterien-so-will-china-200-kilowattstunden-strom-mit-einem-schwungrad-speichern-1753777/,0,t3n.de,Alternative zu Batterien: So will China 200 Kilowattstunden Strom mit einem Schwungrad speichern,"Wenn Windräder und Solaranlagen viel Strom liefern, können Batteriespeicher das oft nicht aufnehmen und der Vorteil verpufft. In China arbeitet eine Firma nun an einem neuartigen Schwungrad. So soll es Strom mit Bewegung speichern.
weiterlesen auf t3n.de",https://cdn.t3n.de/news/wp-content/uploads/2026/07/Screenshot-2026-07-21-at-13.25.38.jpeg?class=content,2026-07-21T14:30:34Z,,Das Unternehmen Qnetic errichtet in Shanghai eine Testanlage für Schwungrad-Energiespeicher. Sie soll die größte ihrer Art sein. Der erste Prototyp kann bereits 200 Kilowattstunden speichern deutlich… [+1858 chars],,de,'Windräder'
https://taz.de/EU-Methanverordnung/!6197822/,https://taz.de/EU-Methanverordnung/!6197822/,0,taz.de,EU-Methanverordnung: Keine Strafen für den Klimakiller Methan,"Die EU-Kommission will zwar an der Methanverordnung festhalten – aber Gas- und Ölunternehmen die Strafen erlassen, wenn sie dagegen verstoßen.",https://taz.de/picture/8622964/1200/41718129.jpeg,2026-07-21T15:50:00Z,,"Die EU-Kommission will zwar an der Methanverordnung festhalten – aber Gas- und Ölunternehmen die Strafen erlassen, wenn sie dagegen verstoßen. mehr...",,de,'Gas'
https://www.zeit.de/news/2026-07/21/bund-stellt-ausbau-der-oel-pipeline-fuer-pck-auf-pruefstand,https://www.zeit.de/news/2026-07/21/bund-stellt-ausbau-der-oel-pipeline-fuer-pck-auf-pruefstand,0,www.zeit.de,Treibstoff-Versorgung: Bund stellt Ausbau der Öl-Pipeline für PCK auf Prüfstand,Hier finden Sie Informationen zu dem Thema „Treibstoff-Versorgung“. Lesen Sie jetzt „Bund stellt Ausbau der Öl-Pipeline für PCK auf Prüfstand“.,https://img.zeit.de/news/2026-07/21/bund-stellt-ausbau-der-oel-pipeline-fuer-pck-auf-pruefstand-image-group/wide__1300x731,2026-07-21T16:47:13Z,,Der Bund stellt den seit Jahren geplanten Ausbau der Öl-Pipeline Rostock-Schwedt als zentrale Versorgungsader für die Raffinerie PCK infrage. Das Bundeswirtschaftsministerium führe eine Neubewertung … [+3132 chars],,de,'Öl'
https://www.zeit.de/news/2026-07/22/explosionen-in-teheran-flugabwehr-im-einsatz,https://www.zeit.de/news/2026-07/22/explosionen-in-teheran-flugabwehr-im-einsatz,0,www.zeit.de,Iran-Krieg: Explosionen in Teheran - Flugabwehr im Einsatz,Hier finden Sie Informationen zu dem Thema „Iran-Krieg“. Lesen Sie jetzt „Explosionen in Teheran - Flugabwehr im Einsatz“.,https://img.zeit.de/news/2026-07/22/explosionen-in-teheran-flugabwehr-im-einsatz-image-group/wide__1300x731,2026-07-22T00:17:28Z,,Erstmals seit Beginn der jüngsten Eskalation im Iran-Krieg ist wieder die Flugabwehr in der Hauptstadt Teheran aktiviert worden. Im Nordosten der Millionenmetropole waren in der Nacht dumpfe Detonati… [+2038 chars],,de,'Krieg'
https://www.bild.de/leben-wissen/wohnen-living/urlaub-geplant-mit-diesen-tipps-sinkt-der-stromverbrauch-zu-hause-6a5f157785fbf0a2ffee4653,https://www.bild.de/leben-wissen/wohnen-living/urlaub-geplant-mit-diesen-tipps-sinkt-der-stromverbrauch-zu-hause-6a5f157785fbf0a2ffee4653,0,www.bild.de,Stromfresser adé - So sparen Sie im Urlaub ganz einfach Stromkosten,Schon wenige Handgriffe vor der Abreise sparen Energie. Welche Geräte ausgeschaltet werden sollten und wo oft unnötig Strom fließt.,"https://images.bild.de/6a5f157785fbf0a2ffee4653/ed3686261ac9a530e240d840804c2afa,a1d2d200?w=1280",2026-07-22T04:16:12Z,,"TTS-Player überspringenArtikel weiterlesenVor der Abreise denken viele daran, sich um den Kühlschrank, Fenster und Müll zu kümmern. Unnötige Stromfresser bleiben jedoch oft eingeschaltet und das geht… [+2070 chars]",,de,'Energie sparen'
https://www.zeit.de/news/2026-07/22/verdi-pilotabschluss-fuer-gross-und-aussenhandel-in-bayern,https://www.zeit.de/news/2026-07/22/verdi-pilotabschluss-fuer-gross-und-aussenhandel-in-bayern,0,www.zeit.de,Tarifverhandlungen: Verdi: Pilotabschluss für Groß- und Außenhandel in Bayern,Hier finden Sie Informationen zu dem Thema „Tarifverhandlungen“. Lesen Sie jetzt „Verdi: Pilotabschluss für Groß- und Außenhandel in Bayern“.,https://img.zeit.de/news/2026-07/22/verdi-pilotabschluss-fuer-gross-und-aussenhandel-in-bayern-image-group/wide__1300x731,2026-07-22T05:43:16Z,,In den Tarifverhandlungen für den Groß- und Außenhandel ist nach Angaben der Gewerkschaft Verdi in Bayern ein Pilotabschluss erzielt worden. Demnach steigen die Entgelte der rund 240.000 Beschäftigte… [+1658 chars],,de,'Bayern'
https://www.zeit.de/news/2026-07/22/bab-al-mandab-koennte-naechster-engpass-fuer-schiffe-werden,https://www.zeit.de/news/2026-07/22/bab-al-mandab-koennte-naechster-engpass-fuer-schiffe-werden,0,www.zeit.de,Iran-Krieg: Bab al-Mandab könnte nächster Engpass für Schiffe werden,Hier finden Sie Informationen zu dem Thema „Iran-Krieg“. Lesen Sie jetzt „Bab al-Mandab könnte nächster Engpass für Schiffe werden“.,https://img.zeit.de/news/2026-07/22/bab-al-mandab-koennte-naechster-engpass-fuer-schiffe-werden-image-group/wide__1300x731,2026-07-22T11:55:46Z,,Nach der weitgehenden Blockade der Straße von Hormus könnte die Meerenge Bab al-Mandab vor der Küste Jemens zur nächsten Gefahr für die Schifffahrt werden. Das Risiko eines «doppelten Engpasses» stei… [+1917 chars],,de,'Krieg'
https://www.telepolis.de/article/Hoechster-Wert-seit-Kriegsbeginn-EU-Gaspreis-klettert-auf-62-72-Euro-pro-MWh-11373685.html,https://www.telepolis.de/article/Hoechster-Wert-seit-Kriegsbeginn-EU-Gaspreis-klettert-auf-62-72-Euro-pro-MWh-11373685.html,0,www.telepolis.de,"Höchster Wert seit Kriegsbeginn: EU-Gaspreis klettert auf 62,72 Euro pro MWh","Weil LNG-Tanker die Straße von Hormus meiden, steigen die Energiepreise. EU-Kommission erlaubt bereits niedrigere Speicherstände, dennoch drohen teure Zukäufe.",https://heise.cloudimg.io/bound/1200x1200/q85.png-lossy-85.webp-lossy-85.foil1/_www-heise-de_/imgs/18/5/1/2/1/3/7/9/shutterstock_2606894707-116cd9dde290a2af.jpg,2026-07-22T12:31:00Z,,"Die Gaspreise in der EU haben mittlerweile das bisherige Allzeithoch seit Beginn des Iran-Krieges überschritten
(Bild: GreenOak/Shutterstock.com)
Weil LNG-Tanker die Straße von Hormus meiden, steig… [+4242 chars]",,de,'Energiepreise'
https://www.zeit.de/news/2026-07/22/trump-angriff-auf-bruecke-oder-kraftwerk-fuer-schiffsbeschuss,https://www.zeit.de/news/2026-07/22/trump-angriff-auf-bruecke-oder-kraftwerk-fuer-schiffsbeschuss,0,www.zeit.de,Krieg: Trump: Angriff auf Brücke oder Kraftwerk für Schiffsbeschuss,Hier finden Sie Informationen zu dem Thema „Krieg“. Lesen Sie jetzt „Trump: Angriff auf Brücke oder Kraftwerk für Schiffsbeschuss“.,https://img.zeit.de/administratives/sharing/fallback-image-die-zeit/wide__1300x731,2026-07-22T13:15:38Z,,"Die USA werden nach den Worten von US-Präsident Donald Trump künftig jedes Mal eine Brücke oder ein Kraftwerk im Iran «bombardieren und zerstören», wenn die Islamische Republik ein Schiff in der Stra… [+115 chars]",,de,'Krieg'
https://www.focus.de/finanzen/boerse/der-iran-krieg-macht-drei-deutsche-aktien-zu-gewinnern_bddac164-4b39-4896-bf79-34d5a93febee.html,https://www.focus.de/finanzen/boerse/der-iran-krieg-macht-drei-deutsche-aktien-zu-gewinnern_bddac164-4b39-4896-bf79-34d5a93febee.html,0,www.focus.de,Der Iran-Krieg macht drei deutsche Aktien zu Gewinnern,Angriffe auf wichtige Handelsrouten könnten Öl- und Düngemittelpreise erneut steigen lassen. Davon dürften ausgerechnet drei deutsche Konzerne profitieren.,"https://quadro.burda-forward.de/ctf/886c4581-d21a-437e-bd74-0d108bc32700.4fe581b5-861c-441c-be63-fd934e1e75fe.jpg?im=RegionOfInterestCrop=(1200,630),regionOfInterest=(2993,2198)&hash=38f447d254e15659a66cf6cedc703ccb4f02d2610d76292ff2f654008531d8e4",2026-07-22T13:27:00Z,,Viele Anleger hatten den Konflikt zwischen den USA und dem Iran nach der zwischenzeitlichen Waffenruhe bereits abgeschrieben. Doch diese Hoffnung hat sich bekanntlich zerschlagen. Nach erneuten Angri… [+4173 chars],,de,'Öl'
https://www.zeit.de/news/2026-07/22/fc-bayern-bindet-talent-langfristig,https://www.zeit.de/news/2026-07/22/fc-bayern-bindet-talent-langfristig,0,www.zeit.de,Fußball-Rekordmeister: FC Bayern bindet Talent langfristig,Hier finden Sie Informationen zu dem Thema „Fußball-Rekordmeister“. Lesen Sie jetzt „FC Bayern bindet Talent langfristig“.,https://img.zeit.de/news/2026-07/22/fc-bayern-bindet-talent-langfristig-image-group/wide__1300x731,2026-07-22T13:28:39Z,,"Der FC Bayern München hat den Vertrag mit Talent Erblin Osmani (17) vorzeitig langfristig verlängert. Das Mittelfeldjuwel, das bereits mit 16 Jahren in der Bundesliga beim 4:0 gegen Union Berlin im M… [+1062 chars]",,de,'Bayern'
https://www.zeit.de/news/2026-07/22/ministerium-verhandlungen-fuer-oelpipeline-ausbau-gestoppt,https://www.zeit.de/news/2026-07/22/ministerium-verhandlungen-fuer-oelpipeline-ausbau-gestoppt,0,www.zeit.de,Raffinerie PCK Schwedt: Ministerium: Verhandlungen für Ölpipeline-Ausbau gestoppt,Hier finden Sie Informationen zu dem Thema „Raffinerie PCK Schwedt“. Lesen Sie jetzt „Ministerium: Verhandlungen für Ölpipeline-Ausbau gestoppt“.,https://img.zeit.de/news/2026-07/22/ministerium-verhandlungen-fuer-oelpipeline-ausbau-gestoppt-image-group/wide__1300x731,2026-07-22T15:49:59Z,,"Die Verhandlungen mit der EU-Kommission über die staatliche Beihilfe für einen Ausbau der Öl-Pipeline für die Raffinerie PCK liegen auf Eis. Das Bundeswirtschaftsministerium erklärte auf Anfrage, es … [+2040 chars]",,de,'Öl'
https://ooe.orf.at/stories/3363834/,https://ooe.orf.at/stories/3363834/,0,ooe.orf.at,Geopolitische Spannungen verteuern Energie,"Die Spritpreise ziehen wieder an. Auslöser sind die jüngsten Spannungen zwischen den USA und dem Iran, die den Ölpreis steigen lassen. Gleichzeitig wird die staatliche Spritpreisbremse schrittweise zurückgenommen. Derzeit verbilligt sie Diesel und Benzin um w…",https://ibs.orf.at/ooe?image=https%3A%2F%2Foekastatic.orf.at%2Fmims%2F2022%2F08%2F25%2Fcrops%2Fw%3D1200%2Ch%3D627%2Cq%3D75%2F1244239_master_443625_220218_bh_teures_tanken-00_00_02_07.jpg%3Fs%3D89c29cd76d5ebe04dfe1f9581db18bd83f363a65,2026-07-22T15:58:36Z,,Der Sprit wird wieder deutlich teurer. Seit Ende Juni ist der Dieselpreis um fast 20 Prozent gestiegen. Hauptgrund ist die neuerliche Eskalation des Konflikts zwischen dem Iran und den USA. Sie treib… [+1748 chars],,de,'Energie sparen'
https://www.faz.net/aktuell/politik/inland/windkraft-im-sueden-niedrige-strompreise-bremsen-den-ausbau-200995825.html,https://www.faz.net/aktuell/politik/inland/windkraft-im-sueden-niedrige-strompreise-bremsen-den-ausbau-200995825.html,0,www.faz.net,Wind: Der Süden braucht viel Strom – und produziert wenig,Zuletzt sind in Baden-Württemberg und Bayern viele Windräder genehmigt worden. Doch nun machen niedrige Strompreise die Planung vieler Investoren zunichte.,https://media0.faz.net/image/w1200h627/8a9d330e18f3/w3000h1567x0y60o/202511/43601.0.1450230795/windraeder-auf-einem-feld.webp,2026-07-22T16:50:39Z,,"In Baden-Württemberg stockt der Windkraftausbau. Das zeigt nicht nur die Insolvenz des Windkraftunternehmens Sowitec aus der Nähe von Reutlingen, die vor Kurzem bekannt wurde. Nach den bisherigen Pla… [+7434 chars]",,de,'Windräder'
https://www.tagesspiegel.de/politik/bundesverfassungsgericht-tempolimit-fur-gesetze-karlsruhe-urteilt-zum-heizungsgesetz-15868735.html,https://www.tagesspiegel.de/politik/bundesverfassungsgericht-tempolimit-fur-gesetze-karlsruhe-urteilt-zum-heizungsgesetz-15868735.html,0,www.tagesspiegel.de,Bundesverfassungsgericht: Tempolimit für Gesetze? Karlsruhe urteilt zum Heizungsgesetz,"Mit dem Heizungsgesetz wollte die Ampel-Regierung Heizen in Deutschland klimafreundlicher machen. Es hagelte Kritik - nicht nur am Inhalt, sondern auch am Gesetzgebungsprozess. Jetzt fällt ein Urteil.",https://www.tagesspiegel.de/images/15868734/alternates/BASE_16_9_W1400/1784777475000/bundesverfassungsgericht-verhandelt-zu-heizungsgesetz.jpeg,2026-07-23T03:31:15Z,,"Kaum ein Vorhaben der Ampel-Regierung sorgte für so hitzige Debatten wie das Heizungsgesetz. Während die schwarz-rote Koalition Kernpunkte kürzlich wieder abschaffte, hat das Bundesverfassungsgericht… [+5183 chars]",,de,'Heizen'
https://www.zeit.de/news/2026-07/23/oelpreise-legen-weiter-zu-hoechster-stand-seit-anfang-juni,https://www.zeit.de/news/2026-07/23/oelpreise-legen-weiter-zu-hoechster-stand-seit-anfang-juni,0,www.zeit.de,Iran-Krieg: Ölpreise legen weiter zu - Höchster Stand seit Anfang Juni,Hier finden Sie Informationen zu dem Thema „Iran-Krieg“. Lesen Sie jetzt „Ölpreise legen weiter zu - Höchster Stand seit Anfang Juni“.,https://img.zeit.de/news/2026-07/23/oelpreise-legen-weiter-zu-hoechster-stand-seit-anfang-juni-image-group/wide__1300x731,2026-07-23T06:27:46Z,,Der Krieg zwischen den USA und dem Iran treibt die Ölpreise weiter in die Höhe. Der Preis für die Referenzsorte Brent aus der Nordsee zur Lieferung im September stieg erstmals seit Anfang Juni über d… [+1741 chars],,de,'Öl'
https://www.faz.net/aktuell/politik/ausland/liveblog-irankrieg-iran-greift-us-stellungen-in-jordanien-und-kuwait-an-faz-200583539.html,https://www.faz.net/aktuell/politik/ausland/liveblog-irankrieg-iran-greift-us-stellungen-in-jordanien-und-kuwait-an-faz-200583539.html,0,www.faz.net,Liveblog Irankrieg: Iran greift US-Stellungen in Jordanien und Kuwait an,Raketensysteme und Waffenlager ‌Ziel der Angriffe +++ USA melden Angriffe auf Iran +++ Nach Trumps Drohung: Iran kündigt Vergeltung und Ölblockade an +++ alle Entwicklungen im Liveblog,https://media0.faz.net/image/w1200h627/64d4c965e831/w6000h3135x0y438o/202607/43601.0.2357025697/auch-in-jordanien-hat-iran-us.webp,2026-07-23T06:45:54Z,,Nach der jüngsten Drohung von US-Präsident Donald Trump mit Angriffen auf Brücken oder Kraftwerke in Iran hat Teheran für diesen Fall Vergeltung angekündigt. Unsere Verteidigungsdoktrin ist klar: Aug… [+962 chars],,de,'Öl'
https://www.focus.de/immobilien/hormus-krise-treibt-gaspreis-auf-rund-63-euro-pro-megawattstunde_507211f8-0417-4b78-9a59-78e130ff91b6.html,https://www.focus.de/immobilien/hormus-krise-treibt-gaspreis-auf-rund-63-euro-pro-megawattstunde_507211f8-0417-4b78-9a59-78e130ff91b6.html,0,www.focus.de,Hormus-Krise treibt Gaspreis auf rund 63 Euro pro Megawattstunde,Die Lage am Persischen Golf eskaliert weiter. Gas ist so teuer wie 2023 nicht. Verbraucher sollten ihre Gasverträge prüfen.,"https://quadro.burda-forward.de/ctf/2e111509-636b-416d-9f65-689a2feb884e.879ef731-f264-4fb2-8a31-0d8a9ed38d81.jpg?im=RegionOfInterestCrop=(1200,630),regionOfInterest=(1281,682)&hash=64aa677e6955b05d1038db9626c1ca1d07239e25c1bb96d8ff1f35234db93020",2026-07-23T08:55:00Z,,"Am Donnerstag (23. Juli) steigt der Preis für Erdgas in Europa auf rund 63 Euro pro Megawattstunde. So teuer war Erdgas seit Januar 2023 nicht mehr, und speziell seit dem Irankrieg ist das ein neuer … [+4726 chars]",,de,'Gas'
https://www.zeit.de/news/2026-07/23/flaute-beim-windkraft-ausbau-in-thueringen,https://www.zeit.de/news/2026-07/23/flaute-beim-windkraft-ausbau-in-thueringen,0,www.zeit.de,Windräder: Flaute beim Windkraft-Ausbau in Thüringen,Hier finden Sie Informationen zu dem Thema „Windräder“. Lesen Sie jetzt „Flaute beim Windkraft-Ausbau in Thüringen“.,https://img.zeit.de/news/2026-07/23/flaute-beim-windkraft-ausbau-in-thueringen-image-group/wide__1300x731,2026-07-23T10:11:25Z,,"Der Ausbau der Windkraft stockt in Thüringen. Im ersten Halbjahr 2026 ging im Freistaat nur eine neue Windkraftanlage mit einer Leistung von sechs Megawatt (MW) in Betrieb, wie aus Daten der Fachagen… [+1538 chars]",,de,'Windräder'
https://www.zeit.de/news/2026-07/23/sachsen-mit-zweitwenigsten-windraedern-unter-flaechenlaendern,https://www.zeit.de/news/2026-07/23/sachsen-mit-zweitwenigsten-windraedern-unter-flaechenlaendern,0,www.zeit.de,Erneuerbare Energie: Sachsen mit zweitwenigsten Windrädern unter Flächenländern,Hier finden Sie Informationen zu dem Thema „Erneuerbare Energie“. Lesen Sie jetzt „Sachsen mit zweitwenigsten Windrädern unter Flächenländern“.,https://img.zeit.de/news/2026-07/23/sachsen-mit-zweitwenigsten-windraedern-unter-flaechenlaendern-image-group/wide__1300x731,2026-07-23T10:57:23Z,,Im Vergleich der Flächenländer hat Sachsen die zweitwenigsten Windräder. Das geht aus einer Auswertung der Fachagentur Wind und Solar im Auftrag des Bundesverbandes WindEnergie (BWE) und des Verbande… [+2014 chars],,de,'Windräder'
https://www.golem.de/sonstiges/zustimmung/auswahl.html?from=https://www.golem.de/news/wind-und-solar-bohrloch-batterie-speichert-strom-als-kuenstliche-geothermie-2607-211199.html&referer=https://t.co/1778e8282e,https://www.golem.de/sonstiges/zustimmung/auswahl.html?from=https://www.golem.de/news/wind-und-solar-bohrloch-batterie-speichert-strom-als-kuenstliche-geothermie-2607-211199.html&referer=https://t.co/1778e8282e,0,www.golem.de,Wind und Solar: Bohrloch-Batterie speichert Strom als künstliche Geothermie,"Aufgegebene Förderstellen für Öl und Gas können große Energiemengen aufnehmen. Zurück ins Netz gelangt der Strom wie bei einem Geothermiekraftwerk. (Energiewende, Solarenergie)",,2026-07-23T11:14:01Z,,"Besuchen Sie Golem.de wie gewohnt mit Werbung und Tracking,
 indem Sie der Nutzung aller Cookies zustimmen.
 Details zum Tracking finden Sie im Privacy Center.
Skript wurde nicht geladen. Informat… [+607 chars]",,de,'Gas'
https://www.tagesspiegel.de/wirtschaft/erneuerbare-energien-windkraftausbau-bayern-legt-zu-und-hinkt-doch-hinterher-15871073.html,https://www.tagesspiegel.de/wirtschaft/erneuerbare-energien-windkraftausbau-bayern-legt-zu-und-hinkt-doch-hinterher-15871073.html,0,www.tagesspiegel.de,Erneuerbare Energien: Windkraftausbau: Bayern legt zu und hinkt doch hinterher,Prozentual wächst der Zubau kräftig - im bundesweiten Vergleich schneidet der Freistaat aber noch immer schlecht ab. Für die Zukunft gibt es gute und schlechte Nachrichten.,https://www.tagesspiegel.de/images/15871072/alternates/BASE_16_9_W1400/1784805758000/windkraftanlagen.jpeg,2026-07-23T11:22:38Z,,"Berlin/München - Die Windenergie in Bayern wächst. Im ersten Halbjahr stieg die installierte Leistung im Freistaat um 59 Megawatt, wie aus einer aktuellen Bilanz der Branchenverbände BWE und VDMA Pow… [+2719 chars]",,de,'Windräder'
https://www.derstandard.at/story/3000000332513/ezb-wartet-trotz-hoher-inflation-mit-zweiter-zinserhoehung-zu,https://www.derstandard.at/story/3000000332513/ezb-wartet-trotz-hoher-inflation-mit-zweiter-zinserhoehung-zu,0,www.derstandard.at,EZB wartet trotz hoher Inflation mit zweiter Zinserhöhung zu,"Nach einer Anhebung im Juni hält die Notenbank trotz der Folgen des Irankriegs die Zinsen vorerst stabil. Experten erwarten jedoch, dass die EZB im September nachlegen wird",https://i.ds.at/hXsqSg/rs:fill:1200:600/plain/lido-images/2026/07/22/5f3759d0-6a47-44db-85e7-ab7bbf2de974.jpg,2026-07-23T12:20:00Z,,"Der EZB-Rat um Notenbankchefin Christine Lagarde lässt die Zinsen auf dem bisherigen Niveau.
APA/dpa/Florian Wiegand
Trotz der deutlich erhöhten Inflation im Euroraum hat die Europäische Zentralban… [+829 chars]",,de,'Inflation'
https://www.zeit.de/wirtschaft/2026-07/ezb-leitzins-zinsentscheidung-einlagensatz-geldpolitik,https://www.zeit.de/wirtschaft/2026-07/ezb-leitzins-zinsentscheidung-einlagensatz-geldpolitik,0,www.zeit.de,Europäische Zentralbank: EZB lässt Leitzinsen unverändert,Die EZB bleibt vorerst wie erwartet bei ihren Leitzinsen. Erst im Juni hatte sie diese angehoben – erstmals seit 2023 wegen der Inflation aufgrund des Irankriegs.,https://img.zeit.de/wirtschaft/2026-07/ezb-leitzins-zinsentscheidung-einlagensatz-geldpolitik-foto-1/wide__1300x731,2026-07-23T12:32:41Z,,"Die Europäische Zentralbank (EZB) hält den Leitzins
unverändert. Der Einlagensatz, über den die Notenbank maßgeblich ihre Geldpolitik
steuert, bleibt
bei 2,25 Prozent, teilte die Bank mit. Erst im… [+3308 chars]",,de,'Inflation'
https://www.zeit.de/wirtschaft/2026-07/regierung-bulgarien-discounter-preise-inflation-marktmacht,https://www.zeit.de/wirtschaft/2026-07/regierung-bulgarien-discounter-preise-inflation-marktmacht,0,www.zeit.de,Discounter: Wie Bulgarien Lidl und Rewe die Preise diktiert,Offiziell ist es Inflationsbekämpfung. Doch mit neuen Regeln wehrt sich Bulgariens Regierung auch gegen die Marktmacht der Discounterketten der Gruppen Schwarz und Rewe.,https://img.zeit.de/wirtschaft/2026-07/regierung-bulgarien-discounter-preise-inflation-marktmacht-bild/wide__1300x731,2026-07-23T12:43:03Z,,"Inhalt
Auf einer Seite lesen
 Inhalt
<ol><li>Seite 1Wie Bulgarien Lidl und Rewe die Preise diktiert
</li><li>Seite 2Wer treibt die Preise wirklich?</li></ol>
Sonja Lazarova hat den Einkaufswagen… [+6250 chars]",,de,'Inflation'
https://www.faz.net/aktuell/finanzen/oelpreis-springt-wieder-ueber-100-dollar-201058751.html,https://www.faz.net/aktuell/finanzen/oelpreis-springt-wieder-ueber-100-dollar-201058751.html,0,www.faz.net,IRankrieg: Ölpreis springt wieder über 100 Dollar,"Der Irankrieg eskaliert, Öl wird teurer und teurer. Jetzt ist eine wichtige Marke überschritten.",https://media0.faz.net/image/w1200h627/aa7cef657d1a/w6720h3511x0y484o/202607/43601.0.2362968117/das-meerstueck-vor-bab-el.webp,2026-07-23T13:16:54Z,,Der Preis für ein Barrel (159 Liter) der Rohölsorte Brent überschritt am Donnerstag wieder die Marke von 100 Dollar. Innerhalb von drei Wochen ist der Preis damit um 37 Prozent gestiegen. Über 100 Do… [+2136 chars],,de,'Öl'
https://www.focus.de/finanzen/boerse/k-s-ag-suedzucker-verbio-drei-deutsche-aktien-profitieren-von-der-iran-eskalation_bddac164-4b39-4896-bf79-34d5a93febee.html,https://www.focus.de/finanzen/boerse/k-s-ag-suedzucker-verbio-drei-deutsche-aktien-profitieren-von-der-iran-eskalation_bddac164-4b39-4896-bf79-34d5a93febee.html,0,www.focus.de,"K+S AG, Südzucker, Verbio: Drei deutsche Aktien profitieren von der Iran-Eskalation",Angriffe auf wichtige Handelsrouten könnten Öl- und Düngemittelpreise erneut steigen lassen. Davon dürften ausgerechnet drei deutsche Konzerne profitieren.,"https://quadro.burda-forward.de/ctf/886c4581-d21a-437e-bd74-0d108bc32700.4fe581b5-861c-441c-be63-fd934e1e75fe.jpg?im=RegionOfInterestCrop=(1200,630),regionOfInterest=(2993,2198)&hash=38f447d254e15659a66cf6cedc703ccb4f02d2610d76292ff2f654008531d8e4",2026-07-23T13:27:00Z,,Viele Anleger hatten den Konflikt zwischen den USA und dem Iran nach der zwischenzeitlichen Waffenruhe bereits abgeschrieben. Doch diese Hoffnung hat sich bekanntlich zerschlagen. Nach erneuten Angri… [+4173 chars],,de,'Öl'
https://www.zeit.de/news/2026-07/23/waffenverbot-an-sechs-bahnhoefen-in-bayern-greift-erneut,https://www.zeit.de/news/2026-07/23/waffenverbot-an-sechs-bahnhoefen-in-bayern-greift-erneut,0,www.zeit.de,Am Wochenende: Waffenverbot an sechs Bahnhöfen in Bayern greift erneut,Hier finden Sie Informationen zu dem Thema „Am Wochenende“. Lesen Sie jetzt „Waffenverbot an sechs Bahnhöfen in Bayern greift erneut“.,https://img.zeit.de/news/2026-07/23/waffenverbot-an-sechs-bahnhoefen-in-bayern-greift-erneut-image-group/wide__1300x731,2026-07-23T13:39:27Z,,"Pfefferspray, Messer und Scheren: All das sollten Fahrgäste und Passanten beim Reisen mit der Bahn am Wochenende besser nicht bei sich haben. Denn an sechs großen Bahnhöfen im Freistaat ist das Mitfü… [+2521 chars]",,de,'Bayern'
https://www.zeit.de/news/2026-07/23/trump-droht-iran-nach-huthi-angriffen-mit-schwerer-strafe,https://www.zeit.de/news/2026-07/23/trump-droht-iran-nach-huthi-angriffen-mit-schwerer-strafe,0,www.zeit.de,Iran-Krieg: Trump droht Iran nach Huthi-Angriffen mit «schwerer Strafe»,Hier finden Sie Informationen zu dem Thema „Iran-Krieg“. Lesen Sie jetzt „Trump droht Iran nach Huthi-Angriffen mit «schwerer Strafe»“.,https://img.zeit.de/news/2026-07/23/trump-droht-iran-nach-huthi-angriffen-mit-schwerer-strafe-image-group/wide__1300x731,2026-07-23T15:30:45Z,,"Nach Angriffen der Huthi-Miliz vor Jemens Küste hat US-Präsident Donald Trump dem Iran im Falle einer erneuten Attacke mit Vergeltung gedroht. «Sollten sie dies erneut tun, werden die USA den Iran zu… [+5494 chars]",,de,'Krieg'
https://www.n-tv.de/wirtschaft/Der-Iran-Krieg-wird-doch-noch-zum-Heizproblem-id31115846.html,https://www.n-tv.de/wirtschaft/Der-Iran-Krieg-wird-doch-noch-zum-Heizproblem-id31115846.html,0,www.n-tv.de,Gaspreis explodiert: Der Iran-Krieg wird doch noch zum Heizproblem,"Die Heizsaison rückt näher, doch der Flüssiggas-Export aus dem Nahen Osten ist immer noch unterbrochen. Für Verbraucher bedeutet das drastische Preisaufschläge bei Neuverträgen. Unter Umständen droht sogar ein Versorgungsengpass.",https://www.n-tv.de/img/31118138/1784820078/Img_16_9/1200/578075519.jpg,2026-07-23T16:32:16Z,,"Hormus-Blockade, Hitzewellen, fehlende Speichermengen - der Preisdruck wächst. 
Die Heizsaison rückt näher, doch der Flüssiggas-Export aus dem Nahen Osten ist immer noch unterbrochen. Für Verbrauche… [+4078 chars]",,de,'Gas'
https://www.faz.net/aktuell/wirtschaft/klima-nachhaltigkeit/flusswasserwaermepumpe-wenn-der-rhein-zur-heizung-wird-201059709.html,https://www.faz.net/aktuell/wirtschaft/klima-nachhaltigkeit/flusswasserwaermepumpe-wenn-der-rhein-zur-heizung-wird-201059709.html,0,www.faz.net,Flusswasserwärmepumpe: Wenn der Rhein zur Heizung wird,Der Bau von Europas größter Flusswasserwärmepumpe geht jetzt in die entscheidende Phase. Energieökonomen versprechen sich viel von dieser Art des Heizens – warnen allerdings vor mehreren Hürden.,https://media0.faz.net/image/w1200h627/9d8dded70eb4/w6144h3210x0y142o/202607/43601.0.2364399623/prominenz-fuer-ein.webp,2026-07-23T19:25:59Z,,"Wer das wärmewirtschaftliche Vorzeigeprojekt Kölns sehen möchte, muss ein Stück den Rhein entlangfahren. Den Fluss säumen in dieser Niedrigwasserperiode breite Kiesstrände, vom Ufer her riecht es muf… [+6841 chars]",,de,'Heizen'
https://www.zeit.de/news/2026-07/24/trump-iran-muss-ab-sofort-fuer-schaeden-an-schiffen-zahlen,https://www.zeit.de/news/2026-07/24/trump-iran-muss-ab-sofort-fuer-schaeden-an-schiffen-zahlen,0,www.zeit.de,Iran-Krieg: Trump: Iran muss ab sofort für Schäden an Schiffen zahlen,Hier finden Sie Informationen zu dem Thema „Iran-Krieg“. Lesen Sie jetzt „Trump: Iran muss ab sofort für Schäden an Schiffen zahlen“.,https://img.zeit.de/news/2026-07/24/trump-iran-muss-ab-sofort-fuer-schaeden-an-schiffen-zahlen-image-group/wide__1300x731,2026-07-23T23:18:20Z,,Inmitten des Streits um die Straße von Hormus will US-Präsident Donald Trump den Iran für Schäden an Schiffen und Frachtgut zur Rechenschaft ziehen. Jegliche Schäden dieser Art würden ab sofort mit i… [+844 chars],,de,'Krieg'
https://www.nzz.ch/meinung/russland-brennt-um-den-krieg-zu-beenden-muesste-das-putin-regime-aufhoeren-das-putin-regime-zu-sein-ld.10015437,https://www.nzz.ch/meinung/russland-brennt-um-den-krieg-zu-beenden-muesste-das-putin-regime-aufhoeren-das-putin-regime-zu-sein-ld.10015437,0,www.nzz.ch,"GASTKOMMENTAR - Russland brennt – um den Krieg zu beenden, müsste das Putin-Regime aufhören, das Putin-Regime zu sein","Von der Plage ukrainischer Drohnenangriffe über galoppierende Inflation bis hin zu Treibstoffknappheit – Russland zahlt einen immer höheren Preis für Putins Krieg. Doch der ist zum Organisationsprinzip des Regimes geworden, Alternativen sind nicht vorgesehen.","https://img-msp-prod.nzz.ch/2026/07/22/7af40d6f-09e0-4fb1-ad8e-492fcc6e4533.jpg?width=1200&height=675&fit=bounds&quality=75&auto=webp&crop=7390,4157,x0,y653&wmark=nzz",2026-07-24T03:30:00Z,,Von der Plage ukrainischer Drohnenangriffe über galoppierende Inflation bis hin zu Treibstoffknappheit Russland zahlt einen immer höheren Preis für Putins Krieg. Doch der ist zum Organisationsprinzip… [+8407 chars],,de,'Krieg'
https://www.faz.net/aktuell/feuilleton/medien-und-film/talkshow/maybrit-illner-in-der-tv-kritik-europas-strategie-im-umgang-mit-putin-und-trump-accg-201060298.html,https://www.faz.net/aktuell/feuilleton/medien-und-film/talkshow/maybrit-illner-in-der-tv-kritik-europas-strategie-im-umgang-mit-putin-und-trump-accg-201060298.html,0,www.faz.net,TV-Kritik Maybrit Illner: Wie Adenauer für Aufregung sorgt,Bei Maybrit Illner geht es um Europas Verteidigungsstrategie gegen Putins Aggression und Trumps Unberechenbarkeit. Dringend nötig finden das alle anwesenden Demokraten. Der Gast von der AfD hat seine eigene Agenda.,https://media0.faz.net/image/w1200h627/b540ec46bf63/w4724h2468x0y337o/202607/ce928384-79c5-46e3-bb01-a9d782c08b97/ruediger-lucassen-gregor-gysi.webp,2026-07-24T03:53:59Z,,"Das Wortgefecht kam, aber es kam spät. Bis kurz vor dem Ende der Talkshow von Maybrit Illner hatte sich der AfD-Bundestagsabgeordnete Rüdiger Lucassen so durch die Sendung laviert, hatte versucht, ma… [+6347 chars]",,de,'Gas'
https://www.zeit.de/hamburg/2026-07/elbvertiefung-24-07-2026,https://www.zeit.de/hamburg/2026-07/elbvertiefung-24-07-2026,0,www.zeit.de,Elbvertiefung: Der tägliche Newsletter aus Hamburg: Auf dem Rathausmarkt gibt es jetzt Weinbergschnecken (mit Chili-Öl),"Die Elbvertiefung am Freitag – mit einem Nobelpreisträger auf der Reeperbahn, dem Ende des Frisörsalons der Beatles und einem Einsturzhaus in Altona",https://img.zeit.de/2026-07/foto-24-07-2026-5/wide__1300x731,2026-07-24T04:00:11Z,,"Liebe Leserin, lieber Leser,
verbringen Sie den Sommer
daheim? Ich bin kürzlich auf ein Lokal gestoßen, wo man nicht nur draußen
sitzen, sondern auch die eigene Stadt wie ein Urlauber erleben kann… [+7912 chars]",,de,'Öl'
https://www.welt.de/geschichte/80-jahre-welt/article6a4244e3afe845031b3b2306/2022-ich-brauche-keine-mitfahrgelegenheit-ich-brauche-munition.html,https://www.welt.de/geschichte/80-jahre-welt/article6a4244e3afe845031b3b2306/2022-ich-brauche-keine-mitfahrgelegenheit-ich-brauche-munition.html,0,www.welt.de,"„Ich brauche keine Mitfahrgelegenheit, ich brauche Munition!“","Russland begann 2022 seinen Angriffskrieg auf die Ukraine. Seither versuchen deutsche Politiker und Prominente, Putin aus der Verantwortung für den Krieg zu entlassen. Warum ist das so? Die neue Folge unserer Serie zu 80 Jahren WELT.",https://images.welt.de/6a4244e3afe845031b3b2306/e340e7055680351ae5924fccb252db31/ci16x9-w1200/dwosb-80jahrewelt-2022-jpg,2026-07-24T05:14:14Z,,"Russland begann 2022 seinen Angriffskrieg auf die Ukraine. Seither versuchen deutsche Politiker und Prominente, Putin aus der Verantwortung für den Krieg zu entlassen. Warum ist das so? Die neue Folg… [+6581 chars]",,de,'Putin'
https://www.focus.de/politik/ausland/nordkorea-hat-seine-unerschuetterliche-unterstuetzung-fuer-russlands-krieg-gegen-die-ukraine-bekraeftigt_179a9fb9-5c1f-4e18-9022-7177e5fd922f.html,https://www.focus.de/politik/ausland/nordkorea-hat-seine-unerschuetterliche-unterstuetzung-fuer-russlands-krieg-gegen-die-ukraine-bekraeftigt_179a9fb9-5c1f-4e18-9022-7177e5fd922f.html,0,www.focus.de,Nordkorea hat seine „unerschütterliche“ Unterstützung für Russlands Krieg gegen die Ukraine bekräftigt,Nordkorea hat seine Unterstützung für Russlands Krieg gegen die Ukraine bekräftigt. Seit Beginn der russischen Invasion in der Ukraine 2022 hat sich das Verhältnis intensiviert.,"https://quadro.burda-forward.de/ctf/828d37d7-05e1-42ae-b525-2abed5614313.6813e69d-1e7a-47a9-9e1c-cbd083bdd1b3.jpg?im=RegionOfInterestCrop=(1200,630),regionOfInterest=(1275,1008)&hash=b4561001402f840f2a3de46a5d33a879a29f686dd8b26c33add582481cf86114",2026-07-24T06:05:00Z,,"Nordkorea hat seine Unterstützung für Russlands Krieg gegen die Ukraine bekräftigt. Pjöngjangs Rückendeckung für die gesamte Innen- und Außenpolitik der Russischen Föderation sei unerschütterlich, er… [+2347 chars]",,de,'Krieg'
https://www.zeit.de/wirtschaft/2026-07/konsumklima-deutschland-gfk-nim-index-verbraucher,https://www.zeit.de/wirtschaft/2026-07/konsumklima-deutschland-gfk-nim-index-verbraucher,0,www.zeit.de,Konsumklima: Konsumstimmung bleibt auf niedrigem Niveau,"Der Tankrabatt ist ausgelaufen, die Menschen in Deutschland sorgen sich vor der Inflation. Das Konsumklima verschlechtert sich deswegen leicht.",https://img.zeit.de/wirtschaft/2026-07/konsumklima-deutschland-gfk-nim-index-verbraucher-foto-1/wide__1300x731,2026-07-24T07:05:06Z,,"Die Konsumstimmung in Deutschland bleibt auf einem niedrigen Niveau. Der Konsumklima-Index für August sank leicht um 0,3 Zähler auf minus 29,6 Punkte, wie die Forscher der Gesellschaft für Konsumfors… [+1415 chars]",,de,'Inflation'
https://www.faz.net/aktuell/wissen/erde-klima/duerre-in-deutschland-was-heisst-das-fuer-ein-eigentlich-wasserreiches-land-110586303.html,https://www.faz.net/aktuell/wissen/erde-klima/duerre-in-deutschland-was-heisst-das-fuer-ein-eigentlich-wasserreiches-land-110586303.html,0,www.faz.net,Dürre in Deutschland: Ein Land im Trockenstress,"Das erste Halbjahr des Jahres 2026 war in Deutschland zu trocken. Schon im Winter fiel nicht besonders viel Niederschlag, weder Regen noch Schnee. Die Folge: Dürre. Aber was heißt das in einem Land, das lange als wasserreich galt?",https://media0.faz.net/image/w1200h627/392327cdd358/w2864h1496x292y62o/202507/1.10574819/pp-1-10574819.webp,2026-07-24T08:00:23Z,,"Ein Land im Trockenstress
Von JENS GIESEL, CLAUDIA BOTHE, SANDRA LIERMANN und FRAUKE ZBIKOWSKI
24. Juli 2026 · Das erste Halbjahr des Jahres 2026 war in Deutschland zu trocken wie bereits im letzte… [+5848 chars]",,de,'Winter'
https://www.faz.net/aktuell/politik/ausland/rubios-kriegserklaerung-an-das-weltstrafgericht-201051293.html,https://www.faz.net/aktuell/politik/ausland/rubios-kriegserklaerung-an-das-weltstrafgericht-201051293.html,0,www.faz.net,„Stein für Stein“: Rubios Kriegserklärung an das Weltstrafgericht,Die US-Regierung führt eine scharfe Kampagne gegen den Internationalen Strafgerichtshof. Davon sollten sich dessen Unterstützer nicht beeindrucken lassen.,https://media0.faz.net/image/w1200h627/84aeb9da69e0/w6144h3210x0y123o/202607/43601.0.2337196908/der-internationale.webp,2026-07-24T08:23:37Z,,"Eingebettet in die Dünenlandschaft an der Küste von Den Haag liegt der Internationale Strafgerichtshof. Die friedliche Umgebung bildet einen scharfen Kontrast zu dem, was sich hinter der Fassade aus … [+4585 chars]",,de,'Putin'
https://www.faz.net/aktuell/politik/ausland/kreml-gegen-russische-emigranten-schikane-per-gesetz-accg-201055352.html,https://www.faz.net/aktuell/politik/ausland/kreml-gegen-russische-emigranten-schikane-per-gesetz-accg-201055352.html,0,www.faz.net,„Feinde des Volkes“: Wie der Kreml Exilrussen das Leben schwer machen will,"Ein neues russisches Gesetz kann Menschen, die vor Putins Regime geflohen sind, im Ausland in Schwierigkeiten bringen. Kritiker sagen: Es kommt „de facto der Aberkennung der Staatsbürgerschaft gleich“.",https://media0.faz.net/image/w1200h627/0ac0d7319b43/w3000h1567x0y60o/202512/43601.0.1576390896/der-eingang-der-russischen.webp,2026-07-24T09:24:50Z,,"Es gehe um Abschaum,Schufte und Vaterlandsverräter, sagte der Duma-Vorsitzende Wjatscheslaw Wolodin: Das russische Parlament hat am Mittwoch ein Gesetz beschlossen, das Russen im Exil das Leben schwe… [+5418 chars]",,de,'Putin'
https://www.focus.de/politik/ausland/ard-doku-zeigt-wie-putin-westen-mit-kryptowaehrung-austrickst_0dc63d6d-5ea3-468f-810b-439cc641b643.html,https://www.focus.de/politik/ausland/ard-doku-zeigt-wie-putin-westen-mit-kryptowaehrung-austrickst_0dc63d6d-5ea3-468f-810b-439cc641b643.html,0,www.focus.de,"ARD-Doku zeigt, wie Putin Westen mit Kryptowährung austrickst","Ist eine russische Kryptowährung der Schlüssel zur Frage, warum Russland trotz Sanktionen seinen Krieg gegen die Ukraine finanzieren kann? Eine ARD-Recherche liefert verblüffende Hinweise.","https://quadro.burda-forward.de/ctf/d2f6ac29-3404-4dae-97e7-246eea5c4b88.484cf978-b8b7-4fd3-997d-b06fb3ed6ed2.jpeg?im=RegionOfInterestCrop=(1200,630),regionOfInterest=(848,278)&hash=75c5b2305c8575854dc896c426a19c46b2acc97fd2451477ce2ff41df9493561",2026-07-24T09:26:00Z,,"Wie beruhigend: Von Kryptowährungen, gesteht Filmautor Peter Kreysler, hat er keine wirkliche Ahnung. Da geht es den meisten Zuschauerinnen und Zuschauern seiner ARD-Doku Kryptokrieg - Wie Putin uns … [+4903 chars]",,de,'Krieg'
https://www.welt.de/politik/ausland/article6a632e94efccf0c0d5537af9/ukraine-krieg-muessen-uns-klar-machen-wer-genau-gescheitert-ist-sergej-lawrow-kritisiert-alaska-aussage-von-rubio.html,https://www.welt.de/politik/ausland/article6a632e94efccf0c0d5537af9/ukraine-krieg-muessen-uns-klar-machen-wer-genau-gescheitert-ist-sergej-lawrow-kritisiert-alaska-aussage-von-rubio.html,0,www.welt.de,"„Müssen uns klar machen, wer genau gescheitert ist“ – Lawrow kritisiert Alaska-Aussage von Rubio","Russlands Außenminister wirft den USA eine Abkehr von Absprachen des Alaska‑Gipfels vor. Lawrow betont, Moskau werde seine Kriegsziele unabhängig von Washingtons Kurs durchsetzen.",https://images.welt.de/6a632e94efccf0c0d5537af9/079cb04a7f25233dc626aadb0cf6c55b/ci16x9-w1200/dpa-com-260723-99-136067-jpg,2026-07-24T10:10:49Z,,"Russlands Außenminister wirft den USA eine Abkehr von Absprachen des AlaskaGipfels vor. Lawrow betont, Moskau werde seine Kriegsziele unabhängig von Washingtons Kurs durchsetzen.Russlands Außenminist… [+2711 chars]",,de,'Putin'
https://www.derstandard.at/story/3000000332838/ornella-muti-und-tochter-beantragen-russische-staatsbuergerschaft,https://www.derstandard.at/story/3000000332838/ornella-muti-und-tochter-beantragen-russische-staatsbuergerschaft,0,www.derstandard.at,Ornella Muti und Tochter beantragen russische Staatsbürgerschaft,"Schauspielerin hat familiäre Wurzeln in Russland, sie war wegen ihrer Nähe zu Putin in Italien schon ins Kreuzfeuer der Kritik geraten",https://i.ds.at/l3O3FQ/rs:fill:1200:600/plain/lido-images/2026/07/24/70a1f2dc-3290-42ce-aee0-a40be4aace11.jpg,2026-07-24T10:26:01Z,,"Sie entscheiden darüber, wie Sie unsere Inhalte nutzen wollen. Ihr Gerät erlaubt uns derzeit leider nicht, die entsprechenden Optionen anzuzeigen.
Bitte deaktivieren Sie sämtliche Hard- und Software… [+180 chars]",,de,'Putin'
https://www.tagesspiegel.de/internationales/russisches-amazon-in-putins-heimatstadt-brennt-ukraine-setzt-angriffswelle-auf-logistikzentren-fort--kein-ende-in-sicht-15874397.html,https://www.tagesspiegel.de/internationales/russisches-amazon-in-putins-heimatstadt-brennt-ukraine-setzt-angriffswelle-auf-logistikzentren-fort--kein-ende-in-sicht-15874397.html,0,www.tagesspiegel.de,„Russisches Amazon“ in Putins Heimatstadt brennt: Ukraine setzt Angriffswelle auf Logistikzentren fort – kein Ende in Sicht,"Es kristallisiert sich heraus, dass die Ukraine den größten russischen Online-Händler lahmlegen will. Dieses Mal hat es unter anderem ein Wildberries-Lager in St. Petersburg getroffen. Es ist wahrscheinlich nicht das letzte.",https://www.tagesspiegel.de/images/15875508/alternates/BASE_16_9_W1400/1784886790000/aftermath-of-ukrainian-drone-attack-in-saint-petersburg.jpeg,2026-07-24T10:38:09Z,,"Dichte Rauchsäulen über St. Petersburg: In der Nacht zu Freitag hat die ukrainische Armee ihre Angriffe auf den größten russischen Online-Händler Wildberries fortgesetzt, der als russisches Amazon be… [+4367 chars]",,de,'Inflation'
https://www.focus.de/finanzen/news/vor-sieben-wochen-hoffte-der-markt-noch-heute-zeigen-9-gruende-warum-oel-zum-boersencrash-risiko-nummer-1-wird_d67f04de-d383-42d9-a769-2956014ea5a7.html,https://www.focus.de/finanzen/news/vor-sieben-wochen-hoffte-der-markt-noch-heute-zeigen-9-gruende-warum-oel-zum-boersencrash-risiko-nummer-1-wird_d67f04de-d383-42d9-a769-2956014ea5a7.html,0,www.focus.de,"Vor sieben Wochen hoffte der Markt noch – heute zeigen 9 Gründe, warum Öl zum Börsencrash-Risiko Nummer 1 wird",Vor sieben Wochen setzte der Ölmarkt auf Entspannung zwischen USA und Iran. Neun Gründe sprachen dagegen – und sie gelten noch heute.,"https://quadro.burda-forward.de/ctf/f45ff934-403c-4bbf-8dab-f9dfd927d8e8.e783788f-3f14-4980-9157-dd0e4f9f1258.jpg?im=RegionOfInterestCrop=(1200,630),regionOfInterest=(444,306)&hash=92671f85300289ccc066b7784b08c7e7b48f1e0632a7e48354c588a264d88365",2026-07-24T10:47:00Z,,"Am 3. Juni haben wir an dieser Stelle gewarnt: Der Ölmarkt setzt zu stark auf eine schnelle Entspannung zwischen den USA und Iran. Sieben Wochen später zeigt sich, dass diese Skepsis berechtigt war. … [+11192 chars]",,de,'Öl'
https://www.zeit.de/news/2026-07/24/reaktion-auf-eu-massnahme-china-sanktioniert-deutsche-firmen,https://www.zeit.de/news/2026-07/24/reaktion-auf-eu-massnahme-china-sanktioniert-deutsche-firmen,0,www.zeit.de,Ukraine-Krieg: Reaktion auf EU-Maßnahme: China sanktioniert deutsche Firmen,Hier finden Sie Informationen zu dem Thema „Ukraine-Krieg“. Lesen Sie jetzt „Reaktion auf EU-Maßnahme: China sanktioniert deutsche Firmen“.,https://img.zeit.de/news/2026-07/24/reaktion-auf-eu-massnahme-china-sanktioniert-deutsche-firmen-image-group/wide__1300x731,2026-07-24T11:26:26Z,,Als Reaktion auf die neuen Russland-Sanktionen der EU hat China gegen 14 Unternehmen aus Deutschland und anderen europäischen Ländern Exportkontrollen verhängt. Durch die 21. Sanktionsrunde seien auc… [+1909 chars],,de,'Krieg'
https://www.focus.de/politik/ausland/eskalation-oder-kontrollverlust-putins-3-ukraine-optionen_59297e2f-644d-4b08-8787-db6250ada21f.html,https://www.focus.de/politik/ausland/eskalation-oder-kontrollverlust-putins-3-ukraine-optionen_59297e2f-644d-4b08-8787-db6250ada21f.html,0,www.focus.de,Eskalation oder Kontrollverlust: Putins 3 Ukraine-Optionen,"Im russisch-ukrainischen Krieg arbeitet die Zeit für die Ukraine, deren Langstreckenschläge eine Wirtschaftskrise in Russland auslösen. Putin hat drei Optionen zwischen militärischer Eskalation und Kontrollverlust.","https://quadro.burda-forward.de/ctf/7bea5697-451d-400c-80c1-d3835ffa7a3f.0528f2ae-cfd2-4e0a-960b-9c6b149af9b3.jpg?im=RegionOfInterestCrop=(1200,630),regionOfInterest=(3149,1344)&hash=92b09e556a288abcc695ef19392b2d65849bbeee183c56c0137527d6a93f0878",2026-07-24T11:45:00Z,,Ukrainische Drohnen und Marschflugkörper treffen seit einigen Wochen mit zunehmender Wirksamkeit russische Ziele weit entfernt von der Frontlinie und beeinträchtigen das Funktionieren von Russlands I… [+5325 chars],,de,'Putin'
https://www.n-tv.de/wirtschaft/Mit-den-neuen-Zoellen-setzt-Trump-endgueltig-die-Midterms-aufs-Spiel-id31121732.html,https://www.n-tv.de/wirtschaft/Mit-den-neuen-Zoellen-setzt-Trump-endgueltig-die-Midterms-aufs-Spiel-id31121732.html,0,www.n-tv.de,Bürger bezahlen Sturheit teuer: Mit den neuen Zöllen setzt Trump endgültig die Midterms aufs Spiel,"Der Iran-Krieg kostet den US-Präsidenten wertvolle Zustimmung, doch er ordnet munter weiter Militärschläge an. Auch mit Zöllen schlägt er weiter um sich. Beides macht das Leben in den USA deutlich teurer. Bei den Zwischenwahlen dürfte Trump selbst die Rechnun…",https://www.n-tv.de/img/31121757/1784896730/Img_16_9/1200/July-22-2026-Marietta-Georgia-USA-President-DONALD-TRUMP-greets-crowd-at-a-rally-at-Wheeler-High-School-north-of-Atlanta.jpg,2026-07-24T11:59:46Z,,"Trumps Wähler dürften vom jüngsten Zoll-Kniff wenig begeistert sein. (Foto: picture alliance / ZUMAPRESS.com)
Der Iran-Krieg kostet den US-Präsidenten wertvolle Zustimmung, doch er ordnet munter wei… [+3498 chars]",,de,'Krieg'
https://www.diepresse.com/39416090/kanadas-ex-premier-justin-trudeau-putin-darf-unter-keinen-umstaenden,https://www.diepresse.com/39416090/kanadas-ex-premier-justin-trudeau-putin-darf-unter-keinen-umstaenden,0,www.diepresse.com,Kanadas Ex-Premier Justin Trudeau: „Putin darf unter keinen Umständen gewinnen“ [premium],"Der kanadische Ex-Premier Justin Trudeau sprach in Salzburg über die Ukraine, die Annäherung zwischen Kanada und der EU. Und über die Spezialbeziehung zu Donald Trump.",https://img.diepresse.com/public/incoming/2mk1ef-22730394794218064bldhiresjpg/alternates/WEBP_WIDE_1200/22730394794218064_BLD_HiRes.jpg,2026-07-24T13:46:54Z,,"Justin Trudeau wirkt tiefenentspannt. Kein Machtdrama und kein Telefonat mehr mit Donald Trump, der ihn zuletzt stets provokativ als 51. Gouverneur ansprach. Ich bin lieber 28. EU-Mitglied als 51. US… [+5714 chars]",,de,'Putin'
https://www.bild.de/politik/ausland-und-internationales/eine-schwaeche-fuer-putin-italiens-filmdiva-ornella-muti-will-russin-werden-6a634d203952477c49b2cba9,https://www.bild.de/politik/ausland-und-internationales/eine-schwaeche-fuer-putin-italiens-filmdiva-ornella-muti-will-russin-werden-6a634d203952477c49b2cba9,0,www.bild.de,Eine Schwäche für Putin? - Italiens Filmdiva Ornella Muti will Russin werden,Die italienische Schauspielerin Ornella Muti beantragt die russische Staatsbürgerschaft und erntet Kritik.,"https://images.bild.de/6a634d203952477c49b2cba9/c3b99d4e6ddeca14c9a8fde61d7b7be7,3d518865?w=1280",2026-07-24T14:03:13Z,,TTS-Player überspringenArtikel weiterlesenRom (Italien) Für Kreml-Herrscher Wladimir Putin (73) ist es ein Propaganda-Geschenk: Die italienische Filmdiva Ornella Muti will Russin werden! Laut ihrer T… [+2572 chars],,de,'Putin'
https://www.diepresse.com/39457661/wladimir-putin-laesst-sein-russland-brennen,https://www.diepresse.com/39457661/wladimir-putin-laesst-sein-russland-brennen,0,www.diepresse.com,Wladimir Putin lässt sein Russland brennen,"Um den bereits vier Jahre dauernden Ukraine-Krieg zu beenden, müsste das Putin-Regime aufhören, das Putin-Regime zu sein.",https://img.diepresse.com/public/incoming/ifnoj-22jul26-putin-peter-kufner-kuf-onlinejpg/alternates/WEBP_WIDE_1200/22jul26%20putin%20-%20peter%20kufner%20kuf%20-online.jpg,2026-07-24T14:28:00Z,,"Die Presse auf Google als bevorzugte Nachrichtenquelle hinzufügen.
 Karl Marx schrieb einmal, dass Theorie zur materiellen Gewalt wird, sobald sie die Massen erfasst. Die sowjetischen Führer griffen… [+7087 chars]",,de,'Putin'
https://www.zeit.de/news/2026-07/24/us-beamter-trump-will-selenskyj-am-dienstag-empfangen,https://www.zeit.de/news/2026-07/24/us-beamter-trump-will-selenskyj-am-dienstag-empfangen,0,www.zeit.de,Ukraine-Krieg: US-Beamter: Trump will Selenskyj am Dienstag empfangen,Hier finden Sie Informationen zu dem Thema „Ukraine-Krieg“. Lesen Sie jetzt „US-Beamter: Trump will Selenskyj am Dienstag empfangen“.,https://img.zeit.de/news/2026-07/24/us-beamter-trump-will-selenskyj-am-dienstag-empfangen-image-group/wide__1300x731,2026-07-24T14:43:35Z,,"US-Präsident Donald Trump will kommenden Dienstag Regierungskreisen zufolge den ukrainischen Präsidenten Wolodymyr Selenskyj im Weißen Haus empfangen. Ein entsprechender Besuch sei geplant, teilte ei… [+909 chars]",,de,'Krieg'
https://www.zeit.de/news/2026-07/24/bund-und-bayern-geben-mehr-geld-nach-bayreuth,https://www.zeit.de/news/2026-07/24/bund-und-bayern-geben-mehr-geld-nach-bayreuth,0,www.zeit.de,Festspiel-Finanzen: Bund und Bayern geben mehr Geld nach Bayreuth,Hier finden Sie Informationen zu dem Thema „Festspiel-Finanzen“. Lesen Sie jetzt „Bund und Bayern geben mehr Geld nach Bayreuth“.,https://img.zeit.de/news/2026-07/24/bund-und-bayern-geben-mehr-geld-nach-bayreuth-image-group/wide__1300x731,2026-07-24T14:48:37Z,,"Die Bayreuther Festspiele bekommen künftig mehr Geld von Bund und Land. Die Förderung werde dauerhaft um je bis zu einer Million Euro aufgestockt, teilte Bayerns Kunstminister Markus Blume (CSU) mit.… [+1086 chars]",,de,'Bayern'
https://www.n-tv.de/wirtschaft/Hinter-dem-aktuellen-Preis-Schock-lauert-eine-Oel-und-Gasschwemme-id31122864.html,https://www.n-tv.de/wirtschaft/Hinter-dem-aktuellen-Preis-Schock-lauert-eine-Oel-und-Gasschwemme-id31122864.html,0,www.n-tv.de,Überangebot schon im August?: Hinter dem aktuellen Preis-Schock lauert eine Öl- und Gasschwemme,"Der Iran-Krieg eskaliert weiter und lässt die Energiepreise steigen. Experten halten trotzdem daran fest, dass es schon bald ein Überangebot an Öl- und Gas auf dem Weltmarkt geben könnte. Sich darauf zu verlassen, ist allerdings riskant.",https://www.n-tv.de/img/31122926/1784911059/Img_16_9/1200/Liquid-or-gas-storage-silos-Heavy-industry-industrial-tank-container-top-down-aerial-drone-view.jpg,2026-07-24T16:48:17Z,,Unternehmen und Regierungen behandeln die aktuelle Energiekrise als vorübergehenden Schock und verlassen sich unter anderem auf den Einsatz ihrer Reserven als Gegenmaßnahme. (Foto: picture alliance /… [+5850 chars],,de,'Krieg'
https://www.diepresse.com/39543977/greift-oesterreich-wieder-zur-spritpreisbremse,https://www.diepresse.com/39543977/greift-oesterreich-wieder-zur-spritpreisbremse,0,www.diepresse.com,Greift Österreich wieder zur Spritpreisbremse? [premium],"Die neuerliche Eskalation im Nahen Osten hat den Ölpreis explodieren lassen. Auch der Gaspreis schnellt nun, da die Speicher für den Winter gefüllt werden müssen, nach oben. Österreichs Regierung feilt an Maßnahmen zur Entlastung.",https://img.diepresse.com/public/incoming/i2ayvg-2273039476616844jpg/alternates/WEBP_WIDE_1200/2273039476616844.jpg,2026-07-24T18:01:53Z,,"Steigt der Ölpreis, steigen die Treibstoffpreise. Steigen aber die Treibstoffpreise, steigt der Unmut in der Bevölkerung. Und auch der Druck auf die Politik. Jedenfalls kostete Diesel im österreichwe… [+5498 chars]",,de,'Inflation'
https://www.diepresse.com/39601766/europas-riskante-gaswette-wenn-es-kein-warmer-winter-wird-wird-es-geben,https://www.diepresse.com/39601766/europas-riskante-gaswette-wenn-es-kein-warmer-winter-wird-wird-es-geben,0,www.diepresse.com,"Europas riskante Gaswette: „Wenn es kein warmer Winter wird, wird es Probleme geben“ [premium]","In der Hoffnung auf eine baldige Öffnung der Straße von Hormuz wurden größere LNG-Käufe in Europa hinausgeschoben. Nun stellt sich die Frage: Wie teuer wird es, den Winter noch rechtzeitig abzusichern?",https://img.diepresse.com/public/incoming/chn13y-461387470jpg/alternates/WEBP_WIDE_1200/461387470.jpg,2026-07-24T18:02:06Z,,"Europa hat den Wiederaufbau seiner Gasspeicher hinausgezögert in der Hoffnung, dass die Straße von Hormuz bald wieder für Flüssigerdgas geöffnet wird. Doch knapp fünf Monate nach Beginn des Iran-Krie… [+6827 chars]",,de,'Winter'
https://www.zeit.de/news/2026-07/25/diw-oekonomin-oelversorgung-in-europa-gesichert,https://www.zeit.de/news/2026-07/25/diw-oekonomin-oelversorgung-in-europa-gesichert,0,www.zeit.de,Nach sprunghaftem Preisanstieg: DIW-Ökonomin: Ölversorgung in Europa gesichert,Hier finden Sie Informationen zu dem Thema „Nach sprunghaftem Preisanstieg“. Lesen Sie jetzt „DIW-Ökonomin: Ölversorgung in Europa gesichert“.,https://img.zeit.de/news/2026-07/25/diw-oekonomin-oelversorgung-in-europa-gesichert-image-group/wide__1300x731,2026-07-25T04:00:04Z,,Nach dem sprunghaften Anstieg der Ölpreise infolge der Eskalation im Iran-Krieg sieht das Deutsche Institut für Wirtschaftsforschung (DIW) die Versorgung in Deutschland und Europa weiterhin stabil. A… [+1763 chars],,de,'Öl'
https://www.welt.de/wirtschaft/plus6a634c30fe2765826e0fc132/energiewende-unbezahlbare-windkraft-gas-engpass-der-iran-krieg-trifft-deutschland-mit-voller-wucht.html,https://www.welt.de/wirtschaft/plus6a634c30fe2765826e0fc132/energiewende-unbezahlbare-windkraft-gas-engpass-der-iran-krieg-trifft-deutschland-mit-voller-wucht.html,0,www.welt.de,"Unbezahlbare Windkraft, Gas-Engpass – der Iran-Krieg trifft Deutschland mit voller Wucht","Im Nahen Osten wird der Iran-Krieg zum Flächenbrand. Öl- und Gaspreise ziehen wieder an, die Rückkehr der Inflation droht. Zynischerweise könnte ausgerechnet der Bereich stark gebremst werden, der das Land von fossilen Öl- und Gaslieferungen unabhängig machen…",https://images.welt.de/6a634c30fe2765826e0fc132/e2481db3e45329174b4f72b43ac9c11d-master/ci16x9-w1200/dpa-com-260714-935-1478301-jpg,2026-07-25T05:23:45Z,,"Im Nahen Osten wird der Iran-Krieg zum Flächenbrand. Öl- und Gaspreise ziehen wieder an, die Rückkehr der Inflation droht. Zynischerweise könnte ausgerechnet der Bereich stark gebremst werden, der da… [+85 chars]",,de,'Inflation'
https://www.zeit.de/news/2026-07/25/wetter-bleibt-am-wochenende-weitgehend-sommerlich,https://www.zeit.de/news/2026-07/25/wetter-bleibt-am-wochenende-weitgehend-sommerlich,0,www.zeit.de,Wetter in Bayern: Wetter bleibt am Wochenende weitgehend sommerlich,Hier finden Sie Informationen zu dem Thema „Wetter in Bayern“. Lesen Sie jetzt „Wetter bleibt am Wochenende weitgehend sommerlich“.,https://img.zeit.de/news/2026-07/25/wetter-bleibt-am-wochenende-weitgehend-sommerlich-image-group/wide__1300x731,2026-07-25T05:40:51Z,,"Heiß, sonnig - und am Sonntag vielleicht auch ein paar Schauer: So kündigt der Deutsche Wetterdienst das Wetter für das letzte Wochenende vor den großen Sommerferien an. Im Freistaat dürfte dazu das … [+834 chars]",,de,'Bayern'
https://www.n-tv.de/wirtschaft/In-zwei-Jahren-ist-Strom-guenstiger-als-im-alten-fossilen-System-id31116681.html,https://www.n-tv.de/wirtschaft/In-zwei-Jahren-ist-Strom-guenstiger-als-im-alten-fossilen-System-id31116681.html,0,www.n-tv.de,"Flucht aus 80-Milliarden-Falle: ""In zwei Jahren ist Strom günstiger als im alten fossilen System""","Deutschland gibt jedes Jahr 80 Milliarden Euro für Erdöl und Erdgas aus. Für einen Energie-Investor nichts anderes als eine unsichtbare Steuer. ""Das Geld ist weg. Für immer"", sagt er. Anders sieht es ihm zufolge aus, wenn der Staat Betriebe und Haushalte bei …",https://www.n-tv.de/img/31116692/1784806414/Img_16_9/1200/Entstehung-eines-neuen-Windparks-Windenergieprojekt-Windraeder-im-Aufbau-Nutzung-der-Windenergie-alternative-Energieerzeugung-hier-Windpark-Neubau-im-Weimarer-Land-Naehe-Kleinlohma-Thueringen-Zeitpunkt-06.jpg,2026-07-25T06:28:51Z,,"""Ein Wind- oder Solarpark muss ans Netz angeschlossen werden, ein großer Batteriespeicher auch. Das dauert derzeit je nach Region fünf bis sieben Jahre"", sagt Jan Loezk. (Foto: picture alliance / CHR… [+12794 chars]",,de,'fossile Energie'
https://www.n-tv.de/politik/Saudi-Arabien-faengt-zwei-Raketen-aus-dem-Jemen-ab-id31124764.html,https://www.n-tv.de/politik/Saudi-Arabien-faengt-zwei-Raketen-aus-dem-Jemen-ab-id31124764.html,0,www.n-tv.de,Nahost-Krieg weitet sich aus: Saudi-Arabien fängt zwei Raketen aus dem Jemen ab,"Der Konflikt zwischen Saudi-Arabien und Jemen schwelt schon seit Jahren, nun kommt es zu einer weiteren Eskalation. Die Huthi-Miliz greift zwei Ölraffinerien in Saudi-Arabien an. Die Langstreckenraketen können jedoch abgefangen werden.",https://www.n-tv.de/img/31124741/1784990585/Img_16_9/1200/Waehrend-einer-Militaerparade-der-Houthi-Gruppe-in-Sanaa-Jemen-sind-Raketen-zu-sehen-Die-jemenitische-Houthi-Miliz-hat-bei-einer-Militaerparade-in-Sanaa-am-Mittwoch-ballistische-Langstreckenraketen-gezeigt.jpg,2026-07-25T13:59:54Z,,"Nahost-Krieg weitet sich ausSaudi-Arabien fängt zwei Raketen aus dem Jemen ab
Während einer Militärparade der Huthi-Miliz in Sanaa, Jemen, sind ballistische Langstreckenraketen zu sehen. Die Geschos… [+3692 chars]",,de,'Inflation'
https://www.zeit.de/news/2026-07/25/gutes-reinkommen-junge-bayern-verlieren-test-in-wiesbaden,https://www.zeit.de/news/2026-07/25/gutes-reinkommen-junge-bayern-verlieren-test-in-wiesbaden,0,www.zeit.de,Fußball: «Gutes Reinkommen»: Junge Bayern verlieren Test in Wiesbaden,Hier finden Sie Informationen zu dem Thema „Fußball“. Lesen Sie jetzt „«Gutes Reinkommen»: Junge Bayern verlieren Test in Wiesbaden“.,https://img.zeit.de/news/2026-07/25/gutes-reinkommen-junge-bayern-verlieren-test-in-wiesbaden-image-group/wide__1300x731,2026-07-25T16:11:53Z,,"Erste Erkenntnisse ja, belastbare Rückschlüsse nein: Der FC Bayern München ist ohne seine WM-Fahrer mit einer 1:2 (0:1)-Niederlage in die Saisonvorbereitung gestartet. Anlässlich des 100-jährigen Ver… [+2470 chars]",,de,'Bayern'
https://www.faz.net/aktuell/rhein-main/frankfurt/hessens-gruendung-vor-80-jahren-muehsamer-weg-zur-demokratie-accg-201003126.html,https://www.faz.net/aktuell/rhein-main/frankfurt/hessens-gruendung-vor-80-jahren-muehsamer-weg-zur-demokratie-accg-201003126.html,0,www.faz.net,80 Jahre Hessen: Der mühsame Weg zur Demokratie,"Vor 80 Jahren wurde das Land Hessen gegründet, auch die Parteien entstanden neu. Es war nach dem Krieg ein Neuanfang auf Trümmern.",https://media0.faz.net/image/w1200h627/75fd8b5cf6cb/w2756h1440x0y195o/202607/43601.0.2314102003/auftakt-in-wiesbaden-der-chef.webp,2026-07-25T16:30:00Z,,"Aufgebracht legt sich der Bürgerrat für Frankfurt ins Zeug. Zu seinem lebhaften Bedauern hat er zur Kenntnis nehmen müssen, Wiesbaden solle Hauptstadt des neu entstandenen Staates Groß-Hessen werden,… [+12095 chars]",,de,'Krieg'
https://www.faz.net/aktuell/politik/ausland/warum-sich-iran-den-usa-nicht-beugt-accg-201050439.html,https://www.faz.net/aktuell/politik/ausland/warum-sich-iran-den-usa-nicht-beugt-accg-201050439.html,0,www.faz.net,Krieg mit den USA: Irans Schattenarmee ist nicht erledigt,Die Kriege in Nahost haben die „Achse des Widerstands“ geschwächt. Doch im Ringen mit den USA und Israel kann Teheran bis heute auf getreue arabische Milizen setzen – vor allem auf die Huthi.,https://media0.faz.net/image/w1200h627/d5d13a1d0e83/w5400h2821x0y457o/202606/43601.0.2226746616/huthi-anhaenger-in-jemens.webp,2026-07-25T16:30:29Z,,"An ein Einlenken scheint das iranische Regime nicht zu denken. Trotz heftiger amerikanischer Luftangriffe tönten die Revolutionswächter vor einigen Tagen in einer Erklärung, sie würden den Vereinigte… [+13427 chars]",,de,'Krieg'
https://www.nzz.ch/finanzen/gold-als-antwort-finanzexperte-jim-grant-erwartet-ende-des-ungedeckten-geldes-ld.10016415,https://www.nzz.ch/finanzen/gold-als-antwort-finanzexperte-jim-grant-erwartet-ende-des-ungedeckten-geldes-ld.10016415,0,www.nzz.ch,Finanzhistoriker Jim Grant sieht Gold als Antwort auf das aufgeblähte Geldsystem: «Ungedecktes Geld ist nur eine Modeerscheinung»,"Die Tage des derzeitigen Geldsystems seien gezählt, erwartet der Autor und Finanzexperte. Das ungedeckte Geld lasse die Staatsschulden wachsen und sorge für Inflation. Historisch gesehen sei Geld stets Gold oder Silber gewesen.","https://img-msp-prod.nzz.ch/2026/07/23/47f697fd-afd6-4965-8245-732f2035889e.jpg?width=1200&height=675&fit=bounds&quality=75&auto=webp&crop=3525,1983,x0,y221&wmark=nzz",2026-07-26T03:30:00Z,,"Die Tage des derzeitigen Geldsystems seien gezählt, sagt der Autor und Finanzexperte. Papiergeld lasse die Staatsschulden wachsen und sorge für Inflation. Historisch gesehen sei Geld stets aus Gold o… [+6566 chars]",,de,'Inflation'
https://www.zeit.de/news/2026-07/26/olise-bleibt-gespraechsthema-bei-bayern-test-in-wiesbaden,https://www.zeit.de/news/2026-07/26/olise-bleibt-gespraechsthema-bei-bayern-test-in-wiesbaden,0,www.zeit.de,Fußball: Olise bleibt Gesprächsthema bei Bayern-Test in Wiesbaden,Hier finden Sie Informationen zu dem Thema „Fußball“. Lesen Sie jetzt „Olise bleibt Gesprächsthema bei Bayern-Test in Wiesbaden“.,https://img.zeit.de/news/2026-07/26/olise-bleibt-gespraechsthema-bei-bayern-test-in-wiesbaden-image-group/wide__1300x731,2026-07-26T08:00:05Z,,Offensivkünstler Michael Olise fehlte beim ersten Test des FC Bayern München in der Saisonvorbereitung - und war nach der 1:2-Niederlage beim SV Wehen Wiesbaden trotzdem eines der großen Gesprächsthe… [+3496 chars],,de,'Bayern'
https://www.zeit.de/news/2026-07/26/iran-droht-usa-mit-ausweitung-des-konflikts,https://www.zeit.de/news/2026-07/26/iran-droht-usa-mit-ausweitung-des-konflikts,0,www.zeit.de,Iran-Krieg: Iran droht USA mit Ausweitung des Konflikts,Hier finden Sie Informationen zu dem Thema „Iran-Krieg“. Lesen Sie jetzt „Iran droht USA mit Ausweitung des Konflikts“.,https://img.zeit.de/news/2026-07/26/iran-droht-usa-mit-ausweitung-des-konflikts-image-group/wide__1300x731,2026-07-26T09:00:32Z,,"Irans Armeesprecher Amir Akraminia droht mit einer Ausweitung des Kriegsgebiets, falls die USA ihre Luftangriffe fortsetzen sollten. Unter Verweis auf Angriffe der jemenitischen Huthi-Miliz auf Schif… [+932 chars]",,de,'Krieg'
https://salzburg.orf.at/stories/3364252/,https://salzburg.orf.at/stories/3364252/,0,salzburg.orf.at,Protestaktion für höhere Löhne in Hotel- und Gastgewerbe,"Die Gewerkschaft vida hat bei der Festspieleröffnung am Sonntagvormittag eine Protestaktion gestartet, um die Anwesenheit von Politikerinnen, Politikern und Interessensvertretern zu nutzen. Etwa 40 Protestierende haben auf die festgefahrenen Kollektivvertrags…",https://ibs.orf.at/sbg?image=https%3A%2F%2Foekastatic.orf.at%2Fmims%2F2026%2F31%2F43%2Fcrops%2Fw%3D1200%2Ch%3D627%2Cq%3D75%2F3127284_master_1211943_26-07-26_10-24-39_6946.jpg%3Fs%3Dad9a14d045fc77bbca87b19283373cea258aaadf,2026-07-26T10:53:47Z,,"Nach vier Monaten gebe es hier noch immer kein Ergebnis und damit auch keinen Inflationsausgleich bei den Löhnen, beklagte die Verhandlungsleiterin der Gewerkschaft, Eva Eberhart: Alle Beschäftigten,… [+948 chars]",,de,'Gas'
https://www.faz.net/podcasts/f-a-z-buecher-podcast/jochen-missfeldt-mit-abschiedssommer-im-buecher-podcast-201054264.html,https://www.faz.net/podcasts/f-a-z-buecher-podcast/jochen-missfeldt-mit-abschiedssommer-im-buecher-podcast-201054264.html,0,www.faz.net,Bücher-Podcast: Tanz der Jugend: Jochen Missfeldt über seinen Roman „Abschiedssommer“,Zwischen Aufbruch und Entwurzeltsein: In „Abschiedssommer“ erzählt Jochen Missfeldt von jungen Leuten vierzehn Jahre nach dem Krieg. Ein Gespräch mit dem Autor – und ein neues Literaturrätsel.,https://media0.faz.net/image/w1200h627/e5e4c655a8ce/w2962h1547x0y241o/202607/43601.0.2361391847/jochen-missfeldt.webp,2026-07-26T11:29:54Z,,"Für Gustav Hasse ist es ein ziemlicher Schreck: Er solle mal aus seiner Zeitung aufschauen, hat der Campingplatzbesitzer gesagt, vielleicht sagst du mal Guten Tag. Und am Kiosk vorbei schiebt Lidia, … [+212 chars]",,de,'Krieg'
https://www.faz.net/aktuell/finanzen/finanzmarkt/staatsanleihen-das-ende-der-aera-billiger-schulden-accg-201059273.html,https://www.faz.net/aktuell/finanzen/finanzmarkt/staatsanleihen-das-ende-der-aera-billiger-schulden-accg-201059273.html,0,www.faz.net,Renditen auf Höchstniveau: Was das Ende der billigen Schulden bedeutet,Eine ganze Generation von Anlegern kennt Staatsanleihen nur als Ertragsbremse. Diese Zeiten sind vorbei. Das hat nicht nur mit der Inflation zu tun.,https://media0.faz.net/image/w1200h627/5d60cbb7a683/w6372h3329x0y150o/202106/43600.0.236145477/grosse-und-teure-plaene-die.webp,2026-07-26T11:44:34Z,,Lange Jahre nach der Finanzkrise waren die Renditen der Staatsanleihen der G-10-Länder äußerst niedrig. Mit dem russischen Überfall auf die Ukraine begann sich dies zu ändern. Der Angriff traf auf ei… [+232 chars],,de,'Inflation'
https://www.faz.net/aktuell/finanzen/finanzmarkt/was-die-hoeheren-anleihe-renditen-fuer-anleger-bedeuten-accg-201059273.html,https://www.faz.net/aktuell/finanzen/finanzmarkt/was-die-hoeheren-anleihe-renditen-fuer-anleger-bedeuten-accg-201059273.html,0,www.faz.net,Renditen auf Höchstniveau: Was die höheren Anleihe-Renditen für Anleger bedeuten,Eine ganze Generation von Anlegern kennt Staatsanleihen nur als Ertragsbremse. Diese Zeiten sind vorbei. Das hat nicht nur mit der Inflation zu tun.,https://media0.faz.net/image/w1200h627/5d60cbb7a683/w6372h3329x0y150o/202106/43600.0.236145477/grosse-und-teure-plaene-die.webp,2026-07-26T11:44:34Z,,Lange Jahre nach der Finanzkrise waren die Renditen der Staatsanleihen der G-10-Länder äußerst niedrig. Mit dem russischen Überfall auf die Ukraine begann sich dies zu ändern. Der Angriff traf auf ei… [+232 chars],,de,'Inflation'
https://www.zeit.de/news/2026-07/27/weniger-hepatitis-infektionen-in-bayern-diagnostiziert,https://www.zeit.de/news/2026-07/27/weniger-hepatitis-infektionen-in-bayern-diagnostiziert,0,www.zeit.de,Krankheiten: Weniger Hepatitis-Infektionen in Bayern diagnostiziert,Hier finden Sie Informationen zu dem Thema „Krankheiten“. Lesen Sie jetzt „Weniger Hepatitis-Infektionen in Bayern diagnostiziert“.,https://img.zeit.de/news/2026-07/27/weniger-hepatitis-infektionen-in-bayern-diagnostiziert-image-group/wide__1300x731,2026-07-27T02:00:36Z,,"Hepatitis ist in Bayern offenbar auf dem Rückzug. Im laufenden Jahr wurden bis zum 20. Juli 1.425 Menschen neu mit Hepatitis diagnostiziert, wie das Gesundheitsministerium mitteilt. Das sind 548 weni… [+1709 chars]",,de,'Bayern'
https://www.nzz.ch/wirtschaft/schock-folgt-auf-schock-jetzt-bedroht-ein-super-el-nino-die-weltwirtschaft-ld.10016531,https://www.nzz.ch/wirtschaft/schock-folgt-auf-schock-jetzt-bedroht-ein-super-el-nino-die-weltwirtschaft-ld.10016531,0,www.nzz.ch,Schock folgt auf Schock: Jetzt bedroht ein Super-El-Niño die Weltwirtschaft,Das Klimaphänomen soll 2026 besonders stark ausfallen. Nach dem Energieschock durch den Iran-Krieg drohen nun noch höhere Preise für Lebensmittel und mehr Logistikprobleme.,"https://img-msp-prod.nzz.ch/2026/07/24/e856a0c9-295c-417b-9acc-f3b957109f8e.jpg?width=1200&height=674&fit=bounds&quality=75&auto=webp&crop=2522,1418,x180,y431&wmark=nzz",2026-07-27T03:30:00Z,,"Das Klimaphänomen soll 2026 besonders stark ausfallen. Nach dem Energieschock durch den Iran-Krieg drohen nun noch höhere Preise für Lebensmittel und mehr Logistikprobleme.
Kommentieren
Zusammenfas… [+8454 chars]",,de,'Krieg'
https://www.zeit.de/zeit-magazin/wochenmarkt/2026-07/rujak-manis-ananas-papaya-gurke-salat-rezept,https://www.zeit.de/zeit-magazin/wochenmarkt/2026-07/rujak-manis-ananas-papaya-gurke-salat-rezept,0,www.zeit.de,Rujak Manis: Salat auf Speed,Hier wird nicht langweilig mit Essig und Öl hantiert: Das erfrischende Rujak wird von intensiven Aromen zusammengehalten. Ein absolutes No-Cook-Wonder,https://img.zeit.de/zeit-magazin/wochenmarkt/2026-07/rujak-manis-ananas-papaya-gurke-salat-rezept-bild/wide__1300x731,2026-07-27T07:46:27Z,,"Wenn das Thermometer die Dreißig-Grad-Marke knackt, kapituliere ich kulinarisch. Meine Rettung kommt an solchen Tagen aus Südostasien, wo man das Koch-Problem bei großer Hitze schon vor Jahrhunderten… [+398 chars]",,de,'Öl'
https://www.zeit.de/news/2026-07/27/dfb-stars-starten-in-bayern-vorbereitung,https://www.zeit.de/news/2026-07/27/dfb-stars-starten-in-bayern-vorbereitung,0,www.zeit.de,Fußball-Rekordmeister: DFB-Stars starten in Bayern-Vorbereitung,Hier finden Sie Informationen zu dem Thema „Fußball-Rekordmeister“. Lesen Sie jetzt „DFB-Stars starten in Bayern-Vorbereitung“.,https://img.zeit.de/news/2026-07/27/dfb-stars-starten-in-bayern-vorbereitung-image-group/wide__1300x731,2026-07-27T09:56:26Z,,Knapp einen Monat nach der großen WM-Enttäuschung sind die deutschen Fußball-Nationalspieler des FC Bayern München in die Vorbereitung gestartet. Eine Woche nach dem offiziellen Trainingsstart stande… [+2100 chars],,de,'Bayern'
https://www.zeit.de/politik/ausland/2026-07/huthi-rebellen-jemen-drohnenangriffe-saudi-arabien-oelinfrastruktur,https://www.zeit.de/politik/ausland/2026-07/huthi-rebellen-jemen-drohnenangriffe-saudi-arabien-oelinfrastruktur,0,www.zeit.de,Huthi-Miliz im Jemen: Huthis melden Angriffe auf Ölinfrastruktur Saudi-Arabiens,"Der Konflikt zwischen den Huthis und Saudi-Arabien eskaliert weiter. Die Miliz will erneut Ziele im Königreich attackiert haben, auch aus dem Irak kamen Drohnenangriffe.",https://img.zeit.de/politik/ausland/2026-07/huthi-rebellen-jemen-drohnenangriffe-saudi-arabien-oelinfrastruktur-foto-1/wide__1300x731,2026-07-27T15:03:46Z,,Die jemenitische Huthi-Miliz hat Saudi-Arabien eigenen Angaben zufolge mit Drohnen angegriffen. Die Attacken richteten sich demnach gegen Infrastruktur für den Transport von Öl aus dem Osten Saudi-Ar… [+2644 chars],,de,'Öl'
https://www.zeit.de/news/2026-07/28/so-will-ibrahimovic-beim-fc-bayern-ueberzeugen,https://www.zeit.de/news/2026-07/28/so-will-ibrahimovic-beim-fc-bayern-ueberzeugen,0,www.zeit.de,Fußball-Rekordmeister: So will Ibrahimovic beim FC Bayern überzeugen,Hier finden Sie Informationen zu dem Thema „Fußball-Rekordmeister“. Lesen Sie jetzt „So will Ibrahimovic beim FC Bayern überzeugen“.,https://img.zeit.de/news/2026-07/28/so-will-ibrahimovic-beim-fc-bayern-ueberzeugen-image-group/wide__1300x731,2026-07-28T02:30:07Z,,"Der Spätstart von reichlich WM-Teilnehmern könnte beim FC Bayern die Chance für andere sein. Arijon Ibrahimovic, das erst 20 Jahre alte Eigengewächs des deutschen Fußball-Rekordmeisters, will nach Le… [+2552 chars]",,de,'Bayern'
https://www.zeit.de/news/2026-07/28/zwei-kriege-im-fokus-netanjahu-und-selenskyj-bei-trump,https://www.zeit.de/news/2026-07/28/zwei-kriege-im-fokus-netanjahu-und-selenskyj-bei-trump,0,www.zeit.de,Trauerfeier für Graham: Zwei Kriege im Fokus: Netanjahu und Selenskyj bei Trump,Hier finden Sie Informationen zu dem Thema „Trauerfeier für Graham“. Lesen Sie jetzt „Zwei Kriege im Fokus: Netanjahu und Selenskyj bei Trump“.,https://img.zeit.de/news/2026-07/28/zwei-kriege-im-fokus-netanjahu-und-selenskyj-bei-trump-image-group/wide__1300x731,2026-07-28T03:00:14Z,,Der kürzlich gestorbene US-Senator Lindsey Graham war einer der wichtigsten Unterstützer Israels und der Ukraine in Washington. Nun findet in der US-Hauptstadt eine Trauerfeier für den Republikaner s… [+5740 chars],,de,'Putin'
https://www.welt.de/politik/ausland/article6a68413ac435b807339bcbb9/ukraine-krieg-putin-erhoeht-truppenstaerke-deutlich-selbst-verwundete-sollen-schneller-zurueck-an-die-front.html,https://www.welt.de/politik/ausland/article6a68413ac435b807339bcbb9/ukraine-krieg-putin-erhoeht-truppenstaerke-deutlich-selbst-verwundete-sollen-schneller-zurueck-an-die-front.html,0,www.welt.de,Putin erhöht Truppenstärke deutlich – selbst Verwundete sollen schneller zurück an die Front,Putin hebt die Sollstärke der russischen Streitkräfte an. Es ist bereits die dritte Erhöhung in diesem Jahr. Zugleich will Russland verletzte Soldaten schneller zurück an die Front schicken.,https://images.welt.de/6a68413ac435b807339bcbb9/1468213621176faf3f4a4a4c992b0224-master/ci16x9-w1200/gyi-2287288971-jpg,2026-07-28T06:55:09Z,,Putin hebt die Sollstärke der russischen Streitkräfte an. Es ist bereits die dritte Erhöhung in diesem Jahr. Zugleich will Russland verletzte Soldaten schneller zurück an die Front schicken.Russlands… [+2178 chars],,de,'Putin'
https://www.zeit.de/news/2026-07/28/verfassungsschutzchef-29-islamistische-gefaehrder-in-bayern,https://www.zeit.de/news/2026-07/28/verfassungsschutzchef-29-islamistische-gefaehrder-in-bayern,0,www.zeit.de,Extremismus: Verfassungsschutzchef: 29 islamistische Gefährder in Bayern,Hier finden Sie Informationen zu dem Thema „Extremismus“. Lesen Sie jetzt „Verfassungsschutzchef: 29 islamistische Gefährder in Bayern“.,https://img.zeit.de/news/2026-07/28/verfassungsschutzchef-29-islamistische-gefaehrder-in-bayern-image-group/wide__1300x731,2026-07-28T08:56:46Z,,Nach dem Anschlag beim Christopher Street Day (CSD) in Berlin schätzt Bayerns Verfassungsschutzpräsident Manfred Hauser die Gefahr durch islamistischen Extremismus im Freistaat weiterhin als sehr hoc… [+1197 chars],,de,'Bayern'
https://www.zeit.de/news/2026-07/28/bundesbank-mini-wachstum-im-fruehjahr-trotz-iran-krieg,https://www.zeit.de/news/2026-07/28/bundesbank-mini-wachstum-im-fruehjahr-trotz-iran-krieg,0,www.zeit.de,Konjunktur: Bundesbank: Mini-Wachstum im Frühjahr trotz Iran-Krieg,Hier finden Sie Informationen zu dem Thema „Konjunktur“. Lesen Sie jetzt „Bundesbank: Mini-Wachstum im Frühjahr trotz Iran-Krieg“.,https://img.zeit.de/news/2026-07/28/bundesbank-mini-wachstum-im-fruehjahr-trotz-iran-krieg-image-group/wide__1300x731,2026-07-28T10:00:05Z,,Die deutsche Wirtschaft hat nach Einschätzung der Bundesbank im Frühjahr trotz der Belastungen infolge des Iran-Kriegs ein Mini-Wachstum geschafft. «Trotz des Gegenwinds durch den Krieg im Nahen Oste… [+2360 chars],,de,'Energiepreise'
https://www.tagesspiegel.de/wirtschaft/konjunktur-bundesbank-mini-wachstum-im-fruhjahr-trotz-iran-krieg-15888561.html,https://www.tagesspiegel.de/wirtschaft/konjunktur-bundesbank-mini-wachstum-im-fruhjahr-trotz-iran-krieg-15888561.html,0,www.tagesspiegel.de,Konjunktur: Bundesbank: Mini-Wachstum im Frühjahr trotz Iran-Krieg,Trotz Iran-Kriegs und steigender Energiepreise bleibt die deutsche Wirtschaft stabil. Wie Verbraucher und Industrie den Gegenwind meistern – und was die Bundesbank für das nächste Quartal erwartet.,https://www.tagesspiegel.de/images/15888560/alternates/BASE_16_9_W1400/1785232883000/deutsche-wirtschaft.jpeg,2026-07-28T10:01:23Z,,Die deutsche Wirtschaft hat nach Einschätzung der Bundesbank im Frühjahr trotz der Belastungen infolge des Iran-Kriegs ein Mini-Wachstum geschafft. Trotz des Gegenwinds durch den Krieg im Nahen Osten… [+2410 chars],,de,'Krieg'
https://www.faz.net/aktuell/politik/geschichte/nida-im-memelland-unterwegs-auf-den-spuren-thomas-manns-accg-201051255.html,https://www.faz.net/aktuell/politik/geschichte/nida-im-memelland-unterwegs-auf-den-spuren-thomas-manns-accg-201051255.html,0,www.faz.net,Thomas Manns Spuren: Vom Bösen ist nichts zu sehen,"Nida, ein Fischer- und Künstlerort im früheren Ostpreußen, lockt mit deutschem Kulturerbe. Putins Russland ist nur drei Kilometer entfernt. Ein Besuch im alten Memelland.",https://media0.faz.net/image/w1200h627/cd145d691c88/w5120h2675x0y291o/202607/43601.0.2360655033/thomas-mann-vor-seinem.webp,2026-07-28T11:37:20Z,,"Memelland, das klingt nach Ännchen von Tharau, Haffkähnen und verklärtem Ostpreußentum. Der frühere Zipfel des Kaiserreiches ist ein versunkenes Stück deutscher Geschichte, aber zumindest der Südwest… [+11436 chars]",,de,'Putin'
https://www.faz.net/premium/meine-finanzen/ftse-100-nahe-am-rekord-astra-zeneca-als-tagesgewinner-accg-201068671.html,https://www.faz.net/premium/meine-finanzen/ftse-100-nahe-am-rekord-astra-zeneca-als-tagesgewinner-accg-201068671.html,0,www.faz.net,Rückenwind für Burnham: Londoner Börse nahe am Rekord,"Seit Jahresbeginn ging es um sieben Prozent nach oben. Energie, Banken und Rohstoffe sind die großen Gewinneraktien. Die Notenbank dürfte trotz der Inflation vorerst stillhalten.",https://media0.faz.net/image/w1200h627/a115636fad39/w4759h2486x0y95o/201705/431.0.24914263/die-london-stock-exchange.webp,2026-07-28T12:03:10Z,,"Der britische Aktienmarkt steht in Reichweite seines Rekords von Ende Februar, einen Tag vor Beginn des Irankriegs. Damals kletterte der FTSE-100-Leitindex auf fast 10.935 Punkte und stürzte dann ab.… [+379 chars]",,de,'Inflation'
https://www.zeit.de/news/2026-07/28/ungarn-will-beziehungen-zu-bayern-ausbauen,https://www.zeit.de/news/2026-07/28/ungarn-will-beziehungen-zu-bayern-ausbauen,0,www.zeit.de,Sommerklausur: Ungarn will Beziehungen zu Bayern ausbauen,Hier finden Sie Informationen zu dem Thema „Sommerklausur“. Lesen Sie jetzt „Ungarn will Beziehungen zu Bayern ausbauen“.,https://img.zeit.de/news/2026-07/28/ungarn-will-beziehungen-zu-bayern-ausbauen-image-group/wide__1300x731,2026-07-28T12:16:20Z,,"Ungarns neue Außenministerin Anita Orban will die Beziehungen zu Bayern ausbauen. 100.000 Ungarn lebten derzeit im Freistaat, die bayerischen Autobauer BMW und Audi seien die entscheidenden Investore… [+1401 chars]",,de,'Bayern'
https://www.zeit.de/news/2026-07/28/dreesen-ueber-olise-spekulationen-natuerlich-bleibt-er,https://www.zeit.de/news/2026-07/28/dreesen-ueber-olise-spekulationen-natuerlich-bleibt-er,0,www.zeit.de,Fußball-Bundesliga: Bayern-Boss steckt Ziele ab: «Natürlich» bleibt Olise,Hier finden Sie Informationen zu dem Thema „Fußball-Bundesliga“. Lesen Sie jetzt „Bayern-Boss steckt Ziele ab: «Natürlich» bleibt Olise“.,https://img.zeit.de/news/2026-07/28/dreesen-ueber-olise-spekulationen-natuerlich-bleibt-er-image-group/wide__1300x731,2026-07-28T12:22:36Z,,Erst erklärte Bayerns Vorstandschef Jan-Christian Dreesen seine Stars Michael Olise und Luis Díaz für unverkäuflich. Dann blickte der Vereinsboss auf den blumengeschmückten Münchner Rathaus-Balkon un… [+3951 chars],,de,'Bayern'
https://www.zeit.de/news/2026-07/28/bayern-frauen-euphorisch-nach-japan-reise-voller-erfolg,https://www.zeit.de/news/2026-07/28/bayern-frauen-euphorisch-nach-japan-reise-voller-erfolg,0,www.zeit.de,Double-Siegerinnen: Bayern-Frauen euphorisch nach Japan-Reise: «Voller Erfolg»,Hier finden Sie Informationen zu dem Thema „Double-Siegerinnen“. Lesen Sie jetzt „Bayern-Frauen euphorisch nach Japan-Reise: «Voller Erfolg»“.,https://img.zeit.de/news/2026-07/28/bayern-frauen-euphorisch-nach-japan-reise-voller-erfolg-image-group/wide__1300x731,2026-07-28T13:27:47Z,,Die Doublesiegerinnen des FC Bayern München sind euphorisch von ihrer einwöchigen Trainings- und PR-Reise nach Asien zurückgekehrt. «Japan hat uns alle beeindruckt und neben dem Fußball ging es am En… [+1837 chars],,de,'Bayern'
https://www.nzz.ch/meinung/wenn-es-fed-chef-kevin-warsh-ernst-meint-mit-der-nulltoleranz-gegenueber-der-inflation-kann-er-jetzt-ein-starkes-zeichen-setzen-ld.10017231,https://www.nzz.ch/meinung/wenn-es-fed-chef-kevin-warsh-ernst-meint-mit-der-nulltoleranz-gegenueber-der-inflation-kann-er-jetzt-ein-starkes-zeichen-setzen-ld.10017231,0,www.nzz.ch,"KOMMENTAR - Wenn es Fed-Chef Kevin Warsh ernst meint mit der Nulltoleranz gegenüber der Inflation, kann er jetzt ein starkes Zeichen setzen",In den USA liegt die Inflationsrate seit mehr als fünf Jahren deutlich über dem Ziel des Federal Reserve Board von 2 Prozent. Jetzt kann der neue Notenbankchef im Kampf gegen die Teuerung ein Zeichen setzen.,"https://img-msp-prod.nzz.ch/2026/07/27/41617433-ed6c-418d-85c0-faf522e321b4.jpg?width=1200&height=756&fit=bounds&quality=75&auto=webp&crop=2801,1765,x0,y0&wmark=nzz",2026-07-29T03:30:00Z,,In den USA liegt die Inflationsrate seit mehr als fünf Jahren deutlich über dem Ziel des Federal Reserve Board von 2 Prozent. Jetzt kann der neue Notenbankchef im Kampf gegen die Teuerung ein Zeichen… [+4675 chars],,de,'Inflation'
https://www.nzz.ch/meinung/russland-gegen-ukraine-zwei-kriegsstrategien-aber-gewinnen-kann-nur-eine-ld.10017252,https://www.nzz.ch/meinung/russland-gegen-ukraine-zwei-kriegsstrategien-aber-gewinnen-kann-nur-eine-ld.10017252,0,www.nzz.ch,"KOMMENTAR - Zwei Kriegsstrategien, aber nur eine kann gewinnen: Warum die Ukraine die beste Chance seit langem hat und Russland trotzdem nicht auf Frieden sinnt","Russland hat die militärische Oberhand verloren. Wer die Ukraine im letzten Jahr zu einem Kapitulationsfrieden zwingen wollte, lag falsch. Jetzt gilt es, Putin zu einem bedingungslosen Waffenstillstand zu bewegen.","https://img-msp-prod.nzz.ch/2026/07/24/6e41e952-1ba3-4fdd-b370-19ae932599f2.jpg?width=1200&height=675&fit=bounds&quality=75&auto=webp&crop=6000,3375,x0,y7&wmark=nzz",2026-07-29T03:35:00Z,,"Russland hat die militärische Oberhand verloren. Wer die Ukraine im letzten Jahr zu einem Kapitulationsfrieden zwingen wollte, lag falsch. Jetzt gilt es, Putin zu einem bedingungslosen Waffenstillsta… [+9875 chars]",,de,'Inflation'
https://www.tagesschau.de/wirtschaft/finanzen/fed-zinsentscheid-inflation-kevin-warsh-100.html,https://www.tagesschau.de/wirtschaft/finanzen/fed-zinsentscheid-inflation-kevin-warsh-100.html,0,www.tagesschau.de,Fed-Zinsentscheid: Wiederholt die Notenbank den Fehler von 2021?,"Fed-Chef Warsh warnt vor gestiegenen Inflationsrisiken, hat aber bislang nicht gehandelt. Nun muss sich zeigen, ob die US-Notenbank rechtzeitig reagiert - oder einen alten Fehler wiederholt. Von Angela Göpfert.",https://images.tagesschau.de/image/2b56ba16-d14a-47cb-a5d6-517f9877e270/AAABn6KTNdc/AAABnSSvrFg/16x9-big/kevin-warsh-114.jpg?width=1280,2026-07-29T04:51:20Z,,"Stand: 29.07.2026 06:51 Uhr
Fed-Chef Warsh warnt vor gestiegenen Inflationsrisiken, hat aber bislang nicht gehandelt. Nun muss sich zeigen, ob die US-Notenbank rechtzeitig reagiert - oder einen alte… [+5466 chars]",,de,'Inflation'
https://www.welt.de/politik/ausland/article6a698b4a1ff9bc89d8812625/ukraine-krieg-luege-des-feindes-medwedjew-bestreitet-plaene-zu-neuer-mobilmachung.html,https://www.welt.de/politik/ausland/article6a698b4a1ff9bc89d8812625/ukraine-krieg-luege-des-feindes-medwedjew-bestreitet-plaene-zu-neuer-mobilmachung.html,0,www.welt.de,„Lüge des Feindes“ – Medwedjew bestreitet Pläne zu neuer Mobilmachung,Zuletzt hatten Berichte über eine bevorstehende Mobilmachung in Russland für Aufsehen gesorgt. Nun widerspricht der Putin-Vertraute Dmitri Medwedjew in einem Video.,https://images.welt.de/6a698b4a1ff9bc89d8812625/c27d5dcfc0b9138a74ba8a0ec115f52f-master/ci16x9-w1200/dpa-com-20090101-251023-935-909156-jpg,2026-07-29T05:45:49Z,,Zuletzt hatten Berichte über eine bevorstehende Mobilmachung in Russland für Aufsehen gesorgt. Nun widerspricht der Putin-Vertraute Dmitri Medwedjew in einem Video.In Russland sollen sich nach offizi… [+2424 chars],,de,'Putin'
https://www.focus.de/finanzen/news/massive-gewinneinbrueche-bei-putins-wichtigster-eisenbahn-und-43-milliarden-euro-schulden_ad07f4d7-c0b1-413a-9509-434f74d318ba.html,https://www.focus.de/finanzen/news/massive-gewinneinbrueche-bei-putins-wichtigster-eisenbahn-und-43-milliarden-euro-schulden_ad07f4d7-c0b1-413a-9509-434f74d318ba.html,0,www.focus.de,Massive Gewinneinbrüche bei Putins wichtigster Eisenbahn – und 43 Milliarden Euro Schulden,"Russian Railways, die staatliche russische Eisenbahn, hat hohe Schulden. Neue Tariferhöhungen sollen zusätzliches Geld in die Kasse spülen.","https://quadro.burda-forward.de/ctf/498b45fd-63a4-4c4f-8771-3cf3f2b18f56.ae236745-2823-49a5-a396-a6b81200bd3d.jpg?im=RegionOfInterestCrop=(1200,630),regionOfInterest=(3407,1840)&hash=b2702fd263be27f2e69116520ec1c3321ac4b92cfcea7ffb64f316ba3a834fcc",2026-07-29T06:07:00Z,,"Die Erhöhung der Bahntarife in Russland war zwar schon geplant, aber eigentlich erst für das Jahr 2027. Jetzt zieht der Kreml die Maßnahme auf Oktober vor. Das soll die Finanzen der staatlichen Bahng… [+3269 chars]",,de,'Putin'
https://www.focus.de/finanzen/amerika-braucht-inflation-und-die-fed-liefert-sie_25821585-afae-4b97-9e04-25a3d944b7eb.html,https://www.focus.de/finanzen/amerika-braucht-inflation-und-die-fed-liefert-sie_25821585-afae-4b97-9e04-25a3d944b7eb.html,0,www.focus.de,Amerika braucht Inflation – und die Fed liefert sie,Inflation oder Konjunktur? Warum Fed-Chef Kevin Warsh vor einer der schwierigsten geldpolitischen Entscheidungen der vergangenen Jahre steht.,"https://quadro.burda-forward.de/ctf/2cb4e014-cfb1-4d88-8e31-352eb9e745c1.ae14819a-55b5-4f59-937f-c0bf60ba88e1.jpeg?im=RegionOfInterestCrop=(1200,630),regionOfInterest=(1549,494)&hash=20ef4987e58c8f9a33dc58928c8a2527621988a88d6041309a9d1d8667b50654",2026-07-29T06:13:00Z,,In seinem Roman Die Leiden des jungen Werther beschreibt Johann Wolfgang von Goethe die unglückliche Hin und Her-Liebesbeziehung des jungen Werthers zu einer gewissen Lotte. Ähnlich hin- und hergeris… [+5549 chars],,de,'Inflation'
https://www.tagesschau.de/wirtschaft/finanzen/marktberichte/marktbericht-dax-dow-jones-oelpreis-102.html,https://www.tagesschau.de/wirtschaft/finanzen/marktberichte/marktbericht-dax-dow-jones-oelpreis-102.html,0,www.tagesschau.de,Neue Angriffe dürften DAX belasten,Neue Angriffe im Iran-Krieg dürften den deutschen Aktienmarkt zum Start belasten. Die Börsen in Fernost stehen weiter unter Druck. Das Zahlenwerk der Deutschen Bank dürfte dagegen gut ankommen.,https://images.tagesschau.de/image/42152e4c-2b1d-4f6e-a48d-9c1adf615e01/AAABnYVt-C0/AAABnSSvrFg/16x9-big/boerse-504.jpg?width=1280,2026-07-29T06:24:46Z,,"Stand: 29.07.2026 08:24 Uhr
Neue Angriffe im Iran-Krieg dürften den deutschen Aktienmarkt zum Start belasten. Die Börsen in Fernost stehen weiter unter Druck. Das Zahlenwerk der Deutschen Bank dürft… [+2639 chars]",,de,'Inflation'
https://www.faz.net/aktuell/wissen/physik-mehr/klimaanlage-der-zukunft-kuehlen-mit-magneten-und-ohne-kaeltemittel-accg-201053985.html,https://www.faz.net/aktuell/wissen/physik-mehr/klimaanlage-der-zukunft-kuehlen-mit-magneten-und-ohne-kaeltemittel-accg-201053985.html,0,www.faz.net,Festkörperkühlung: Sieht so die Klimaanlage der Zukunft aus?,"In Europa werden Maschinen gebaut, die mit Magneten und modernen Materialien kühlen – ohne gefährliche Kältemittel und noch dazu stromsparend. So funktionieren sie.",https://media0.faz.net/image/w1200h627/3cf088a04bd6/w4132h2158x868y248o/202408/43601.0.484719456/ein-kuehlschrank-der-ohne.webp,2026-07-29T06:32:52Z,,"Vielleicht verbirgt sich die Zukunft der Klimaanlage unter Sahnepudding, Biomozzarella und Milchreis mit Zimtgeschmack. Die Lebensmittel liegen in der Kühltheke eines Supermarkts in Darmstadt. Sie si… [+10018 chars]",,de,'nachhaltige Energie'
https://www.horizont.net/marketing/nachrichten/mit-google-und-mawave-eon-startet-youtube-entertainment-format-rund-um-die-energiewende-235229,https://www.horizont.net/marketing/nachrichten/mit-google-und-mawave-eon-startet-youtube-entertainment-format-rund-um-die-energiewende-235229,0,www.horizont.net,Mit Google und Mawave: Eon startet Youtube-Entertainment-Format rund um die Energiewende,"Nachhaltige Energielösungen werden immer relevanter, können aber auch ziemlich überfordernd wirken. Hier möchte Eon ansetzen und startet deshalb gemeinsam mit Mawave und Google eine Youtube-Videoreihe rund um die Energiewende, die gleichermaßen aufklären und …",https://www.horizont.net/news/media/50/E.On-House-of-Power-499973.png,2026-07-29T07:00:00Z,,"Unter anderem sind an ""House of Power"" die Schauspieler Axel Stein und Susan Sideropoulos sowie die Content Creators Jonas Ems, Lewin Ray und Reeze beteiligt. Damit ergänzt Eon seine klassischen Kamp… [+1134 chars]",,de,'Nachhaltige Energie'
https://www.faz.net/aktuell/politik/ukraine/putin-will-polen-und-die-ukraine-spalten-201072373.html,https://www.faz.net/aktuell/politik/ukraine/putin-will-polen-und-die-ukraine-spalten-201072373.html,0,www.faz.net,Polen und die Ukraine: Eine Einladung an den Kreml,"Es ist kein Zufall, dass Wladimir Putin gerade jetzt wieder darüber redet, dass der Westen der Ukraine an Polen fallen kann.",https://media0.faz.net/image/w1200h627/0ae995ac8045/w5141h2686x0y395o/202607/43601.0.2373442840/wladimir-putin-am-sonntag-26.webp,2026-07-29T08:38:02Z,,"Eine der Vorstellungen über die Zukunft der Ukraine, die vom Kreml immer wieder vorgetragen werden, sieht so aus: Der Osten, der Süden und die Mitte des Landes werden Teil Russlands, während der West… [+1416 chars]",,de,'Putin'
https://www.zeit.de/news/2026-07/29/is-mitgliederliste-fuehrt-ermittler-zu-verdaechtigen-in-bayern,https://www.zeit.de/news/2026-07/29/is-mitgliederliste-fuehrt-ermittler-zu-verdaechtigen-in-bayern,0,www.zeit.de,Terrorismus: IS-Mitgliederliste führt Ermittler zu Verdächtigen in Bayern,Hier finden Sie Informationen zu dem Thema „Terrorismus“. Lesen Sie jetzt „IS-Mitgliederliste führt Ermittler zu Verdächtigen in Bayern“.,https://img.zeit.de/news/2026-07/29/is-mitgliederliste-fuehrt-ermittler-zu-verdaechtigen-in-bayern-image-group/wide__1300x731,2026-07-29T09:23:16Z,,"In Bayern sind zwei Männer festgenommen worden, die vor einem Jahrzehnt als Kämpfer bei der Terrororganisation Islamischer Staat (IS) gewesen sein sollen. Ein 28-jähriger Iraker sei bereits am 23. Ju… [+1157 chars]",,de,'Bayern'
https://orf.at/stories/3437606/,https://orf.at/stories/3437606/,0,orf.at,„ORF fragt“: Kriege als größte Sorge,,https://orf.at/mojo/1_4_1/storyserver//news/common/images/og-fallback-news.png,2026-07-29T09:40:07Z,,"Mehr als 60.000 Menschen sind dem Aufruf zur dritten Auflage von ORF fragt gefolgt und haben an einer Onlineumfrage zu unterschiedlichsten Themen teilgenommen. Dabei zeigte sich, dass Kriege und Konf… [+4077 chars]",,de,'Krieg'
https://www.welt.de/politik/ausland/plus6a2a98685f783159b22b0bdb/russische-gesellschaft-risse-in-der-kremlmauer-wie-ernst-die-lage-wirklich-fuer-putin-ist.html,https://www.welt.de/politik/ausland/plus6a2a98685f783159b22b0bdb/russische-gesellschaft-risse-in-der-kremlmauer-wie-ernst-die-lage-wirklich-fuer-putin-ist.html,0,www.welt.de,„Risse in der Kremlmauer“ – Wie ernst die Lage wirklich für Putin ist,"Die Ukraine erhöht den Druck auf Russland immer weiter. Einige westliche Beobachter sehen bereits den Anfang vom Ende des Putin-Regimes kommen. Ehemalige Regime-Insider haben erforscht, wie stark seine Macht noch ist.",https://images.welt.de/6a2a98685f783159b22b0bdb/44e891a9b5d4843bd37986bfe401b38c/ci16x9-w1200/dwosb-kreml-jb-2-jpg,2026-07-29T15:59:08Z,,"Die Ukraine erhöht den Druck auf Russland immer weiter. Einige westliche Beobachter sehen bereits den Anfang vom Ende des Putin-Regimes kommen. Ehemalige Regime-Insider haben erforscht, wie stark sei… [+17 chars]",,de,'Putin'
https://www.faz.net/aktuell/feuilleton/medien-und-film/medienpolitik/afd-oder-putin-verschwoerungstheorien-zum-csd-anschlag-201076091.html,https://www.faz.net/aktuell/feuilleton/medien-und-film/medienpolitik/afd-oder-putin-verschwoerungstheorien-zum-csd-anschlag-201076091.html,0,www.faz.net,Verschwörungstheorien: Stecken Putin und die AfD hinter dem CSD-Anschlag?,"Ein mutmaßlicher Islamist verübt ein Attentat auf den Christopher Street Day in Berlin. Eine Frau stirbt, 28 weitere Menschen werden verletzt. Wer steckt dahinter? Verschwörungstheoretiker von links und aus dem Salafismus haben eine Erklärung.",https://media0.faz.net/image/w1200h627/b62d8436ef12/w3360h1755x0y242o/202607/43601.0.2372491712/nach-dem-anschlag-truemmer-des.webp,2026-07-29T16:21:57Z,,"In Berlin wird bald gewählt. Die Abstände solcher Attentate zu dem jeweils nächsten Wahltermin sind auch in der Vergangenheit schon häufig sehr kurz gewesen. Sehen Sie da einen Zusammenhang, oder ist… [+3418 chars]",,de,'Putin'
https://www.zeit.de/news/2026-07/30/verbaende-wollen-oel-und-gasfoerderverbot-in-ostsee-erreichen,https://www.zeit.de/news/2026-07/30/verbaende-wollen-oel-und-gasfoerderverbot-in-ostsee-erreichen,0,www.zeit.de,Sorge um Umwelt: Verbände wollen Öl- und Gasförderverbot in Ostsee erreichen,Hier finden Sie Informationen zu dem Thema „Sorge um Umwelt“. Lesen Sie jetzt „Verbände wollen Öl- und Gasförderverbot in Ostsee erreichen“.,https://img.zeit.de/news/2026-07/30/verbaende-wollen-oel-und-gasfoerderverbot-in-ostsee-erreichen-image-group/wide__1300x731,2026-07-30T04:00:09Z,,Umweltverbände wollen grundsätzlich Öl- und Gasförderung in der Ostsee untersagen lassen und damit auch eine mögliche Förderung in Polen unweit der Insel Usedom stoppen. Der Bund für Umwelt und Natur… [+2965 chars],,de,'Gas'
https://www.tagesschau.de/ausland/europa/rumaenien-drohnen-100.html,https://www.tagesschau.de/ausland/europa/rumaenien-drohnen-100.html,0,www.tagesschau.de,Rumänien: Mit Kampfjets und Diplomatie gegen russische Drohnen,Russland führt seinen Krieg gegen die Ukraine auch in unmittelbarer Nähe zu NATO-Staaten. In Rumänien schlugen schon mehrfach Drohnen ein. Die Regierung will das nicht mehr hinnehmen - und tritt gegenüber Moskau offensiver auf. Von Oliver Soos.,https://images.tagesschau.de/image/b990483a-5ee0-4982-b28a-c48a702a78ad/AAABn63AaD8/AAABnSSvrFg/16x9-big/f-16-kampfjets-rumaenien-100.jpg?width=1280,2026-07-30T04:43:16Z,,"Stand: 30.07.2026 06:43 Uhr
Russland führt seinen Krieg gegen die Ukraine auch in unmittelbarer Nähe zu NATO-Staaten. In Rumänien schlugen schon mehrfach Drohnen ein. Die Regierung will das nicht me… [+5346 chars]",,de,'Putin'
https://www.faz.net/aktuell/feuilleton/debatten/neues-moskauer-museum-zum-gedenken-an-den-genozid-betreibt-geschichtsklitterung-accg-201073123.html,https://www.faz.net/aktuell/feuilleton/debatten/neues-moskauer-museum-zum-gedenken-an-den-genozid-betreibt-geschichtsklitterung-accg-201073123.html,0,www.faz.net,Neues Museum in Moskau: „Ganz Europa gehört auf die Anklagebank“,Mit Putins Segen: Das neue Moskauer Museum des Gedenkens an den Genozid am sowjetischen Volk erzählt bekannte Narrative. Von den Terrorwellen der Dreißigerjahre weiß es allerdings so wenig wie vom Hitler-Stalin-Pakt.,https://media0.faz.net/image/w1200h627/821d0d56f397/w3648h1906x0y433o/202607/43601.0.2376791396/moskauer-museum-zum-gedenken.webp,2026-07-30T06:36:25Z,,Einem russischen Sprichwort zufolge ist die Vergangenheit unseres Landes unvorhersehbar. Ein wichtiges neues Kapitel dieser unvorhersehbaren Vergangenheit wird im ehemaligen Moskauer Gulag-Museum auf… [+7727 chars],,de,'Putin'
https://www.focus.de/politik/ausland/krieg-in-der-ukraine-laura-loomer-sagt-trump-schaetzt-selenskyj-und-putin_62e49269-62f0-4632-a718-70584d4a0bd4.html,https://www.focus.de/politik/ausland/krieg-in-der-ukraine-laura-loomer-sagt-trump-schaetzt-selenskyj-und-putin_62e49269-62f0-4632-a718-70584d4a0bd4.html,0,www.focus.de,"Krieg in der Ukraine: Laura Loomer sagt, Trump schätzt Selenskyj und Putin",Nach einem Treffen mit Wolodymyr Selenskyj zieht die konservative US-Influencerin überraschend neue Schlüsse. Ihre Eindrücke will sie Donald Trump persönlich schildern.,"https://quadro.burda-forward.de/ctf/ed010496-03ff-4704-8fa4-a1ad2a359e8e.695e80be-22cf-4f43-9071-ec9c0c15664d.jpg?im=RegionOfInterestCrop=(1200,630),regionOfInterest=(2263,1739)&hash=693e6b7b2ffa8f2a0bbe28ec526b0481621cd7813b65da9f1188dc7fc8123fb1",2026-07-30T08:06:00Z,,Die konservative US-Influencerin Laura Loomer sorgt nach ihrem Besuch in der Ukraine für Aufsehen. Die enge Vertraute von US-Präsident Donald Trump traf in Kiew Präsident Wolodymyr Selenskyj und künd… [+2053 chars],,de,'Putin'
https://www.morgenpost.de/wirtschaft/article412715271/deutsche-wirtschaft-mit-mini-wachstum-im-zweiten-quartal.html,https://www.morgenpost.de/wirtschaft/article412715271/deutsche-wirtschaft-mit-mini-wachstum-im-zweiten-quartal.html,0,www.morgenpost.de,Deutsche Wirtschaft mit Mini-Wachstum im zweiten Quartal,Trotz angespannter Lage durch den Iran-Krieg verzeichnet die deutsche Wirtschaft im zweiten Quartal ein kleines Wachstum.,https://img.sparknews.funkemedien.de/412715261/412715261_1785398905_v16_9_1600.jpeg,2026-07-30T08:08:25Z,,"Die deutsche Wirtschaft ist trotz der Belastungen durch den Iran-Krieg im zweiten Quartal minimal gewachsen. DasBruttoinlandsprodukt (BIP) legte zum Vorquartal um 0,2 Prozent zu, wie das Statistische… [+75 chars]",,de,'Krieg'
https://www.sueddeutsche.de/wirtschaft/wirtschaft-deutschland-bip-quartal-li.3523891,https://www.sueddeutsche.de/wirtschaft/wirtschaft-deutschland-bip-quartal-li.3523891,0,www.sueddeutsche.de,BIP: Deutsche Wirtschaft wächst im zweiten Quartal trotz Iran-Krieg leicht,"Zwar ist der Anstieg im Frühjahr nur gering, aber immerhin: Es ist das dritte Quartalswachstum in Folge. Ist das schon eine Trendwende für die angeschlagene deutsche Wirtschaft?",https://www.sueddeutsche.de/2026/07/30/5a195d07-81a5-43e9-a758-a9e7b623ca92.jpg?q=60&fm=webp&width=1200&rect=0%2C186%2C4000%2C2250,2026-07-30T08:10:13Z,,"Auch wenn das Wachstum nur gering ist, ist es bereits das dritte Plus in Folge: Im Schlussquartal 2025 reichte es zu einem Wachstum von 0,3 Prozent, in den ersten drei Monaten 2026 zu einem Plus von … [+2191 chars]",,de,'Krieg'
https://www.zeit.de/news/2026-07/30/deutsche-wirtschaft-schafft-mini-wachstum-trotz-iran-krieg,https://www.zeit.de/news/2026-07/30/deutsche-wirtschaft-schafft-mini-wachstum-trotz-iran-krieg,0,www.zeit.de,Konjunktur: Deutsche Wirtschaft schafft Mini-Wachstum trotz Iran-Krieg,Hier finden Sie Informationen zu dem Thema „Konjunktur“. Lesen Sie jetzt „Deutsche Wirtschaft schafft Mini-Wachstum trotz Iran-Krieg“.,https://img.zeit.de/news/2026-07/30/deutsche-wirtschaft-schafft-mini-wachstum-trotz-iran-krieg-image-group/wide__1300x731,2026-07-30T08:10:15Z,,"Die deutsche Wirtschaft hat trotz der Belastungen durch den Iran-Krieg im Frühjahr ein Mini-Wachstum geschafft. Im zweiten Quartal legte das Bruttoinlandsprodukt (BIP) zum Vorquartal um 0,2 Prozent z… [+3728 chars]",,de,'Krieg'
https://www.zeit.de/wirtschaft/2026-07/deutsche-wirtschaft-wachstum-bip-exports-statistisches-bundesamt,https://www.zeit.de/wirtschaft/2026-07/deutsche-wirtschaft-wachstum-bip-exports-statistisches-bundesamt,0,www.zeit.de,"Deutsche Wirtschaft: Deutsche Wirtschaft wächst im zweiten Quartal minimal um 0,2 Prozent",Die deutsche Wirtschaft trotzt dem Iran-Krieg und wächst im zweiten Quartal leicht. Der erhoffte kräftige Aufschwung lässt aber weiterhin auf sich warten.,https://img.zeit.de/wirtschaft/2026-07/deutsche-wirtschaft-wachstum-bip-exports-statistisches-bundesamt-foto-1/wide__1300x731,2026-07-30T08:31:04Z,,"Die deutsche Wirtschaft ist im
Frühjahr trotz der Belastungen durch den Iran-Krieg gewachsen.
Das Bruttoinlandsprodukt stieg von April bis Juni um 0,2 Prozent im Vergleich zum Vorquartal. Das teilt… [+785 chars]",,de,'Krieg'
https://www.zeit.de/news/2026-07/30/heizoel-und-benzinpreise-treiben-inflation,https://www.zeit.de/news/2026-07/30/heizoel-und-benzinpreise-treiben-inflation,0,www.zeit.de,Preisentwicklung: Heizöl und Benzinpreise treiben Inflation,Hier finden Sie Informationen zu dem Thema „Preisentwicklung“. Lesen Sie jetzt „Heizöl und Benzinpreise treiben Inflation“.,https://img.zeit.de/news/2026-07/30/heizoel-und-benzinpreise-treiben-inflation-image-group/wide__1300x731,2026-07-30T08:35:04Z,,"Die Inflationsrate in Bayern ist wegen des Iran-Kriegs und ausgelaufenen Tankrabatts im Juli auf 2,8 Prozent gestiegen. Erheblich teurer als ein Jahr zuvor waren vor allem Heizöl und Benzin, wie aus … [+1271 chars]",,de,'Gas'
https://www.tagesspiegel.de/wirtschaft/trotz-iran-krieg-und-energiekrise-deutsche-wirtschaft-schafft-mini-wachstum-im-zweiten-quartal-15896609.html,https://www.tagesspiegel.de/wirtschaft/trotz-iran-krieg-und-energiekrise-deutsche-wirtschaft-schafft-mini-wachstum-im-zweiten-quartal-15896609.html,0,www.tagesspiegel.de,Trotz Iran-Krieg und Energiekrise: Deutsche Wirtschaft schafft Mini-Wachstum im zweiten Quartal,Die jüngsten Konjunkturdaten weisen alle nach oben. Doch ein deutliches Wachstumsplus erwarten Experten erst im kommenden Jahr.,https://www.tagesspiegel.de/images/15896614/alternates/BASE_16_9_W1400/1785398891000/deutsche-wirtschaft.jpeg,2026-07-30T08:38:17Z,,"Die deutsche Wirtschaft ist im Frühjahr trotz der Belastungen durch den Iran-Krieg gewachsen. Das Bruttoinlandsprodukt stieg von April bis Juni um 0,2 Prozent zum Vorquartal, wie das Statistische Bun… [+3284 chars]",,de,'Krieg'
https://www.focus.de/finanzen/boerse/warsh-hat-die-chance-verspielt-glaubwuerdigkeit-zu-schaffen_a9023a71-1ee9-4e18-84d9-322e8ddfeb4e.html,https://www.focus.de/finanzen/boerse/warsh-hat-die-chance-verspielt-glaubwuerdigkeit-zu-schaffen_a9023a71-1ee9-4e18-84d9-322e8ddfeb4e.html,0,www.focus.de,"„Warsh hat die Chance verspielt, Glaubwürdigkeit zu schaffen“","Die Fed ließ die Zinsen unverändert. Doch Aktien und langlaufende Anleihen brachen ein, weil Anleger fürchten, dass Kevin Warsh die Inflation nicht hart genug bekämpft.","https://quadro.burda-forward.de/ctf/a1b0e477-916d-43fc-9ad6-849f5e9c272e.07bc5e25-582b-459c-b00c-234b4ecb6664.webp?im=RegionOfInterestCrop=(1200,630),regionOfInterest=(640,360)&hash=8b45745d59658855d924f1bb6fbfe106a45fba0928570f51859d42561a88c244",2026-07-30T08:49:00Z,,"Der Fed-Tag wurde für die Wall Street zum Stresstest. Die US-Notenbank ließ die Zinsen zwar wie erwartet unverändert im Zielkorridor von 3,5 bis 3,75 Prozent, doch die Entscheidung beruhigte die Märk… [+2932 chars]",,de,'Inflation'
https://www.diepresse.com/40377587/us-notenbank-fed-pausiert-erneut-warsh-bleibt-eine-erklaerung-schuldig,https://www.diepresse.com/40377587/us-notenbank-fed-pausiert-erneut-warsh-bleibt-eine-erklaerung-schuldig,0,www.diepresse.com,US-Notenbank Fed pausiert erneut: Warsh bleibt eine Erklärung schuldig [premium],"Trotz hoher Inflation und der Ölkrise beschloss der Zentralbankrat am Mittwoch mit neun zu drei Stimmen, die Zinsen erneut unverändert zu lassen. Die Entscheidung und ein Ausverkauf bei Technologieaktien belasteten die Wall Street schwer.",https://img.diepresse.com/public/incoming/mmbgqo-imagost0730080500010862994774jpg/alternates/WEBP_WIDE_1200/imago_st_0730_08050001_0862994774.jpg,2026-07-30T08:51:14Z,,"Die US-Notenbank hält den Leitzins den siebten Monat in Folge unverändert, doch der Anleihemarkt zweifelt an ihrem Inflationskurs. Die Rendite 30-jähriger US-Staatsanleihen stieg zeitweise auf fast 5… [+3990 chars]",,de,'Inflation'
https://www.dw.com/de/ukraine-russland-angriffe-tote-wildberries-online-haendler-selenskyj-polen-luftraum-kampfjets/a-78168790,https://www.dw.com/de/ukraine-russland-angriffe-tote-wildberries-online-haendler-selenskyj-polen-luftraum-kampfjets/a-78168790,0,www.dw.com,Ukraine-Krieg: Russland greift fast flächendeckend an,Das russische Militär hat in der vergangenen Nacht zahlreiche Raketen und Drohnen Richtung Ukraine abgefeuert. Dort ist in ersten Berichten von acht Todesopfern und mehr als 30 Verletzten die Rede. Fast in der gesamten Ukraine gab es in der Nacht zum Donnerst…,https://static.dw.com/image/78168688_6.jpg,2026-07-30T09:01:00Z,,"Fast in der gesamten Ukraine gab es in der Nacht zum Donnerstag Luftalarm. Um die Flugabwehr zu überlasten, hätten die russischen Angreifer zahllose Raketen und Marschflugkörper sowie Drohnen eingese… [+4454 chars]",,de,'Krieg'
https://www.morgenpost.de/berlin/article412715736/inflation-zieht-in-berlin-wieder-an-das-sind-die-preistreiber.html,https://www.morgenpost.de/berlin/article412715736/inflation-zieht-in-berlin-wieder-an-das-sind-die-preistreiber.html,0,www.morgenpost.de,Inflation zieht in Berlin wieder an – das sind die Preistreiber,Die Teuerungsrate in Berlin und Brandenburg ist im Juli wieder gestiegen. Besonders zwei Bereiche erwiesen sich als Preistreiber.,https://img.sparknews.funkemedien.de/412715778/412715778_1785402534_v16_9_1600.jpeg,2026-07-30T09:08:54Z,,"Das Leben in Berlin und Brandenburg ist im Juli wieder teurer geworden. Wie das Amt für Statistik Berlin-Brandenburg am Donnerstag mitteilte, lagen die Verbraucherpreise in Berlin um 2,9 Prozent und … [+1439 chars]",,de,'Inflation'
https://hallespektrum.de/aktuelles/inflation-in-sachsen-anhalt-zieht-im-juli-deutlich-an/478210/,https://hallespektrum.de/aktuelles/inflation-in-sachsen-anhalt-zieht-im-juli-deutlich-an/478210/,0,hallespektrum.de,Inflation in Sachsen-Anhalt zieht im Juli deutlich an,"Halle (Saale) – Nach mehreren Monaten mit moderater Preisentwicklung hat sich die Inflation in Sachsen-Anhalt im Juli spürbar beschleunigt. Wie das Statistische Landesamt mitteilt, stiegen die Verbraucherpreise gegenüber dem Vorjahresmonat um 2,7 Prozent. Im …",https://hallespektrum.de/wp-content/uploads/2022/06/Tankstelle-spritpreise-1.jpg,2026-07-30T09:14:00Z,,"Halle (Saale) Nach mehreren Monaten mit moderater Preisentwicklung hat sich die Inflation in Sachsen-Anhalt im Juli spürbar beschleunigt. Wie das Statistische Landesamt mitteilt, stiegen die Verbrauc… [+1447 chars]",,de,'Inflation'
https://www.zeit.de/news/2026-07/30/rki-schon-mehr-als-1-000-hitzetote-in-bayern,https://www.zeit.de/news/2026-07/30/rki-schon-mehr-als-1-000-hitzetote-in-bayern,0,www.zeit.de,Wetter: RKI: Schon mehr als 1.000 Hitzetote in Bayern,Hier finden Sie Informationen zu dem Thema „Wetter“. Lesen Sie jetzt „RKI: Schon mehr als 1.000 Hitzetote in Bayern“.,https://img.zeit.de/news/2026-07/30/rki-schon-mehr-als-1-000-hitzetote-in-bayern-image-group/wide__1300x731,2026-07-30T09:37:35Z,,In Bayern sind nach Schätzung des Robert Koch-Instituts im laufenden Jahr schon rund 1.050 Menschen an den Folgen von Hitze gestorben. Zum Vergleich: 2025 waren es im gesamten Jahr 490 Menschen und a… [+1791 chars],,de,'Bayern'
https://www.zeit.de/news/2026-07/30/energiepreise-treiben-teuerung-im-saarland-an,https://www.zeit.de/news/2026-07/30/energiepreise-treiben-teuerung-im-saarland-an,0,www.zeit.de,Statistisches Landesamt: Energiepreise treiben Teuerung im Saarland an,Hier finden Sie Informationen zu dem Thema „Statistisches Landesamt“. Lesen Sie jetzt „Energiepreise treiben Teuerung im Saarland an“.,https://img.zeit.de/news/2026-07/30/energiepreise-treiben-teuerung-im-saarland-an-image-group/wide__1300x731,2026-07-30T09:57:33Z,,"Die Inflation im Saarland zieht wieder an: Im Juli lagen die Verbraucherpreise 3,2 Prozent höher als ein Jahr zuvor, wie das Statistische Amt in Saarbrücken mitteilte. Im Juni lag die Teuerungsrate b… [+716 chars]",,de,'Energiepreise'
https://www.sueddeutsche.de/muenchen/muenchen-schulabschluss-zukunftsperspektiven-hoffnungen-jugendliche-junge-leute-li.3509470,https://www.sueddeutsche.de/muenchen/muenchen-schulabschluss-zukunftsperspektiven-hoffnungen-jugendliche-junge-leute-li.3509470,0,www.sueddeutsche.de,Junge Menschen in München: Schule aus – was jetzt?,"Inflation und Klimawandel, rasanter Wandel der Berufswelt: Fünf junge Absolventen und Absolventinnen aus München erzählen, mit welchen Gefühlen sie auf die Zukunft blicken.",https://www.sueddeutsche.de/2026/07/28/44db49f1-943c-4ff1-a8ba-1f8d1343a4d6.png?q=60&fm=webp&width=1200&rect=0%2C0%2C1920%2C1080,2026-07-30T11:16:15Z,,"Klimawandel, Kriege und Wehrpflichtdebatte, Inflation und Haushaltsdebatte, der besonders in München angespannte Wohnungsmarkt, künstliche Intelligenz kaum ein Tag vergeht, an dem junge Menschen nich… [+456 chars]",,de,'Inflation'
https://www.faz.net/aktuell/finanzen/finanzmarkt/die-inflation-in-deutschland-steigt-auf-2-8-prozent-201079372.html,https://www.faz.net/aktuell/finanzen/finanzmarkt/die-inflation-in-deutschland-steigt-auf-2-8-prozent-201079372.html,0,www.faz.net,"Teure Urlaubszeit: Die Inflation in Deutschland steigt auf 2,8 Prozent",Die Lebenshaltungskosten in Deutschland legen im Juli deutlich zu. Das wird auch wohl noch eine Weile so bleiben. Wofür müssen Verbraucher jetzt besonders viel zahlen?,https://media0.faz.net/image/w1200h627/2598d20c8b23/w5908h3086x0y533o/202607/43601.0.2372857394/noch-nie-in-der-geschichte.webp,2026-07-30T12:01:36Z,,"Die Inflation in Deutschland hat spürbar zugelegt. Wie das Statistische Bundesamt in Wiesbaden am Donnerstag aufgrund einer ersten Schätzung mitteilte, belief sich die Inflationsrate im Juli auf 2,8 … [+4491 chars]",,de,'Inflation'
https://www.n-tv.de/wirtschaft/Inflationsrate-steigt-nach-Tankrabatt-Ende-deutlich-id31142054.html,https://www.n-tv.de/wirtschaft/Inflationsrate-steigt-nach-Tankrabatt-Ende-deutlich-id31142054.html,0,www.n-tv.de,"Sprung auf 2,8 Prozent: Inflationsrate steigt nach Tankrabatt-Ende deutlich","Nach dem Auslaufen des Tankrabatts steigt die Inflation in Deutschland wie erwartet an. Diesen Sprung haben Experten aber nicht erwartet: Die Teuerung steigt auf 2,8 Prozent. Treiber sind aber nicht nur die Energiepreise.",https://www.n-tv.de/img/31141484/1785421119/Img_16_9/1200/Vor-allem-hoehere-Kraftstoffpreise-haben-die-Inflation-in-Sachsen-Anhalt-im-Juli-angetrieben.jpg,2026-07-30T12:01:56Z,,"Sprung auf 2,8 ProzentInflationsrate steigt nach Tankrabatt-Ende deutlich
Die höheren Preise für Kraftstoffe treiben die Inflation. 
Nach dem Auslaufen des Tankrabatts steigt die Inflation in Deuts… [+2204 chars]",,de,'Inflation'
https://www.zeit.de/wirtschaft/2026-07/inflationsrate-im-juli-steigt-tankrabatt-ende,https://www.zeit.de/wirtschaft/2026-07/inflationsrate-im-juli-steigt-tankrabatt-ende,0,www.zeit.de,"Inflationsrate im Juli steigt auf 2,8 Prozent","Lesen Sie jetzt „Inflationsrate im Juli steigt auf 2,8 Prozent“.",https://img.zeit.de/administratives/eilmeldung/fallback-bild/wide__1300x731,2026-07-30T12:03:20Z,,"Schließen
Artikelzusammenfassung
Deutschlands Inflation zieht wieder an. Nach dem Auslaufen des Tankrabatts kletterten die Preise für Waren und Dienstleistungen im Juli laut erster Schätzung des St… [+817 chars]",,de,'Inflation'
https://www.welt.de/wirtschaft/article6a6b3d49b5b26399f0be1340/inflationsrate-in-deutschland-steigt-deutlich-an.html,https://www.welt.de/wirtschaft/article6a6b3d49b5b26399f0be1340/inflationsrate-in-deutschland-steigt-deutlich-an.html,0,www.welt.de,Inflationsrate in Deutschland steigt deutlich an,"Die Inflation in Deutschland ist nach dem Auslaufen ⁠des Tankrabatts gestiegen. ‌Waren ​und Dienstleistungen verteuerten ‌sich ​im Juli um durchschnittlich 2,8 Prozent im ​Vergleich zum Vorjahresmonat, nach 2,3 ​Prozent im Juni. Das teilte ‌das Statistische B…",https://img.welt.de/img/masters/mobile160492822/7651629427-ci16x9-w1200/welt-fallback-jpg.jpg,2026-07-30T12:04:02Z,,"Die Inflation in Deutschland ist nach dem Auslaufen des Tankrabatts gestiegen. Waren und Dienstleistungen verteuerten sich im Juli um durchschnittlich 2,8 Prozent im Vergleich zum Vorjahresmonat, nac… [+323 chars]",,de,'Inflation'
https://www.zeit.de/news/2026-07/30/inflation-zieht-sprunghaft-an-2-8-prozent-im-juli,https://www.zeit.de/news/2026-07/30/inflation-zieht-sprunghaft-an-2-8-prozent-im-juli,0,www.zeit.de,"Preise: Inflation zieht sprunghaft an: 2,8 Prozent im Juli","Hier finden Sie Informationen zu dem Thema „Preise“. Lesen Sie jetzt „Inflation zieht sprunghaft an: 2,8 Prozent im Juli“.",https://img.zeit.de/administratives/sharing/fallback-image-die-zeit/wide__1300x731,2026-07-30T12:05:06Z,,"Das Leben in Deutschland hat sich im Juli wieder stärker verteuert. Die Verbraucherpreise lagen um 2,8 Prozent über dem Niveau des Vorjahresmonats - nach 2,3 Prozent Inflation im Juni, wie das Statis… [+94 chars]",,de,'Inflation'
https://www.zeit.de/news/2026-07/30/inflation-springt-nach-ende-des-tankrabatts-auf-2-8-prozent,https://www.zeit.de/news/2026-07/30/inflation-springt-nach-ende-des-tankrabatts-auf-2-8-prozent,0,www.zeit.de,"Verbraucherpreise: Inflation springt nach Ende des Tankrabatts auf 2,8 Prozent","Hier finden Sie Informationen zu dem Thema „Verbraucherpreise“. Lesen Sie jetzt „Inflation springt nach Ende des Tankrabatts auf 2,8 Prozent“.",https://img.zeit.de/news/2026-07/30/inflation-springt-nach-ende-des-tankrabatts-auf-2-8-prozent-image-group/wide__1300x731,2026-07-30T12:11:10Z,,"Nach dem Auslaufen des Tankrabatts hat sich das Leben in Deutschland sprunghaft verteuert. Im Juli lagen die Verbraucherpreise um 2,8 Prozent über dem Niveau des Vorjahresmonats, wie das Statistische… [+3193 chars]",,de,'Inflation'
https://www.freitag.de/autoren/kathrin-hartmann/hitzewelle-2026-warum-ein-drittel-der-deutschen-trotzdem-afd-waehlen-will,https://www.freitag.de/autoren/kathrin-hartmann/hitzewelle-2026-warum-ein-drittel-der-deutschen-trotzdem-afd-waehlen-will,0,www.freitag.de,"Ein einziger Satz erklärt, warum wir die Klimakrise nicht lösen – so lautet er","Mehr als eine Viertelmillion Menschen wurde wegen der Brände in Europa evakuiert. Während die Klimakatastrophe eskaliert, setzt Merz auf fossile Energie. Warum handelt die Elite wider besseres Wissen? Ein US-Schriftsteller kennt die Antwort Die Brände in Fran…",https://www.freitag.de/autoren/kathrin-hartmann/hitzewelle-2026-warum-ein-drittel-der-deutschen-trotzdem-afd-waehlen-will/@@images/image/great,2026-07-30T12:17:00Z,,Die Brände in Frankreich und Spanien haben Waldflächen doppelt so groß wie der Bodensee vernichtet. Mehr als eine Viertelmillion Menschen wurde bisher evakuiert. Nun haben die Feuer Portugal erreicht… [+3333 chars],,de,'fossile Energie'
https://www.bild.de/politik/inflation-in-deutschland-steigt-im-juli-auf-2-8-prozent-6a6b3d19b5b26399f0be133c,https://www.bild.de/politik/inflation-in-deutschland-steigt-im-juli-auf-2-8-prozent-6a6b3d19b5b26399f0be133c,0,www.bild.de,Nach Tankrabatt-Ende - Inflation steigt deutlich!,Die Inflationsrate in Deutschland ist im Juli deutlich gestiegen. Nach dem Ende des Tankrabatts verteuerten sich vor allem Kraftstoffe wieder.,"https://images.bild.de/6a6b3d19b5b26399f0be133c/3bdb39d3b134027a95909a41b9c8d4bf,1e723236?w=1280",2026-07-30T12:22:05Z,,TTS-Player überspringenArtikel weiterlesenBerlin Die Inflation in Deutschland hat im Juli wieder angezogen. Nach einer ersten Schätzung des Statistischen Bundesamts stiegen die Verbraucherpreise im V… [+2758 chars],,de,'Nachhaltige Energie'
"https://www.gamestar.de/artikel/hitze-trockenheit-kernspaltungs-kraftwerke-reduktion-plus-steigender-strombedarf,3456282.html#article","https://www.gamestar.de/artikel/hitze-trockenheit-kernspaltungs-kraftwerke-reduktion-plus-steigender-strombedarf,3456282.html#article",0,www.gamestar.de,Energie - Die Hitze hat Europa im Schwitzkasten – und das hat ausgerechnet Folgen für unser Stromnetz,"Sobald die Temperatur steigt, verengen sich die Spielräume des europäischen Stromnetzes. Die Hitze entzieht fossilen Kraftwerken die Betriebsgrundlage, vor allem Atomreaktoren.",https://images.cgames.de/images/gamestar/293/teaser-atomkraftwerke-abschaltung-hitze-gs_6428915.jpg,2026-07-30T12:40:00Z,,"Niedrigwasser, eine erhöhte Temperatur oder gar ein Trockenfallen von Flüssen bedroht zentral die Funktionsfähigkeit von Atomkraftwerken.
(Bildquelle: Adobe Firefly, generative KI)
Wenn wir selbst … [+5139 chars]",,de,'fossile Energie'
https://www.zeit.de/news/2026-07/30/eu-erschwert-ukrainern-flucht-vor-krieg-was-aendert-sich,https://www.zeit.de/news/2026-07/30/eu-erschwert-ukrainern-flucht-vor-krieg-was-aendert-sich,0,www.zeit.de,Zu wenige Soldaten: EU erschwert Ukrainern Flucht vor Krieg - Was ändert sich?,Hier finden Sie Informationen zu dem Thema „Zu wenige Soldaten“. Lesen Sie jetzt „EU erschwert Ukrainern Flucht vor Krieg - Was ändert sich?“.,https://img.zeit.de/news/2026-07/30/eu-erschwert-ukrainern-flucht-vor-krieg-was-aendert-sich-image-group/wide__1300x731,2026-07-30T12:42:37Z,,"Fast 4,4 Millionen Menschen aus der Ukraine haben bisher in der Europäischen Union Schutz gefunden. Doch die EU erschwert ukrainischen Männern nun die Flucht vor dem Krieg gegen Russland: Wehrfähige … [+5216 chars]",,de,'Krieg'
https://www.diepresse.com/40377683/iran-krieg-erreicht-das-mittelmeer,https://www.diepresse.com/40377683/iran-krieg-erreicht-das-mittelmeer,0,www.diepresse.com,Iran-Krieg erreicht das Mittelmeer [premium],"Eine Drohne schlägt im ägyptischen Mittelmeerhafen Damietta ein. Die USA fliegen schwere Angriffe im Iran. Chinas Regierung weist Berichte zurück, dass es dem Iran schultergestützte Luftabwehrraketen liefern will.",https://img.diepresse.com/public/incoming/bgtnu2-afpc3ka2g3jpg/alternates/WEBP_WIDE_1200/AFP_C3KA2G3.jpg,2026-07-30T13:47:40Z,,Istanbul. Der Krieg zwischen den USA und dem Iran eskaliert. Der Iran weitet die Kampfzone ans Mittelmeer aus und griff jetzt Schiffe in der ägyptischen Hafenstadt Damietta am nördlichen Ausgang des … [+4915 chars],,de,'Krieg'
https://www.morgenpost.de/politik/article412317251/ukraine-krieg-news-aktuell-flucht-deutschland-maenner-asyl-polen.html,https://www.morgenpost.de/politik/article412317251/ukraine-krieg-news-aktuell-flucht-deutschland-maenner-asyl-polen.html,0,www.morgenpost.de,EU erschwert Flucht vor Krieg: Regeländerung für ukrainische Männer,Wehrfähige Ukrainer erhalten künftig schwerer Asyl. Zudem wurde in der Nacht im polnischen Luftraum ein Flugobjekt gesichtet. Die News im Blog.,https://img.sparknews.funkemedien.de/412720608/412720608_1785421332_v16_9_1600.jpeg,2026-07-30T14:22:13Z,,"Rund 4,4 Millionen Ukrainerinnen und Ukrainer haben seit Beginn des russischen Angriffskriegs Schutz in der EU gefunden. Damit ist nun teilweise Schluss: Die EU macht es wehrfähigen ukrainischen Männ… [+618 chars]",,de,'Krieg'
https://taz.de/EU-erschwert-Ukrainern-Flucht-vor-Krieg/!6200499/,https://taz.de/EU-erschwert-Ukrainern-Flucht-vor-Krieg/!6200499/,0,taz.de,Keine vereinfachte Aufnahme mehr: EU erschwert Ukrainern Flucht vor Krieg,Viele ukrainische Männer wollen nicht im Krieg gegen Russland kämpfen – sie fliehen etwa nach Deutschland. Doch das wird jetzt schwieriger. Was ändert sich?,https://taz.de/picture/8643287/1200/41737030.jpeg,2026-07-30T14:34:00Z,,Viele ukrainische Männer wollen nicht im Krieg gegen Russland kämpfen – sie fliehen etwa nach Deutschland. Doch das wird jetzt schwieriger. Was ändert sich? mehr...,,de,'Krieg'
https://www.nzz.ch/wirtschaft/von-shell-bis-glencore-die-gewinner-des-iran-krieges-stehen-bereits-fest-ld.10017610,https://www.nzz.ch/wirtschaft/von-shell-bis-glencore-die-gewinner-des-iran-krieges-stehen-bereits-fest-ld.10017610,0,www.nzz.ch,Von Shell bis Glencore: Die Gewinner des Iran-Krieges stehen bereits fest,"Öl ist teuer, Diesel noch viel mehr und volatile Preise machen Handelsgeschäfte zur Goldgrube. Die grösste Versorgungskrise des Ölmarktes hat eine sehr profitable Seite.","https://img-msp-prod.nzz.ch/2026/07/30/479fdcee-e879-4499-8a19-851be53c9b01.jpg?width=1200&height=675&fit=bounds&quality=75&auto=webp&crop=5500,3094,x0,y255&wmark=nzz",2026-07-30T14:51:09Z,,"Öl ist teuer, Diesel noch viel mehr und volatile Preise machen Handelsgeschäfte zur Goldgrube. Die grösste Versorgungskrise des Ölmarktes hat eine sehr profitable Seite.
Zusammenfassung
Weil Export… [+5548 chars]",,de,'Öl'
https://www.faz.net/aktuell/finanzen/finanzmarkt/was-fuer-ein-sprung-bei-der-inflation-201080836.html,https://www.faz.net/aktuell/finanzen/finanzmarkt/was-fuer-ein-sprung-bei-der-inflation-201080836.html,0,www.faz.net,Inflation im Juli: Preissprung – aber ohne Spirale?,Das Ende des Tankrabatts zeigt die unverstellte Wirklichkeit der Inflation in Deutschland. Das wird viele Wahlkämpfer nicht freuen.,https://media0.faz.net/image/w1200h627/00db9d85c8a9/w2574h1344x0y176o/202607/43601.0.2307481177/vor-allem-die-spritpreise.webp,2026-07-30T15:07:47Z,,"Von 2,3 auf 2,8 Prozent ist die Inflation in Deutschland im Juli gestiegen. Das ist ein ganz schöner Sprung. Der Hauptgrund ist das Auslaufen des Tankrabatts, der in den Monaten Mai und Juni die Infl… [+1251 chars]",,de,'Inflation'
https://www.dw.com/de/iran-und-ukraine-krieg-ufert-die-krise-aus/a-78175942,https://www.dw.com/de/iran-und-ukraine-krieg-ufert-die-krise-aus/a-78175942,0,www.dw.com,Iran- und Ukraine-Krieg: Ufert die Krise aus?,"Nach dem tödlichen Angriff der Ukraine auf ein iranisches Schiff im Kaspischen Meer eskalieren die Drohgebärden. Hat die Krise das Potenzial, dass sich der Krieg ausweitet?",https://static.dw.com/image/78155865_6.jpg,2026-07-30T15:13:00Z,,"Eine diplomatische Reaktion würde anders klingen. ""Was dieser Schmarotzer in Kiew getan hat, darf nicht unbeantwortet bleiben"", schrieb der iranische Außenminister Abbas Araghtschi auf X. Nach Angabe… [+5860 chars]",,de,'Krieg'
https://www.freitag.de/autoren/torsten-woehlert/kriegsminister-pete-hegseth-will-vom-us-kongress-weitere-65-milliarden-dollar,https://www.freitag.de/autoren/torsten-woehlert/kriegsminister-pete-hegseth-will-vom-us-kongress-weitere-65-milliarden-dollar,0,www.freitag.de,"65 Milliarden: Eine einzige Zahl erklärt, warum der Irankrieg ein Desaster ist für Trump","Seit Monaten eskaliert und deeskaliert die Lage zwischen den USA und Iran. Trump feiert seinen Militäreinsatz als Erfolg. Dabei zeigt ein Ersuchen seines Kriegsministers an den Kongress, wie teuer ihn dieser Krieg wirklich zu stehen kommt Es dauerte nicht lan…",https://www.freitag.de/autoren/torsten-woehlert/kriegsminister-pete-hegseth-will-vom-us-kongress-weitere-65-milliarden-dollar/@@images/image/great,2026-07-30T15:21:00Z,,"Es dauerte nicht lange. Als die Huthi-Milizen am Ausgang des Roten Meeres eine zweite Front im Iran-Krieg eröffneten und den Schiffsverkehr mit Raketenbeschuss zum Erliegen brachten, schwiegen die Wa… [+6566 chars]",,de,'Krieg'
https://www.tagesspiegel.de/berlin/als-berlin-nach-dem-krieg-hungerte-ein-care-paket-das-ein-ganzes-leben-veranderte-15866855.html,https://www.tagesspiegel.de/berlin/als-berlin-nach-dem-krieg-hungerte-ein-care-paket-das-ein-ganzes-leben-veranderte-15866855.html,0,www.tagesspiegel.de,"Als Berlin nach dem Krieg hungerte: Ein Care-Paket, das ein ganzes Leben veränderte","Anita Stapel weiß, wie schrecklich das Leben in Berlin nach dem Krieg war. Für eine Lebensmittelspende während der Schwangerschaft ist sie immer noch dankbar.",https://www.tagesspiegel.de/images/15866875/alternates/BASE_16_9_W1400/1784807436000/anita-stapel2-02-2026.jpeg,2026-07-30T15:21:53Z,,"Als ihr Kind zur Welt kam, war sich Anita Stapel noch sicher: Nie wieder wird jemand einen Krieg beginnen. So etwas Schreckliches, wie die Zeit um das Kriegsende in Deutschland, wird es nie wieder ge… [+54 chars]",,de,'Krieg'
https://www.zeit.de/news/2026-07/31/trump-vereinbarung-zur-entwaffnung-der-hamas-erzielt,https://www.zeit.de/news/2026-07/31/trump-vereinbarung-zur-entwaffnung-der-hamas-erzielt,0,www.zeit.de,Krieg: Trump: Vereinbarung zur Entwaffnung der Hamas erzielt,Hier finden Sie Informationen zu dem Thema „Nahost“. Lesen Sie jetzt „Trump: Vereinbarung zur Entwaffnung der Hamas erzielt“.,https://img.zeit.de/news/2026-07/31/trump-vereinbarung-zur-entwaffnung-der-hamas-erzielt-image-group/wide__1300x731,2026-07-30T22:44:06Z,,Der von den USA initiierte sogenannte Friedensrat hat laut US-Präsident Donald Trump eine Vereinbarung zur «vollständigen Entwaffnung» der islamistischen Hamas im Gazastreifen erzielt. Das sei «ein m… [+3369 chars],,de,'Krieg'
https://www.nzz.ch/feuilleton/der-mittelfinger-in-der-hosentasche-im-von-drohnen-belagerten-moskau-uebt-man-verdraengung-und-es-waechst-der-kollektive-verdruss-ld.10016465,https://www.nzz.ch/feuilleton/der-mittelfinger-in-der-hosentasche-im-von-drohnen-belagerten-moskau-uebt-man-verdraengung-und-es-waechst-der-kollektive-verdruss-ld.10016465,0,www.nzz.ch,"Der Mittelfinger in der Hosentasche – im von Drohnen belagerten Moskau übt man Verdrängung, und es wächst der kollektive Verdruss","In Russland ergeht man sich ob des Krieges in Indifferenz und Fatalismus, dennoch liegen die Nerven blank. Niemand weiss, wie lange das Land noch so weitermachen kann und wie lange die Leute die Misere zu ertragen bereit sind. Doch Putin hat seine Pläne.","https://img-msp-prod.nzz.ch/2026/07/30/a44e1149-4fb2-479a-b2fd-3f08a528a9dc.jpg?width=1200&height=675&fit=bounds&quality=75&auto=webp&crop=8129,4573,x0,y845&wmark=nzz",2026-07-31T03:30:00Z,,"In Russland ergeht man sich ob des Krieges in Indifferenz und Fatalismus, dennoch liegen die Nerven blank. Niemand weiss, wie lange das Land noch so weitermachen kann und wie lange die Leute die Mise… [+10263 chars]",,de,'Krieg'
https://www.derstandard.at/story/3000000333573/inflation-bei-27-prozent-lebensmittel-duerften-wegen-hitze-und-duerre-bald-teurer-werden,https://www.derstandard.at/story/3000000333573/inflation-bei-27-prozent-lebensmittel-duerften-wegen-hitze-und-duerre-bald-teurer-werden,0,www.derstandard.at,"Inflation bei 2,7 Prozent: Lebensmittel dürften wegen Hitze und Dürre bald teurer werden",Die Folgen des Irankriegs halten die Teuerung auf deutlich erhöhtem Niveau. An den Rohstoffmärkten zeichnen sich Preiserhöhungen für Nahrungsmittel ab,https://i.ds.at/atTj7Q/rs:fill:1200:600/plain/lido-images/2026/07/30/9842fafc-ee2c-47a8-93cf-31d99b07086b.jpg,2026-07-31T07:06:22Z,,"Trockenheit, Hitze und Dürre setzen der Landwirtschaft nicht nur in Österreich zu, sondern fast in ganz Europa.
APA/HARALD SCHNEIDER
Die durch den Irankrieg ausgelöste Inflationswelle klingt nur la… [+1009 chars]",,de,'Inflation'
https://www.diepresse.com/40559647/inflation-sinkt-im-juli-auf-2-7-prozent-lebensmittelpreise-bremsen,https://www.diepresse.com/40559647/inflation-sinkt-im-juli-auf-2-7-prozent-lebensmittelpreise-bremsen,0,www.diepresse.com,"Inflation sinkt im Juli auf 2,7 Prozent – Lebensmittelpreise bremsen Teuerung","Seit Anfang Juli greift die von der Regierung eingeführte Mehrwertsteuersenkung auf einige Grundnahrungsmittel, zeigt die aktuelle Schnellschätzung der Statistik Austria.",https://img.diepresse.com/public/incoming/vtdd2j-apaimg004706936hrjpg/alternates/WEBP_WIDE_1200/APAIMG_004706936.HR.jpg,2026-07-31T07:13:51Z,,"Die Presse auf Google als bevorzugte Nachrichtenquelle hinzufügen.
 Die Inflation ist im Juli laut Schnellschätzung der Statistik Austria auf 2,7 Prozent im Vergleich zum Vorjahresmonat gefallen. Im… [+477 chars]",,de,'Inflation'
https://orf.at/stories/3437801/,https://orf.at/stories/3437801/,0,orf.at,Juli-Inflation laut Schnellschätzung gefallen,,https://orf.at/mojo/1_4_1/storyserver//news/common/images/og-fallback-news.png,2026-07-31T07:14:55Z,,"Die Inflation ist im Juli laut Schnellschätzung der Statistik Austria, die heute veröffentlicht wurde, im Vergleich zum Vorjahresmonat auf 2,7 Prozent gefallen. Im Juni war die Inflation im Jahresver… [+426 chars]",,de,'Inflation'
https://www.zeit.de/news/2026-07/31/polen-abgestuerztes-geschoss-war-russische-rakete,https://www.zeit.de/news/2026-07/31/polen-abgestuerztes-geschoss-war-russische-rakete,0,www.zeit.de,Krieg in der Ukraine: Polen: Abgestürztes Geschoss war russische Rakete,Hier finden Sie Informationen zu dem Thema „Krieg in der Ukraine“. Lesen Sie jetzt „Polen: Abgestürztes Geschoss war russische Rakete“.,https://img.zeit.de/news/2026-07/31/polen-abgestuerztes-geschoss-war-russische-rakete-image-group/wide__1300x731,2026-07-31T08:42:20Z,,"Bei einer über Polen abgestürzten Rakete handelt es sich nach Angaben der Regierung in Warschau tatsächlich um einen russischen Marschflugkörper. «Ich habe mit dem Einsatzleiter, General Ireneusz Now… [+928 chars]",,de,'Krieg'
https://www.faz.net/aktuell/finanzen/finanzmarkt/inflation-im-euroraum-steigt-auf-2-9-prozent-accg-201083335.html,https://www.faz.net/aktuell/finanzen/finanzmarkt/inflation-im-euroraum-steigt-auf-2-9-prozent-accg-201083335.html,0,www.faz.net,"Herausforderung für die EZB: Inflation im Euroraum steigt auf 2,9 Prozent",Nicht nur in Deutschland gibt es einen Preissprung. In anderen Ländern erreicht die Inflationsrate noch deutlich höhere Werte. Ist das nur ein vorübergehendes Phänomen?,https://media0.faz.net/image/w1200h627/0867b36b8fbc/w5802h3031x0y418o/202507/43601.0.1128530789/notenbank-in-der-sommerpause.webp,2026-07-31T09:02:19Z,,"Die Inflationsrate im Euroraum belief sich im Juli auf 2,9 Prozent. Das hat das europäische Statistikamt Eurostat in Luxemburg am Freitag aufgrund einer ersten Schätzung mitgeteilt. Im Juni hatte die… [+3965 chars]",,de,'Inflation'
https://www.tagesschau.de/wirtschaft/konjunktur/inflation-eurozone-juli-100.html,https://www.tagesschau.de/wirtschaft/konjunktur/inflation-eurozone-juli-100.html,0,www.tagesschau.de,Verbraucherpreise: Inflation in der Eurozone steigt im Juli leicht,"Inmitten unsicherer wirtschaftlichen Lage steigt die Inflation in der Eurozone im Juli leicht an und liegt nun 2,9 Prozent über den Niveau des Vorjahres. Dabei bleibt sie deutlich unter ihrem Höhepunkt im Frühjahr.",https://images.tagesschau.de/image/578e92e0-c4a6-4826-9882-12c41230a0af/AAABn7d5S9M/AAABnSSvrFg/16x9-big/tankstelle-eu-100.jpg?width=1280,2026-07-31T10:06:36Z,,"Stand: 31.07.2026 12:06 Uhr
Inmitten unsicherer wirtschaftlichen Lage steigt die Inflation in der Eurozone im Juli leicht an und liegt nun 2,9 Prozent über den Niveau des Vorjahres. Dabei bleibt sie… [+1126 chars]",,de,'Inflation'
https://www.zeit.de/news/2026-07/31/bayern-nationalspielerin-kett-mehrere-wochen-verletzt,https://www.zeit.de/news/2026-07/31/bayern-nationalspielerin-kett-mehrere-wochen-verletzt,0,www.zeit.de,Sprunggelenkblessur: Bayern-Nationalspielerin Kett «mehrere Wochen» verletzt,Hier finden Sie Informationen zu dem Thema „Sprunggelenkblessur“. Lesen Sie jetzt „Bayern-Nationalspielerin Kett «mehrere Wochen» verletzt“.,https://img.zeit.de/news/2026-07/31/bayern-nationalspielerin-kett-mehrere-wochen-verletzt-image-group/wide__1300x731,2026-07-31T13:28:05Z,,Fußball-Nationalspieler Franziska Kett hat sich eine Sprunggelenksverletzung zugezogen und wird dem FC Bayern München damit zum Saisonstart fehlen. Die Verteidigerin erlitt die Blessur am Donnerstag … [+896 chars],,de,'Bayern'
https://www.telepolis.de/article/Wie-Europa-seine-LNG-Abhaengigkeit-eindaemmen-kann-11384927.html,https://www.telepolis.de/article/Wie-Europa-seine-LNG-Abhaengigkeit-eindaemmen-kann-11384927.html,0,www.telepolis.de,Wie Europa seine LNG-Abhängigkeit eindämmen kann,"Bis 2030 könnte die EU mit Erneuerbaren doppelt so viel Gas einsparen, wie sie derzeit aus Katar importiert. Doch ausgerechnet der Strompreis bremst.",https://heise.cloudimg.io/bound/1200x1200/q85.png-lossy-85.webp-lossy-85.foil1/_www-heise-de_/imgs/18/5/1/2/8/7/5/3/gaspeicherneu-detail-e4e1fb38fd8b42ea.jpg,2026-07-31T14:00:00Z,,"Bis 2030 könnte die EU mit Erneuerbaren doppelt so viel Gas einsparen, wie sie derzeit aus Katar importiert. Doch ausgerechnet der Strompreis bremst.
Europas Gasspeicher sind vor dem Winter nur unzu… [+5071 chars]",,de,'Abhängigkeit'
https://www.faz.net/aktuell/wirtschaft/unternehmen/bp-verkauft-nordsee-oelfelder-was-steckt-dahinter-201084257.html,https://www.faz.net/aktuell/wirtschaft/unternehmen/bp-verkauft-nordsee-oelfelder-was-steckt-dahinter-201084257.html,0,www.faz.net,Nach 60 Jahren: BP zieht sich aus Nordsee zurück und verkauft Ölquellen,Mit BP fing die Ölförderung in der britischen Nordsee in den 1960er-Jahren an. Nun zieht sich der Konzern zurück. Auch andere finden die Nordsee nicht mehr so attraktiv. Das liegt auch an einer hohen Sondersteuer.,https://media0.faz.net/image/w1200h627/32b0a77df92e/w3869h2021x193y405o/202407/43601.0.513975833/in-der-nordsee-bp-bohrinsel.webp,2026-07-31T16:04:14Z,,Der britische Energiekonzern BP will sich nach mehr als sechs Jahrzehnten aus der Öl- und Gasförderung in der Nordsee zurückziehen und stellt seine dortigen Aktivitäten zum Verkauf. Vorstandschefin M… [+3457 chars],,de,'Öl'
