topic,sentiment_mean,sentiment_std,subjectivity_mean,subjectivity_std,counting
Energiepolitik,0.006091969979183049,1.0092442125071681,-0.09554268885223122,0.9119196983950063,4462.0
Energietransitionen,0.01822441043206188,0.9907059194949773,0.07716284948727624,1.0782268435469422,3834.0
Krise,0.07776688154130838,0.9639793841290221,0.1024973150332191,1.077548283735746,3104.0
Russland,-0.09851016323752017,0.98929852130358,-0.07780091438353831,0.9046299102311617,3543.0
Winter,0.0069854392034316435,1.0287697009918568,0.05961654638184985,1.0148692263954167,1606.0
