topic,sentiment_mean,sentiment_std,subjectivity_mean,subjectivity_std,counting
Energiepolitik,0.005604002283943896,1.0080994062833468,-0.09583575781366437,0.9097606129653275,4403.0
Energietransitionen,0.018121880532371605,0.9919149579469976,0.07667218559804549,1.077190323226781,3815.0
Krise,0.07673817199746158,0.9617957714378369,0.10400013793108932,1.0788647920354022,3080.0
Russland,-0.09696007448986421,0.9915574154145056,-0.07863466242300413,0.9049310036439423,3519.0
Winter,0.0073329848011579706,1.0291157517153093,0.05916725333481249,1.017787816793483,1582.0
