topic,sentiment_mean,sentiment_std,subjectivity_mean,subjectivity_std,counting
Energiepolitik,-0.003325710747782933,1.0030650614510397,-0.0961430880443413,0.9132689491047605,2846.0
Energietransitionen,0.010641167189170643,0.995424758538543,0.058491773107959125,1.0543338568098088,3124.0
Krise,0.08444955327970435,0.970204378984493,0.11296053004125875,1.0870045534382236,2452.0
Russland,-0.08670167589433045,0.972811215941309,-0.0895013429081129,0.8921957130789651,2529.0
Winter,-0.0070470955618920535,1.0545738933337674,0.03904070746431471,1.0004482663993055,1120.0
