topic,sentiment_mean,sentiment_std,subjectivity_mean,subjectivity_std,counting
Energiepolitik,0.0006767311763422201,1.0076369325874928,-0.0941507232349172,0.9208581555019721,3929.0
Energietransitionen,0.02359133811582141,0.999017169820155,0.0719723909045364,1.0698303175684825,3624.0
Krise,0.07289286961122414,0.9652530687382974,0.11273871100645147,1.0845217907256273,2972.0
Russland,-0.09393677520442852,0.982498433775494,-0.09004582995435455,0.8791102329143334,3239.0
Winter,0.0023813628058033573,1.0310212850246203,0.05263373240417002,1.0225786427381027,1358.0
