topic,sentiment_mean,sentiment_std,subjectivity_mean,subjectivity_std,counting
Energiepolitik,-0.040765831997720145,0.971158233070862,-0.09285194330857767,0.9423020951337798,522.0
Energietransitionen,0.01476453058288647,1.0006778333320623,0.00841543970540033,1.0046560247235916,1747.0
Krise,0.06320376807745519,0.9773839710688649,0.10262436804222627,1.0395252615153292,979.0
Russland,-0.06632358995603108,0.9628064710566525,-0.09599535704469646,0.9279452774132487,794.0
Winter,-0.019501207144566518,1.0122942813061846,0.01856733519204066,0.9627947986358766,573.0
