topic,sentiment_mean,sentiment_std,subjectivity_mean,subjectivity_std,counting
Energiepolitik,0.0012518868981331722,1.0083216445617993,-0.09455265099147657,0.9140570634261732,4341.0
Energietransitionen,0.016519695406582935,0.994686095610804,0.077135320836463,1.0790044050434833,3750.0
Krise,0.07343945096089564,0.9655094174748166,0.1066130362489481,1.0768088172540429,3041.0
Russland,-0.0900616094922274,0.985256531253197,-0.08376593715816695,0.8967836520401732,3415.0
Winter,0.011634673819981239,1.0312343120128697,0.06039074813384828,1.0188781006411811,1504.0
