topic,sentiment_mean,sentiment_std,subjectivity_mean,subjectivity_std,counting
Energiepolitik,-0.00032916119311503456,1.005191912241734,-0.0896495810966537,0.9273486854377262,3729.0
Energietransitionen,0.02107903093644097,0.9938373679015183,0.06982055342688231,1.0620967852540386,3490.0
Krise,0.07675504795022009,0.9668412808967825,0.10664172401326462,1.076639340778136,2807.0
Russland,-0.09486556227627518,0.9814714591683229,-0.09254312817869498,0.8801503979116423,3001.0
Winter,0.0005199287548071874,1.0452823077176674,0.0573597757060055,1.0348484270397966,1287.0
