topic,sentiment_mean,sentiment_std,subjectivity_mean,subjectivity_std,counting
Energiepolitik,-0.0016511033831353673,1.0053662838116793,-0.09525117464286625,0.9165390269641972,3788.0
Energietransitionen,0.023832803189134805,0.9930812996563647,0.07486226843125435,1.0738619203765196,3543.0
Krise,0.0790028659130108,0.9659027311096189,0.10879145432570773,1.0801599183223844,2915.0
Russland,-0.09610520591531468,0.9859506054638622,-0.0891873680217129,0.8819918848506254,3180.0
Winter,0.000955424686416522,1.0420899606937692,0.05205448989265712,1.0243041121640948,1309.0
