topic,sentiment_mean,sentiment_std,subjectivity_mean,subjectivity_std,counting
Energiepolitik,-0.0030986653425240976,1.0037979130630492,-0.08892408696473414,0.9274453550257686,3699.0
Energietransitionen,0.022945705337471353,0.9934625986154602,0.0689013303481979,1.061170571281251,3447.0
Krise,0.07727019739227368,0.9679126778913265,0.1054916687678313,1.0757347697190622,2786.0
Russland,-0.09467048877210232,0.9817971180915339,-0.09193031762595315,0.8820302285373747,2964.0
Winter,0.0011594585987254708,1.047184208605519,0.05894858276338294,1.03600207872761,1269.0
