topic,sentiment_mean,sentiment_std,subjectivity_mean,subjectivity_std,counting
Energiepolitik,-0.01338452560122097,1.0069673947658961,-0.08639880981054097,0.9328361471883672,3306.0
Energietransitionen,0.015211760303211388,0.9959433995674968,0.06129046479112101,1.0508565944154298,3256.0
Krise,0.08469196813753295,0.9684678306734276,0.10637080280632923,1.0823477728851738,2596.0
Russland,-0.08139139720224513,0.9733933612176646,-0.08911241694860594,0.8883692510940152,2682.0
Winter,-0.003034717340860288,1.0488167550861165,0.045575034828338204,1.0071435463312013,1152.0
