topic,sentiment_mean,sentiment_std,subjectivity_mean,subjectivity_std,counting
Energiepolitik,-0.008767761519914392,1.0166169561002547,-0.1025914632774536,0.9031773037455476,2502.0
Energietransitionen,0.003762433000190941,0.9904327701484996,0.054796590113500854,1.054132358900733,2938.0
Krise,0.09130425047394561,0.9677521478771246,0.11074924693127543,1.0776333640538023,2220.0
Russland,-0.07599146591601894,0.964642117774343,-0.0845828000702752,0.9002603094926688,2151.0
Winter,-0.02210475405263302,1.0478505624020007,0.03198698226763881,0.9991979868639126,1067.0
