topic,sentiment_mean,sentiment_std,subjectivity_mean,subjectivity_std,counting
Energiepolitik,-0.01636232327988234,1.0118169651850653,-0.0966455567405768,0.9221909435851945,1902.0
Energietransitionen,0.011532428757411749,0.9977425924944812,0.0417155148240846,1.0418102277334307,2694.0
Krise,0.08318974491174655,0.9633330331801786,0.11570750419475916,1.0804291912199975,1931.0
Russland,-0.07101609975140824,0.9630123459336699,-0.08720237453073088,0.8862732303935538,1855.0
Winter,-0.023880833870776892,1.0452952562710274,0.012583254441484157,0.978303516071612,998.0
