topic,sentiment_mean,sentiment_std,subjectivity_mean,subjectivity_std,counting
Energiepolitik,-0.0034022344771127986,1.001991663091735,-0.08824853056266924,0.9273218063026768,3665.0
Energietransitionen,0.02205852511769265,0.9952582398308165,0.06593107562713173,1.0569298400840519,3407.0
Krise,0.07911292734712733,0.9676685268850941,0.11328555136356368,1.087093672281089,2739.0
Russland,-0.09438055090056291,0.9805389763602068,-0.09159573646751679,0.8825066575292888,2917.0
Winter,-0.00020623946616545532,1.0499978214062018,0.048376536063583386,1.0204276275546607,1245.0
