topic,sentiment_mean,sentiment_std,subjectivity_mean,subjectivity_std,counting
Energiepolitik,-0.0079269840986621,1.0133053451280642,-0.09886395798194668,0.9151864729832724,2340.0
Energietransitionen,0.0048706146640777005,0.9921789466594828,0.05271332981208851,1.0519517640814005,2841.0
Krise,0.0852807780072601,0.970151053906079,0.11053414475128051,1.0720471479383997,2101.0
Russland,-0.07226351454093985,0.9649283121420762,-0.0865012242518024,0.8940560157059952,2051.0
Winter,-0.02046003547289022,1.0436674547073932,0.02767056413406134,0.9969990453186018,1049.0
