topic,sentiment_mean,sentiment_std,subjectivity_mean,subjectivity_std,counting
Energiepolitik,-0.010636337463639477,1.0074904663011404,-0.08526768196120532,0.9354517736286968,3438.0
Energietransitionen,0.016499413780907926,0.9934525984684531,0.06288352940554742,1.0541735226466862,3306.0
Krise,0.08288706757169904,0.969610511903022,0.10458245882794963,1.079518439694021,2663.0
Russland,-0.08406141787977484,0.9750070981386325,-0.08824450861709926,0.8864843845821654,2723.0
Winter,-0.005449595990475314,1.0485178371445238,0.04291509038193884,1.0041014175339813,1180.0
