topic,sentiment_mean,sentiment_std,subjectivity_mean,subjectivity_std,counting
Energiepolitik,-0.009216717484404703,1.0067855675491124,-0.08800616079225605,0.9266998466137656,3106.0
Energietransitionen,0.012386354651461363,0.9927603377784094,0.06138359038992148,1.0515203686010863,3202.0
Krise,0.08528587429090924,0.9705775499205174,0.10546094897587753,1.0839690492601854,2539.0
Russland,-0.08294155564793886,0.9748373015448711,-0.08762636302135572,0.8930309505957992,2651.0
Winter,-0.0035160555882392053,1.0502921761252262,0.03948886772172497,1.001404087630584,1138.0
