topic,sentiment_mean,sentiment_std,subjectivity_mean,subjectivity_std,counting
Energiepolitik,-0.024791923580826165,1.0059775898346854,-0.08891147169632015,0.9349044737017261,1728.0
Energietransitionen,0.011857555712713557,0.9963154194321424,0.03197036249813089,1.032138119532429,2630.0
Krise,0.08489310253047828,0.9654151838388477,0.1133058066610509,1.0727983642783434,1849.0
Russland,-0.06763034970921193,0.9703286479124962,-0.08314677131411619,0.896913227888047,1736.0
Winter,-0.02362879402201624,1.0397458948218679,0.0072098995971078775,0.9707354096468015,969.0
