topic,sentiment_mean,sentiment_std,subjectivity_mean,subjectivity_std,counting
Energiepolitik,-0.02481558423308128,0.9632262923265601,-0.08340150455983875,0.9727786685723719,242.0
Energietransitionen,0.023766579869517097,0.9819196685506412,0.0409899744186467,1.0172077350926045,985.0
Krise,0.023658061676526697,0.9664732949292806,0.04619454227751941,1.0146696487923108,554.0
Russland,-0.05309326883016009,0.9652207892812064,-0.11212225158623736,0.8661844005805924,472.0
Winter,-0.010547578350725046,1.0491452537637889,0.02775760505063526,0.982710869278248,319.0
