topic,sentiment_mean,sentiment_std,subjectivity_mean,subjectivity_std,counting
Energiepolitik,-0.011569531163660067,0.9754687054067168,-0.10009689225211393,0.9456081159339057,260.0
Energietransitionen,0.013306717326623857,0.9859404863080945,0.034653289108433766,1.015045636406301,1067.0
Krise,0.045855821730202424,0.9621893032826025,0.09738481117240338,1.072232758551724,618.0
Russland,-0.061310868330572095,0.9804610312899913,-0.13685246860089206,0.826763738526929,557.0
Winter,-0.009636574548785172,1.019754632926236,0.020139665211909238,0.9625986530030715,357.0
