topic,sentiment_mean,sentiment_std,subjectivity_mean,subjectivity_std,counting
Energiepolitik,-0.010154832256380052,1.0139467772946404,-0.10199682885439819,0.9088835564755642,2371.0
Energietransitionen,0.003585971429812631,0.9932766384900356,0.05328845666815229,1.053292146029218,2898.0
Krise,0.09022542115179452,0.9703384296366023,0.10863487757713595,1.075504201963785,2196.0
Russland,-0.07561827766074479,0.9634760415090016,-0.08683794003358115,0.8897186233467514,2072.0
Winter,-0.021755571545981272,1.042925178748334,0.029391430144142222,0.9998358157286568,1054.0
