topic,sentiment_mean,sentiment_std,subjectivity_mean,subjectivity_std,counting
Energiepolitik,-0.00467592286496654,1.0098470571312252,-0.09404683320330938,0.919527002922766,2674.0
Energietransitionen,0.003795661341520424,0.9924963994471413,0.060226430450783505,1.0572897123182372,3021.0
Krise,0.08689978157004928,0.9748139925067854,0.1031583919876681,1.0718231218885863,2309.0
Russland,-0.07690006145478472,0.9643186641530134,-0.0890392587139709,0.8897644836215307,2297.0
Winter,-0.01797128976455777,1.0497638363249595,0.03621125564814771,1.0044363383130204,1076.0
