topic,sentiment_mean,sentiment_std,subjectivity_mean,subjectivity_std,counting
Energiepolitik,-0.009652257128212703,1.0064328430213423,-0.09870677103760636,0.9160014157458349,2119.0
Energietransitionen,0.00899045953264177,0.9949407198461225,0.04330832481296764,1.0406669854516506,2760.0
Krise,0.08697777911861497,0.9748484729637201,0.11172194871801946,1.0755126734273985,2025.0
Russland,-0.0757582715891344,0.9612324546829618,-0.0779675436023316,0.9064173275832359,1940.0
Winter,-0.027850864338660485,1.044906690460826,0.01614887141074278,0.9843471779574576,1031.0
