topic,sentiment_mean,sentiment_std,subjectivity_mean,subjectivity_std,counting
Energiepolitik,0.007126017450357055,1.0120421565556454,-0.09622991916683564,0.9093451816638768,4586.0
Energietransitionen,0.01613030444900009,0.9905865017395523,0.07648966685425299,1.0760429336788393,3917.0
Krise,0.08016698904634327,0.9645892417073497,0.09990482890855336,1.0750173897768105,3168.0
Russland,-0.09866142586838988,0.986863855417472,-0.08001382889184265,0.8976626775987302,3671.0
Winter,0.007750111611905546,1.0248949891745571,0.07576226572502201,1.0479717277598366,1673.0
