topic,sentiment_mean,sentiment_std,subjectivity_mean,subjectivity_std,counting
Energiepolitik,-0.008802180363461132,1.0108414981360334,-0.09973724298951686,0.9068170856232742,2579.0
Energietransitionen,0.0057271124879677855,0.9910674468330576,0.05733456214980271,1.0554936421512215,2965.0
Krise,0.09152393027411437,0.9722116157914469,0.10938144090058334,1.0762001069281446,2276.0
Russland,-0.0791687469671819,0.9657233195601007,-0.08792980315406748,0.8961363853477059,2220.0
Winter,-0.02027681635156603,1.0500436069151151,0.033688538127853156,1.0041861443652158,1073.0
