topic,sentiment_mean,sentiment_std,subjectivity_mean,subjectivity_std,counting
Energiepolitik,-0.0007576408993533308,1.0066185965591488,-0.09016278006090156,0.9260059406552376,4217.0
Energietransitionen,0.018146654210178245,0.9977647904846031,0.07335148410781073,1.0690871245832259,3709.0
Krise,0.07262072810270005,0.9679313971474117,0.1113350913414498,1.0856695532586318,3011.0
Russland,-0.08712126429387089,0.9797738540521186,-0.08859552902331101,0.8843874777919487,3329.0
Winter,0.005421572525968992,1.0368749705425202,0.05206226131711997,1.0124409669002408,1449.0
