topic,sentiment_mean,sentiment_std,subjectivity_mean,subjectivity_std,counting
Energiepolitik,-0.01185508468580016,1.008219492387218,-0.09618091460694572,0.9181991992884342,2216.0
Energietransitionen,0.008758122210514157,0.9931308354359754,0.04818997208720973,1.048190214091238,2795.0
Krise,0.08473436661753338,0.9730787528929032,0.10958315518289541,1.070213023329545,2081.0
Russland,-0.07141689780365765,0.9682210689136898,-0.08432220514661082,0.8989608981095617,2004.0
Winter,-0.025673440474190293,1.0401216368975998,0.02073601968037425,0.9893585668588789,1038.0
