topic,sentiment_mean,sentiment_std,subjectivity_mean,subjectivity_std,counting
Energiepolitik,0.08304475628300736,0.8251337952169882,-0.19529250921211116,0.7792606331484291,59.0
Energietransitionen,-0.025168457214449887,0.9825375530310837,0.028335698134968196,0.9893336525619465,467.0
Krise,0.07960243167149293,0.9509062182571715,-0.0010923477287401097,0.9884724644481885,196.0
Russland,-0.06658532573575014,0.9211376590827395,-0.08362341079871577,0.8816183392653104,162.0
Winter,0.039338322906083474,1.052166067407529,0.12397418036404535,1.0266363922186954,111.0
