topic,sentiment_mean,sentiment_std,subjectivity_mean,subjectivity_std,counting
Energiepolitik,-0.003808820426903215,1.0035901158050535,-0.09517930503430112,0.915652182132914,2812.0
Energietransitionen,0.007780053420832848,0.9961399840960571,0.05822222062281204,1.0564158612097871,3081.0
Krise,0.08578646571334927,0.9715916173232074,0.11187426322279244,1.0885839882695616,2416.0
Russland,-0.08406823849180206,0.97035714659704,-0.09221446421699626,0.8787517070112668,2464.0
Winter,-0.008534788649134789,1.0530850101740548,0.04465925056115318,1.008427581792162,1094.0
