topic,sentiment_mean,sentiment_std,subjectivity_mean,subjectivity_std,counting
Energiepolitik,-0.004057036016907526,1.0070420740998383,-0.09503770610526222,0.9143215721723533,2779.0
Energietransitionen,0.004141353625663319,0.9942342506236205,0.05741571174072376,1.0549057390217993,3062.0
Krise,0.08525773310391781,0.9704976579106137,0.11084063472272,1.0871510773762056,2382.0
Russland,-0.07890774211885238,0.9678335954523559,-0.09055132803197809,0.8837982523574943,2369.0
Winter,-0.012372851506290567,1.0556555951287896,0.03920240344587464,1.0030435708296592,1083.0
