topic,sentiment_mean,sentiment_std,subjectivity_mean,subjectivity_std,counting
Energiepolitik,-0.033924937622163344,0.9615215943618186,-0.06998686725219788,0.9798387043510981,367.0
Energietransitionen,0.013375028089185928,0.9960152152579571,0.02724374864199614,1.0159035119845692,1155.0
Krise,0.06309266678059798,0.9554740333010245,0.11015588135046511,1.0618774082914004,667.0
Russland,-0.05910478909155172,0.979248325510933,-0.13525671572819792,0.8357908997126301,598.0
Winter,-0.021082664014186275,1.024475172754789,0.009745534422631586,0.9556110888141222,387.0
