topic,sentiment_mean,sentiment_std,subjectivity_mean,subjectivity_std,counting
Energiepolitik,0.0070368511702255734,1.0102520585647525,-0.09549951723001135,0.9137184422872529,4540.0
Energietransitionen,0.01784092491985394,0.9905426324040089,0.0777878452634219,1.0769363543634627,3854.0
Krise,0.08099039662289924,0.9640593103354538,0.09905109816968004,1.073207886454159,3123.0
Russland,-0.09976546392979244,0.9886564576257644,-0.07705289227959954,0.9029814113428144,3570.0
Winter,0.001951934230899588,1.0262331811932064,0.06580487363300705,1.0285050387002057,1633.0
