topic,sentiment_mean,sentiment_std,subjectivity_mean,subjectivity_std,counting
Energiepolitik,-0.008459141109954469,1.0034645080086344,-0.0927030448456838,0.9177735343066101,2921.0
Energietransitionen,0.011960062954198826,0.9953741323420713,0.06023812128072792,1.054775507217157,3136.0
Krise,0.08604178420283133,0.9704590928880722,0.1059017174935872,1.0804536176637283,2512.0
Russland,-0.0846939993006943,0.973409528682361,-0.08687865843859816,0.8972719362765142,2581.0
Winter,-0.005873589591069092,1.0540496409713787,0.038949426883700795,1.0006533354150504,1120.0
