topic,sentiment_mean,sentiment_std,subjectivity_mean,subjectivity_std,counting
Energiepolitik,-0.0013085287215590657,1.0051775689526512,-0.0929062454572949,0.9217133965813624,4025.0
Energietransitionen,0.022199438964726235,0.9986870538341361,0.07241666559155988,1.0702247321500684,3646.0
Krise,0.07252632165063416,0.9700419604532685,0.11340629661940306,1.0875633813236558,2996.0
Russland,-0.09211880088114827,0.9792874650687357,-0.08876484877728803,0.8805382149717095,3257.0
Winter,0.005341834813937612,1.0344988903326018,0.046707459911565205,1.0132421545318442,1413.0
