topic,sentiment_mean,sentiment_std,subjectivity_mean,subjectivity_std,counting
Energiepolitik,0.00098800065143944,1.003976599464799,-0.09448159823175029,0.9161815408346158,3758.0
Energietransitionen,0.02377325917238429,0.9922956916319264,0.07397312203638753,1.0737838494406204,3512.0
Krise,0.07698195108292702,0.9643465671211128,0.1078003578485365,1.079466420331579,2877.0
Russland,-0.09789470044288476,0.9878956243101552,-0.08921841631554864,0.8817869083334802,3102.0
Winter,-0.000777075595207053,1.04507514828833,0.051755856635718134,1.0248767303159663,1304.0
