topic,sentiment_mean,sentiment_std,subjectivity_mean,subjectivity_std,counting
Energiepolitik,-0.019531389997477985,1.0076580073552874,-0.09502148049959665,0.924152106677603,1858.0
Energietransitionen,0.010247003537696519,0.9963146391213581,0.03756329803169304,1.0368997610943778,2654.0
Krise,0.08354714421174822,0.965703716148529,0.11517016306921954,1.0784571060781565,1885.0
Russland,-0.06636213855893708,0.9673953526981018,-0.08221208584432999,0.8950377906185985,1788.0
Winter,-0.025147202263540936,1.0428749845962815,0.009654280141669868,0.9755249396866796,983.0
