topic,sentiment_mean,sentiment_std,subjectivity_mean,subjectivity_std,counting
Energiepolitik,-0.010565426139673111,1.0044582469308354,-0.09204658610122977,0.9188515587596492,3013.0
Energietransitionen,0.013935093823486339,0.9930449186565772,0.06091212653784566,1.05352193089864,3176.0
Krise,0.08589899577581687,0.9701790581135024,0.10503540861088512,1.0821295230409163,2533.0
Russland,-0.08446026507717862,0.9774127946923038,-0.08591371655760438,0.8977275835668653,2614.0
Winter,-0.0048875839334677085,1.049980650993497,0.040542249081563876,1.002199675908396,1135.0
