topic,sentiment_mean,sentiment_std,subjectivity_mean,subjectivity_std,counting
Energiepolitik,-0.000465488409085986,1.0101614986581482,-0.09059206333393285,0.92405478048712,4307.0
Energietransitionen,0.017550977329317666,0.9957801776584456,0.07385680666523389,1.0707124730060138,3725.0
Krise,0.07251705435387346,0.9677918191743271,0.10906269170392376,1.082485097683906,3026.0
Russland,-0.0868808330353496,0.9780794420153118,-0.08969538194852335,0.8850058400737398,3343.0
Winter,0.005608759695461781,1.0350040879815263,0.06264861289145802,1.0216441457958048,1478.0
