topic,sentiment_mean,sentiment_std,subjectivity_mean,subjectivity_std,counting
Energiepolitik,-0.0014908053954373083,1.0050291013036121,-0.09543896715047827,0.916888713427542,3858.0
Energietransitionen,0.02379643683009199,1.001225990197162,0.07380431301909438,1.071987046445345,3595.0
Krise,0.07830548671599402,0.9614048953779125,0.110780251174766,1.081999150119073,2940.0
Russland,-0.09689266585039759,0.9821627457171181,-0.08988104750425939,0.880932446872417,3220.0
Winter,0.00459861647392475,1.0399782892801934,0.05471373604107292,1.0279733963510125,1327.0
