topic,sentiment_mean,sentiment_std,subjectivity_mean,subjectivity_std,counting
Energiepolitik,-0.011993870380500753,1.0080647995049175,-0.08339086999713499,0.9373659158634593,3177.0
Energietransitionen,0.013729973615984445,0.9932096079886747,0.06177074171707814,1.0509244124078492,3219.0
Krise,0.08665976838132083,0.9700321302666298,0.10362271292423048,1.0806739701430341,2560.0
Russland,-0.08267815763644067,0.97355635122667,-0.09056019599593422,0.8867772230833982,2670.0
Winter,-0.003038478104421456,1.0493730924318534,0.04035958806261917,1.0004898099906867,1146.0
