topic,sentiment_mean,sentiment_std,subjectivity_mean,subjectivity_std,counting
Energiepolitik,-0.0002118862799680166,1.0099486310301604,-0.09089977602672884,0.9271435110628148,4119.0
Energietransitionen,0.02174956436501044,0.996386440474301,0.07286971193765678,1.0691871061325215,3669.0
Krise,0.07426400333138841,0.9688503585538218,0.11325236204009013,1.0882976324908047,3000.0
Russland,-0.0923236612808978,0.9772223247373469,-0.09170228385727845,0.8750337121375347,3289.0
Winter,0.0017058472405453613,1.0327866171484106,0.053043144147129934,1.0156862339147434,1428.0
