topic,sentiment_mean,sentiment_std,subjectivity_mean,subjectivity_std,counting
Energiepolitik,-0.03653023182387713,0.9080968807295084,-0.07153834581276729,0.9376419213214449,152.0
Energietransitionen,0.02242540480871388,0.9884398271309334,0.04041802741526908,1.0204039854640556,853.0
Krise,0.010661243778600026,0.9427048927282553,0.052236037003857386,1.0369932606650194,479.0
Russland,-0.05680134042585535,0.9831578534281702,-0.12162358871584202,0.8557636821460135,365.0
Winter,0.013912211733252555,1.0604330751288678,-0.012492847518801488,0.9108665313541429,239.0
