topic,sentiment_mean,sentiment_std,subjectivity_mean,subjectivity_std,counting
Energiepolitik,0.007844499254166033,1.0095670020076601,-0.09554317323293986,0.9128693386667238,4551.0
Energietransitionen,0.01733889875932197,0.9908583801128602,0.0776566165591713,1.0761942777903315,3889.0
Krise,0.07874359278587571,0.9643626254589925,0.09771826275784623,1.073825456985961,3145.0
Russland,-0.09900921406376453,0.9888994934316803,-0.07759233473468112,0.9004959892980473,3647.0
Winter,0.006623729349222234,1.0274905358045434,0.07081347726125146,1.037736691173483,1642.0
