topic,sentiment_mean,sentiment_std,subjectivity_mean,subjectivity_std,counting
Energiepolitik,0.0022169198046744494,1.0065535382268667,-0.09589414947098272,0.9105930747573105,4359.0
Energietransitionen,0.018962110327770704,0.9930917536538169,0.07744460322568276,1.078163234829998,3786.0
Krise,0.07849432671554295,0.9636819150164758,0.10444780486568818,1.0777059118108103,3067.0
Russland,-0.09690398971203984,0.9921377810554747,-0.08048658231901,0.9026144335192823,3496.0
Winter,0.011165380959922139,1.0263674180400446,0.060733500222746366,1.01881292680366,1542.0
